Time,Charge of the electric vehicle (PV System) 
,kWh
01.01. 00:00,0
01.01. 01:00,0
01.01. 02:00,0
01.01. 03:00,0
01.01. 04:00,0
01.01. 05:00,0
01.01. 06:00,0
01.01. 07:00,0
01.01. 08:00,0
01.01. 09:00,6.8963
01.01. 10:00,49.566
01.01. 11:00,32.43082
01.01. 12:00,21.835
01.01. 13:00,0
01.01. 14:00,0
01.01. 15:00,0
01.01. 16:00,0
01.01. 17:00,0
01.01. 18:00,0
01.01. 19:00,73.347
01.01. 20:00,73.402
01.01. 21:00,30.445
01.01. 22:00,7.4998
01.01. 23:00,7.8914
02.01. 00:00,7.8911
02.01. 01:00,7.8909
02.01. 02:00,7.8906
02.01. 03:00,7.8904
02.01. 04:00,7.8901
02.01. 05:00,7.8898
02.01. 06:00,7.8896
02.01. 07:00,32.681
02.01. 08:00,0
02.01. 09:00,43.632
02.01. 10:00,80.80829
02.01. 11:00,67.57756
02.01. 12:00,46.224
02.01. 13:00,22.002
02.01. 14:00,16.806
02.01. 15:00,0
02.01. 16:00,0
02.01. 17:00,0
02.01. 18:00,45.976
02.01. 19:00,73.367
02.01. 20:00,61.234
02.01. 21:00,0
02.01. 22:00,0
02.01. 23:00,0
03.01. 00:00,0
03.01. 01:00,0
03.01. 02:00,0
03.01. 03:00,0
03.01. 04:00,0
03.01. 05:00,0
03.01. 06:00,73.401
03.01. 07:00,73.402
03.01. 08:00,0
03.01. 09:00,27.1811
03.01. 10:00,47.37068
03.01. 11:00,62.707
03.01. 12:00,27.055
03.01. 13:00,0
03.01. 14:00,0
03.01. 15:00,0
03.01. 16:00,0
03.01. 17:00,0
03.01. 18:00,52.705
03.01. 19:00,73.383
03.01. 20:00,55.043
03.01. 21:00,0
03.01. 22:00,0
03.01. 23:00,0
04.01. 00:00,0
04.01. 01:00,0
04.01. 02:00,0
04.01. 03:00,0
04.01. 04:00,0
04.01. 05:00,73.151
04.01. 06:00,73.402
04.01. 07:00,73.403
04.01. 08:00,0
04.01. 09:00,69.455
04.01. 10:00,33.4801
04.01. 11:00,34.0185
04.01. 12:00,16.745
04.01. 13:00,16.871
04.01. 14:00,6.9001
04.01. 15:00,0
04.01. 16:00,22.001
04.01. 17:00,0
04.01. 18:00,0
04.01. 19:00,7.5521
04.01. 20:00,8.0649
04.01. 21:00,8.0647
04.01. 22:00,8.0645
04.01. 23:00,8.0643
05.01. 00:00,8.0641
05.01. 01:00,8.064
05.01. 02:00,8.0638
05.01. 03:00,70.486
05.01. 04:00,71.457
05.01. 05:00,73.226
05.01. 06:00,73.402
05.01. 07:00,73.403
05.01. 08:00,0
05.01. 09:00,37.30056
05.01. 10:00,77.01
05.01. 11:00,49.787
05.01. 12:00,8.3142
05.01. 13:00,0
05.01. 14:00,0
05.01. 15:00,0
05.01. 16:00,0
05.01. 17:00,0
05.01. 18:00,52.702
05.01. 19:00,73.372
05.01. 20:00,73.34
05.01. 21:00,9.7048
05.01. 22:00,8.168
05.01. 23:00,7.6479
06.01. 00:00,7.5888
06.01. 01:00,7.5699
06.01. 02:00,7.5519
06.01. 03:00,7.5512
06.01. 04:00,7.5511
06.01. 05:00,7.551
06.01. 06:00,8.0641
06.01. 07:00,8.0638
06.01. 08:00,8.0636
06.01. 09:00,6.8986
06.01. 10:00,46.262
06.01. 11:00,50.56197
06.01. 12:00,73.405
06.01. 13:00,73.407
06.01. 14:00,6.0343
06.01. 15:00,0
06.01. 16:00,0
06.01. 17:00,0
06.01. 18:00,0
06.01. 19:00,0
06.01. 20:00,0
06.01. 21:00,0
06.01. 22:00,0
06.01. 23:00,0
07.01. 00:00,0
07.01. 01:00,0
07.01. 02:00,0
07.01. 03:00,0
07.01. 04:00,0
07.01. 05:00,0
07.01. 06:00,0
07.01. 07:00,0
07.01. 08:00,0
07.01. 09:00,0
07.01. 10:00,0
07.01. 11:00,0
07.01. 12:00,0
07.01. 13:00,0
07.01. 14:00,0
07.01. 15:00,0
07.01. 16:00,0
07.01. 17:00,0
07.01. 18:00,0
07.01. 19:00,0
07.01. 20:00,0
07.01. 21:00,0
07.01. 22:00,0
07.01. 23:00,0
08.01. 00:00,0
08.01. 01:00,0
08.01. 02:00,0
08.01. 03:00,0
08.01. 04:00,0
08.01. 05:00,0
08.01. 06:00,0
08.01. 07:00,0
08.01. 08:00,0
08.01. 09:00,52.964
08.01. 10:00,77.016
08.01. 11:00,10.23
08.01. 12:00,0
08.01. 13:00,0
08.01. 14:00,0
08.01. 15:00,0
08.01. 16:00,0
08.01. 17:00,0
08.01. 18:00,0
08.01. 19:00,73.344
08.01. 20:00,73.401
08.01. 21:00,32.033
08.01. 22:00,7.9598
08.01. 23:00,7.6145
09.01. 00:00,7.5628
09.01. 01:00,7.5549
09.01. 02:00,7.5524
09.01. 03:00,7.5515
09.01. 04:00,7.5508
09.01. 05:00,7.5504
09.01. 06:00,7.5501
09.01. 07:00,46.223
09.01. 08:00,0
09.01. 09:00,6.8963
09.01. 10:00,6.8957
09.01. 11:00,42.4451
09.01. 12:00,33.1223
09.01. 13:00,34.476
09.01. 14:00,32.5201
09.01. 15:00,0
09.01. 16:00,21.98143
09.01. 17:00,22.001
09.01. 18:00,22.001
09.01. 19:00,7.5801
09.01. 20:00,7.5587
09.01. 21:00,7.5557
09.01. 22:00,7.5534
09.01. 23:00,7.5526
10.01. 00:00,7.5523
10.01. 01:00,7.5522
10.01. 02:00,7.5521
10.01. 03:00,25.95
10.01. 04:00,73.161
10.01. 05:00,73.384
10.01. 06:00,73.402
10.01. 07:00,73.403
10.01. 08:00,0
10.01. 09:00,38.193
10.01. 10:00,77.009
10.01. 11:00,53.978
10.01. 12:00,18.098
10.01. 13:00,0
10.01. 14:00,0
10.01. 15:00,0
10.01. 16:00,0
10.01. 17:00,0
10.01. 18:00,52.703
10.01. 19:00,73.376
10.01. 20:00,56.551
10.01. 21:00,0
10.01. 22:00,0
10.01. 23:00,0
11.01. 00:00,0
11.01. 01:00,0
11.01. 02:00,0
11.01. 03:00,0
11.01. 04:00,0
11.01. 05:00,73.059
11.01. 06:00,73.402
11.01. 07:00,73.403
11.01. 08:00,0
11.01. 09:00,0
11.01. 10:00,99.007
11.01. 11:00,82.747
11.01. 12:00,32.233
11.01. 13:00,22.001
11.01. 14:00,8.2731
11.01. 15:00,22.00108
11.01. 16:00,22.002
11.01. 17:00,0
11.01. 18:00,52.702
11.01. 19:00,73.372
11.01. 20:00,0
11.01. 21:00,0
11.01. 22:00,0
11.01. 23:00,0
12.01. 00:00,0
12.01. 01:00,0
12.01. 02:00,0
12.01. 03:00,0
12.01. 04:00,50.745
12.01. 05:00,70.67
12.01. 06:00,73.402
12.01. 07:00,73.403
12.01. 08:00,0
12.01. 09:00,0
12.01. 10:00,41.81107
12.01. 11:00,60.10337
12.01. 12:00,19.899
12.01. 13:00,14.106
12.01. 14:00,0
12.01. 15:00,0
12.01. 16:00,0
12.01. 17:00,0
12.01. 18:00,46.344
12.01. 19:00,42.445
12.01. 20:00,10.203
12.01. 21:00,8.3259
12.01. 22:00,7.7964
12.01. 23:00,7.5537
13.01. 00:00,8.0597
13.01. 01:00,8.0595
13.01. 02:00,8.0593
13.01. 03:00,8.0591
13.01. 04:00,8.0589
13.01. 05:00,8.0586
13.01. 06:00,8.0584
13.01. 07:00,8.0582
13.01. 08:00,8.05797
13.01. 09:00,62.319
13.01. 10:00,73.402
13.01. 11:00,73.403
13.01. 12:00,73.405
13.01. 13:00,17.913
13.01. 14:00,0
13.01. 15:00,0
13.01. 16:00,0
13.01. 17:00,0
13.01. 18:00,0
13.01. 19:00,0
13.01. 20:00,0
13.01. 21:00,0
13.01. 22:00,0
13.01. 23:00,0
14.01. 00:00,0
14.01. 01:00,0
14.01. 02:00,0
14.01. 03:00,0
14.01. 04:00,0
14.01. 05:00,0
14.01. 06:00,0
14.01. 07:00,0
14.01. 08:00,0
14.01. 09:00,10.035
14.01. 10:00,18.402
14.01. 11:00,8.8305
14.01. 12:00,0
14.01. 13:00,0
14.01. 14:00,0
14.01. 15:00,0
14.01. 16:00,0
14.01. 17:00,0
14.01. 18:00,0
14.01. 19:00,0
14.01. 20:00,0
14.01. 21:00,0
14.01. 22:00,0
14.01. 23:00,0
15.01. 00:00,0
15.01. 01:00,0
15.01. 02:00,0
15.01. 03:00,0
15.01. 04:00,0
15.01. 05:00,0
15.01. 06:00,0
15.01. 07:00,0
15.01. 08:00,0
15.01. 09:00,61.879
15.01. 10:00,77.016
15.01. 11:00,10.223
15.01. 12:00,0
15.01. 13:00,0
15.01. 14:00,0
15.01. 15:00,0
15.01. 16:00,0
15.01. 17:00,0
15.01. 18:00,0
15.01. 19:00,73.368
15.01. 20:00,73.401
15.01. 21:00,35.48
15.01. 22:00,8.9489
15.01. 23:00,7.912
16.01. 00:00,7.6542
16.01. 01:00,7.6025
16.01. 02:00,7.557
16.01. 03:00,7.5533
16.01. 04:00,7.551
16.01. 05:00,7.5506
16.01. 06:00,7.5505
16.01. 07:00,66.303
16.01. 08:00,0
16.01. 09:00,98.994
16.01. 10:00,55.011
16.01. 11:00,32.237
16.01. 12:00,22.001
16.01. 13:00,22.002
16.01. 14:00,0
16.01. 15:00,0
16.01. 16:00,0
16.01. 17:00,0
16.01. 18:00,45.976
16.01. 19:00,73.369
16.01. 20:00,73.354
16.01. 21:00,7.8761
16.01. 22:00,7.7625
16.01. 23:00,7.649
17.01. 00:00,7.6011
17.01. 01:00,7.5556
17.01. 02:00,7.5519
17.01. 03:00,7.5516
17.01. 04:00,7.5513
17.01. 05:00,7.5512
17.01. 06:00,25.952
17.01. 07:00,73.403
17.01. 08:00,0
17.01. 09:00,77.008
17.01. 10:00,77.015
17.01. 11:00,31.497
17.01. 12:00,0
17.01. 13:00,0
17.01. 14:00,0
17.01. 15:00,0
17.01. 16:00,0
17.01. 17:00,0
17.01. 18:00,52.704
17.01. 19:00,73.379
17.01. 20:00,65.578
17.01. 21:00,0
17.01. 22:00,0
17.01. 23:00,0
18.01. 00:00,0
18.01. 01:00,0
18.01. 02:00,0
18.01. 03:00,0
18.01. 04:00,0
18.01. 05:00,55.001
18.01. 06:00,73.402
18.01. 07:00,73.403
18.01. 08:00,0
18.01. 09:00,86.107
18.01. 10:00,55.01
18.01. 11:00,37.046
18.01. 12:00,22.001
18.01. 13:00,8.2801
18.01. 14:00,8.6551
18.01. 15:00,8.2801
18.01. 16:00,0
18.01. 17:00,0
18.01. 18:00,52.704
18.01. 19:00,73.378
18.01. 20:00,55.828
18.01. 21:00,0
18.01. 22:00,0
18.01. 23:00,0
19.01. 00:00,0
19.01. 01:00,0
19.01. 02:00,0
19.01. 03:00,0
19.01. 04:00,0
19.01. 05:00,73.401
19.01. 06:00,73.402
19.01. 07:00,73.403
19.01. 08:00,0
19.01. 09:00,54.54137
19.01. 10:00,77.013
19.01. 11:00,48.849
19.01. 12:00,0
19.01. 13:00,0
19.01. 14:00,0
19.01. 15:00,0
19.01. 16:00,0
19.01. 17:00,0
19.01. 18:00,52.703
19.01. 19:00,73.374
19.01. 20:00,73.343
19.01. 21:00,9.09
19.01. 22:00,7.6172
19.01. 23:00,7.5541
20.01. 00:00,7.5528
20.01. 01:00,7.552
20.01. 02:00,7.5517
20.01. 03:00,7.5515
20.01. 04:00,8.0644
20.01. 05:00,8.0641
20.01. 06:00,8.0639
20.01. 07:00,8.0636
20.01. 08:00,8.0633
20.01. 09:00,42.504
20.01. 10:00,70.45376
20.01. 11:00,73.405
20.01. 12:00,73.407
20.01. 13:00,0
20.01. 14:00,0
20.01. 15:00,0
20.01. 16:00,0
20.01. 17:00,0
20.01. 18:00,0
20.01. 19:00,0
20.01. 20:00,0
20.01. 21:00,0
20.01. 22:00,0
20.01. 23:00,0
21.01. 00:00,0
21.01. 01:00,0
21.01. 02:00,0
21.01. 03:00,0
21.01. 04:00,0
21.01. 05:00,0
21.01. 06:00,0
21.01. 07:00,0
21.01. 08:00,0
21.01. 09:00,0
21.01. 10:00,0
21.01. 11:00,0
21.01. 12:00,0
21.01. 13:00,0
21.01. 14:00,0
21.01. 15:00,0
21.01. 16:00,0
21.01. 17:00,0
21.01. 18:00,0
21.01. 19:00,0
21.01. 20:00,0
21.01. 21:00,0
21.01. 22:00,0
21.01. 23:00,0
22.01. 00:00,0
22.01. 01:00,0
22.01. 02:00,0
22.01. 03:00,0
22.01. 04:00,0
22.01. 05:00,0
22.01. 06:00,0
22.01. 07:00,0
22.01. 08:00,0
22.01. 09:00,77.01
22.01. 10:00,60.745
22.01. 11:00,10.236
22.01. 12:00,0
22.01. 13:00,0
22.01. 14:00,0
22.01. 15:00,0
22.01. 16:00,0
22.01. 17:00,0
22.01. 18:00,0
22.01. 19:00,73.345
22.01. 20:00,73.401
22.01. 21:00,42.546
22.01. 22:00,10.957
22.01. 23:00,7.837
23.01. 00:00,7.6576
23.01. 01:00,7.5508
23.01. 02:00,8.0602
23.01. 03:00,8.0599
23.01. 04:00,8.0597
23.01. 05:00,8.0594
23.01. 06:00,8.0591
23.01. 07:00,34.678
23.01. 08:00,0
23.01. 09:00,40.903
23.01. 10:00,42.083
23.01. 11:00,27.791
23.01. 12:00,43.117
23.01. 13:00,30.236
23.01. 14:00,22.001
23.01. 15:00,12.663
23.01. 16:00,0
23.01. 17:00,0
23.01. 18:00,45.977
23.01. 19:00,73.371
23.01. 20:00,73.269
23.01. 21:00,7.037
23.01. 22:00,7.6383
23.01. 23:00,7.6381
24.01. 00:00,7.6379
24.01. 01:00,7.6376
24.01. 02:00,7.6374
24.01. 03:00,7.6372
24.01. 04:00,7.637
24.01. 05:00,24.99
24.01. 06:00,25.92
24.01. 07:00,73.403
24.01. 08:00,0
24.01. 09:00,6.8963
24.01. 10:00,45.81639
24.01. 11:00,74.75794
24.01. 12:00,19.012
24.01. 13:00,0
24.01. 14:00,0
24.01. 15:00,0
24.01. 16:00,0
24.01. 17:00,0
24.01. 18:00,52.703
24.01. 19:00,59.663
24.01. 20:00,0
24.01. 21:00,0
24.01. 22:00,0
24.01. 23:00,0
25.01. 00:00,0
25.01. 01:00,0
25.01. 02:00,0
25.01. 03:00,0
25.01. 04:00,54.97
25.01. 05:00,73.383
25.01. 06:00,73.402
25.01. 07:00,73.403
25.01. 08:00,0
25.01. 09:00,0
25.01. 10:00,0
25.01. 11:00,6.8963
25.01. 12:00,49.583
25.01. 13:00,44.787
25.01. 14:00,49.263
25.01. 15:00,28.9
25.01. 16:00,22.00109
25.01. 17:00,0
25.01. 18:00,0
25.01. 19:00,7.5641
25.01. 20:00,7.5554
25.01. 21:00,7.5529
25.01. 22:00,7.5527
25.01. 23:00,7.5527
26.01. 00:00,7.5526
26.01. 01:00,7.5526
26.01. 02:00,7.5526
26.01. 03:00,25.95
26.01. 04:00,73.369
26.01. 05:00,73.335
26.01. 06:00,73.402
26.01. 07:00,73.403
26.01. 08:00,0
26.01. 09:00,26.1739
26.01. 10:00,57.44937
26.01. 11:00,77.012
26.01. 12:00,49.12303
26.01. 13:00,9.257
26.01. 14:00,0
26.01. 15:00,0
26.01. 16:00,0
26.01. 17:00,0
26.01. 18:00,52.705
26.01. 19:00,73.381
26.01. 20:00,47.19
26.01. 21:00,12.315
26.01. 22:00,8.943
26.01. 23:00,7.9216
27.01. 00:00,7.6633
27.01. 01:00,7.5532
27.01. 02:00,8.0627
27.01. 03:00,8.0625
27.01. 04:00,8.0623
27.01. 05:00,8.062
27.01. 06:00,8.0618
27.01. 07:00,8.0616
27.01. 08:00,15.5119
27.01. 09:00,70.58359
27.01. 10:00,73.403
27.01. 11:00,73.405
27.01. 12:00,73.406
27.01. 13:00,13.077
27.01. 14:00,0
27.01. 15:00,0
27.01. 16:00,0
27.01. 17:00,0
27.01. 18:00,0
27.01. 19:00,0
27.01. 20:00,0
27.01. 21:00,0
27.01. 22:00,0
27.01. 23:00,0
28.01. 00:00,0
28.01. 01:00,0
28.01. 02:00,0
28.01. 03:00,0
28.01. 04:00,0
28.01. 05:00,0
28.01. 06:00,0
28.01. 07:00,0
28.01. 08:00,0
28.01. 09:00,5.52
28.01. 10:00,0
28.01. 11:00,0
28.01. 12:00,0
28.01. 13:00,0
28.01. 14:00,0
28.01. 15:00,0
28.01. 16:00,0
28.01. 17:00,0
28.01. 18:00,0
28.01. 19:00,0
28.01. 20:00,0
28.01. 21:00,0
28.01. 22:00,0
28.01. 23:00,0
29.01. 00:00,0
29.01. 01:00,0
29.01. 02:00,0
29.01. 03:00,0
29.01. 04:00,0
29.01. 05:00,0
29.01. 06:00,0
29.01. 07:00,0
29.01. 08:00,0
29.01. 09:00,77.01
29.01. 10:00,61.358
29.01. 11:00,10.223
29.01. 12:00,0
29.01. 13:00,0
29.01. 14:00,0
29.01. 15:00,0
29.01. 16:00,0
29.01. 17:00,0
29.01. 18:00,0
29.01. 19:00,73.339
29.01. 20:00,73.401
29.01. 21:00,42.545
29.01. 22:00,10.948
29.01. 23:00,7.8301
30.01. 00:00,7.6508
30.01. 01:00,7.6031
30.01. 02:00,7.5575
30.01. 03:00,7.5538
30.01. 04:00,7.5515
30.01. 05:00,7.5506
30.01. 06:00,7.5503
30.01. 07:00,38.861
30.01. 08:00,0
30.01. 09:00,99.004
30.01. 10:00,82.746
30.01. 11:00,32.237
30.01. 12:00,22.001
30.01. 13:00,22.001
30.01. 14:00,22.002
30.01. 15:00,0
30.01. 16:00,0
30.01. 17:00,0
30.01. 18:00,45.976
30.01. 19:00,73.367
30.01. 20:00,73.352
30.01. 21:00,7.7252
30.01. 22:00,7.6081
30.01. 23:00,7.556
31.01. 00:00,7.5523
31.01. 01:00,7.552
31.01. 02:00,7.5517
31.01. 03:00,7.5515
31.01. 04:00,7.5514
31.01. 05:00,8.0641
31.01. 06:00,26.464
31.01. 07:00,73.403
31.01. 08:00,16.56
31.01. 09:00,77.01
31.01. 10:00,33.011
31.01. 11:00,10.236
31.01. 12:00,0
31.01. 13:00,0
31.01. 14:00,0
31.01. 15:00,0
31.01. 16:00,0
31.01. 17:00,0
31.01. 18:00,52.704
31.01. 19:00,73.378
31.01. 20:00,66.788
31.01. 21:00,0
31.01. 22:00,6.9465
31.01. 23:00,6.9463
01.02. 00:00,6.9461
01.02. 01:00,6.946
01.02. 02:00,6.9458
01.02. 03:00,6.9456
01.02. 04:00,6.9454
01.02. 05:00,6.9452
01.02. 06:00,73.402
01.02. 07:00,73.403
01.02. 08:00,0
01.02. 09:00,35.6966
01.02. 10:00,57.282
01.02. 11:00,97.428
01.02. 12:00,22.001
01.02. 13:00,22.001
01.02. 14:00,22.002
01.02. 15:00,19.197
01.02. 16:00,0
01.02. 17:00,0
01.02. 18:00,52.704
01.02. 19:00,73.379
01.02. 20:00,66.282
01.02. 21:00,0
01.02. 22:00,0
01.02. 23:00,0
02.02. 00:00,0
02.02. 01:00,0
02.02. 02:00,0
02.02. 03:00,0
02.02. 04:00,0
02.02. 05:00,72.897
02.02. 06:00,73.402
02.02. 07:00,73.403
02.02. 08:00,16.56
02.02. 09:00,77.009
02.02. 10:00,33.008
02.02. 11:00,23.08
02.02. 12:00,0
02.02. 13:00,0
02.02. 14:00,0
02.02. 15:00,0
02.02. 16:00,0
02.02. 17:00,0
02.02. 18:00,52.702
02.02. 19:00,73.372
02.02. 20:00,73.359
02.02. 21:00,9.7526
02.02. 22:00,8.2111
02.02. 23:00,7.6888
03.02. 00:00,7.5699
03.02. 01:00,7.5601
03.02. 02:00,7.5535
03.02. 03:00,7.5525
03.02. 04:00,7.5518
03.02. 05:00,7.5516
03.02. 06:00,7.5515
03.02. 07:00,7.5514
03.02. 08:00,18.6326
03.02. 09:00,58.01619
03.02. 10:00,44.89172
03.02. 11:00,43.68984
03.02. 12:00,49.13354
03.02. 13:00,55.64789
03.02. 14:00,12.442
03.02. 15:00,0
03.02. 16:00,0
03.02. 17:00,0
03.02. 18:00,0
03.02. 19:00,0
03.02. 20:00,0
03.02. 21:00,0
03.02. 22:00,0
03.02. 23:00,0
04.02. 00:00,0
04.02. 01:00,0
04.02. 02:00,0
04.02. 03:00,0
04.02. 04:00,0
04.02. 05:00,0
04.02. 06:00,0
04.02. 07:00,0
04.02. 08:00,0
04.02. 09:00,0
04.02. 10:00,0
04.02. 11:00,0
04.02. 12:00,0
04.02. 13:00,0
04.02. 14:00,0
04.02. 15:00,0
04.02. 16:00,0
04.02. 17:00,0
04.02. 18:00,0
04.02. 19:00,0
04.02. 20:00,0
04.02. 21:00,0
04.02. 22:00,0
04.02. 23:00,0
05.02. 00:00,0
05.02. 01:00,0
05.02. 02:00,0
05.02. 03:00,0
05.02. 04:00,0
05.02. 05:00,0
05.02. 06:00,0
05.02. 07:00,0
05.02. 08:00,0
05.02. 09:00,77.009
05.02. 10:00,26.42
05.02. 11:00,0
05.02. 12:00,0
05.02. 13:00,0
05.02. 14:00,0
05.02. 15:00,0
05.02. 16:00,0
05.02. 17:00,0
05.02. 18:00,0
05.02. 19:00,73.355
05.02. 20:00,73.401
05.02. 21:00,36.132
05.02. 22:00,9.1412
05.02. 23:00,8.0941
06.02. 00:00,7.5969
06.02. 01:00,7.5649
06.02. 02:00,7.5578
06.02. 03:00,7.5511
06.02. 04:00,7.5508
06.02. 05:00,7.5506
06.02. 06:00,7.5505
06.02. 07:00,41.45
06.02. 08:00,0
06.02. 09:00,99.007
06.02. 10:00,99.013
06.02. 11:00,67.534
06.02. 12:00,22.002
06.02. 13:00,22.003
06.02. 14:00,0
06.02. 15:00,0
06.02. 16:00,0
06.02. 17:00,0
06.02. 18:00,45.976
06.02. 19:00,73.367
06.02. 20:00,73.353
06.02. 21:00,10.462
06.02. 22:00,7.6658
06.02. 23:00,7.5747
07.02. 00:00,7.5566
07.02. 01:00,7.5538
07.02. 02:00,7.5529
07.02. 03:00,7.5521
07.02. 04:00,7.5519
07.02. 05:00,7.5516
07.02. 06:00,25.952
07.02. 07:00,73.403
07.02. 08:00,22.232
07.02. 09:00,77.01
07.02. 10:00,33.011
07.02. 11:00,10.236
07.02. 12:00,0
07.02. 13:00,0
07.02. 14:00,0
07.02. 15:00,0
07.02. 16:00,0
07.02. 17:00,0
07.02. 18:00,52.704
07.02. 19:00,73.377
07.02. 20:00,70.048
07.02. 21:00,0
07.02. 22:00,7.2976
07.02. 23:00,7.2974
08.02. 00:00,7.2972
08.02. 01:00,7.297
08.02. 02:00,7.2968
08.02. 03:00,7.2966
08.02. 04:00,7.2964
08.02. 05:00,7.2962
08.02. 06:00,73.402
08.02. 07:00,73.403
08.02. 08:00,0
08.02. 09:00,44.991
08.02. 10:00,72.116
08.02. 11:00,81.745
08.02. 12:00,22.001
08.02. 13:00,22.002
08.02. 14:00,22.003
08.02. 15:00,0
08.02. 16:00,0
08.02. 17:00,0
08.02. 18:00,52.703
08.02. 19:00,73.377
08.02. 20:00,67.182
08.02. 21:00,0
08.02. 22:00,6.9914
08.02. 23:00,6.9912
09.02. 00:00,6.991
09.02. 01:00,6.9908
09.02. 02:00,6.9907
09.02. 03:00,6.9905
09.02. 04:00,6.9903
09.02. 05:00,24.62
09.02. 06:00,73.402
09.02. 07:00,73.403
09.02. 08:00,32.197
09.02. 09:00,33.004
09.02. 10:00,33.01
09.02. 11:00,14.677
09.02. 12:00,0
09.02. 13:00,0
09.02. 14:00,0
09.02. 15:00,0
09.02. 16:00,0
09.02. 17:00,0
09.02. 18:00,52.702
09.02. 19:00,73.372
09.02. 20:00,73.359
09.02. 21:00,11.376
09.02. 22:00,8.4703
09.02. 23:00,7.91
10.02. 00:00,7.6645
10.02. 01:00,7.5544
10.02. 02:00,8.0636
10.02. 03:00,8.0634
10.02. 04:00,8.0631
10.02. 05:00,8.0629
10.02. 06:00,8.0626
10.02. 07:00,8.0624
10.02. 08:00,22.003
10.02. 09:00,73.403
10.02. 10:00,73.404
10.02. 11:00,73.406
10.02. 12:00,48.525
10.02. 13:00,0
10.02. 14:00,0
10.02. 15:00,0
10.02. 16:00,0
10.02. 17:00,0
10.02. 18:00,0
10.02. 19:00,0
10.02. 20:00,0
10.02. 21:00,0
10.02. 22:00,0
10.02. 23:00,0
11.02. 00:00,0
11.02. 01:00,0
11.02. 02:00,0
11.02. 03:00,0
11.02. 04:00,0
11.02. 05:00,0
11.02. 06:00,0
11.02. 07:00,0
11.02. 08:00,0
11.02. 09:00,0
11.02. 10:00,0
11.02. 11:00,0
11.02. 12:00,0
11.02. 13:00,0
11.02. 14:00,0
11.02. 15:00,0
11.02. 16:00,0
11.02. 17:00,0
11.02. 18:00,0
11.02. 19:00,0
11.02. 20:00,0
11.02. 21:00,0
11.02. 22:00,0
11.02. 23:00,0
12.02. 00:00,0
12.02. 01:00,0
12.02. 02:00,0
12.02. 03:00,0
12.02. 04:00,0
12.02. 05:00,0
12.02. 06:00,0
12.02. 07:00,0
12.02. 08:00,0
12.02. 09:00,72.0134
12.02. 10:00,77.015
12.02. 11:00,37.093
12.02. 12:00,0
12.02. 13:00,0
12.02. 14:00,0
12.02. 15:00,0
12.02. 16:00,0
12.02. 17:00,0
12.02. 18:00,0
12.02. 19:00,73.348
12.02. 20:00,73.402
12.02. 21:00,35.229
12.02. 22:00,8.8825
12.02. 23:00,7.8496
13.02. 00:00,7.5934
13.02. 01:00,7.5686
13.02. 02:00,7.5505
13.02. 03:00,8.0622
13.02. 04:00,8.0619
13.02. 05:00,8.0616
13.02. 06:00,8.0614
13.02. 07:00,29.3
13.02. 08:00,18.606
13.02. 09:00,37.452
13.02. 10:00,11.3069
13.02. 11:00,17.722
13.02. 12:00,55.011
13.02. 13:00,34.451
13.02. 14:00,22.002
13.02. 15:00,22.002
13.02. 16:00,8.2801
13.02. 17:00,0
13.02. 18:00,45.976
13.02. 19:00,73.367
13.02. 20:00,73.351
13.02. 21:00,7.1411
13.02. 22:00,7.7462
13.02. 23:00,7.7459
14.02. 00:00,7.7457
14.02. 01:00,7.7455
14.02. 02:00,7.7453
14.02. 03:00,7.745
14.02. 04:00,7.7448
14.02. 05:00,7.7445
14.02. 06:00,26.145
14.02. 07:00,73.403
14.02. 08:00,18.044
14.02. 09:00,77.009
14.02. 10:00,77.016
14.02. 11:00,10.223
14.02. 12:00,0
14.02. 13:00,0
14.02. 14:00,0
14.02. 15:00,0
14.02. 16:00,0
14.02. 17:00,0
14.02. 18:00,52.704
14.02. 19:00,73.377
14.02. 20:00,66.99
14.02. 21:00,0
14.02. 22:00,6.9702
14.02. 23:00,6.97
15.02. 00:00,6.9698
15.02. 01:00,6.9696
15.02. 02:00,6.9694
15.02. 03:00,6.9692
15.02. 04:00,6.969
15.02. 05:00,6.9688
15.02. 06:00,73.402
15.02. 07:00,73.403
15.02. 08:00,0
15.02. 09:00,99.01
15.02. 10:00,85.394
15.02. 11:00,32.237
15.02. 12:00,22.002
15.02. 13:00,22.003
15.02. 14:00,0
15.02. 15:00,0
15.02. 16:00,0
15.02. 17:00,0
15.02. 18:00,52.704
15.02. 19:00,73.378
15.02. 20:00,73.35
15.02. 21:00,7.5034
15.02. 22:00,7.5637
15.02. 23:00,7.5557
16.02. 00:00,7.5532
16.02. 01:00,7.5524
16.02. 02:00,7.5523
16.02. 03:00,7.5522
16.02. 04:00,7.5521
16.02. 05:00,24.996
16.02. 06:00,72.067
16.02. 07:00,73.404
16.02. 08:00,40.253
16.02. 09:00,64.633
16.02. 10:00,33.011
16.02. 11:00,10.236
16.02. 12:00,0
16.02. 13:00,0
16.02. 14:00,0
16.02. 15:00,0
16.02. 16:00,0
16.02. 17:00,0
16.02. 18:00,52.701
16.02. 19:00,73.369
16.02. 20:00,73.355
16.02. 21:00,11.318
16.02. 22:00,8.4234
16.02. 23:00,7.8653
17.02. 00:00,7.6209
17.02. 01:00,7.5698
17.02. 02:00,7.5619
17.02. 03:00,7.5553
17.02. 04:00,7.5528
17.02. 05:00,7.552
17.02. 06:00,7.5517
17.02. 07:00,7.5516
17.02. 08:00,16.1071
17.02. 09:00,73.403
17.02. 10:00,73.404
17.02. 11:00,73.406
17.02. 12:00,40.664
17.02. 13:00,7.6279
17.02. 14:00,0
17.02. 15:00,0
17.02. 16:00,0
17.02. 17:00,0
17.02. 18:00,0
17.02. 19:00,0
17.02. 20:00,0
17.02. 21:00,0
17.02. 22:00,0
17.02. 23:00,0
18.02. 00:00,0
18.02. 01:00,0
18.02. 02:00,0
18.02. 03:00,0
18.02. 04:00,0
18.02. 05:00,0
18.02. 06:00,0
18.02. 07:00,0
18.02. 08:00,0
18.02. 09:00,0
18.02. 10:00,0
18.02. 11:00,0
18.02. 12:00,0
18.02. 13:00,0
18.02. 14:00,0
18.02. 15:00,0
18.02. 16:00,0
18.02. 17:00,0
18.02. 18:00,0
18.02. 19:00,0
18.02. 20:00,0
18.02. 21:00,0
18.02. 22:00,0
18.02. 23:00,0
19.02. 00:00,0
19.02. 01:00,0
19.02. 02:00,0
19.02. 03:00,0
19.02. 04:00,0
19.02. 05:00,0
19.02. 06:00,0
19.02. 07:00,0
19.02. 08:00,31.443
19.02. 09:00,73.738
19.02. 10:00,33.011
19.02. 11:00,10.236
19.02. 12:00,0
19.02. 13:00,0
19.02. 14:00,0
19.02. 15:00,0
19.02. 16:00,0
19.02. 17:00,0
19.02. 18:00,0
19.02. 19:00,73.348
19.02. 20:00,73.402
19.02. 21:00,47.081
19.02. 22:00,12.22
19.02. 23:00,8.8492
20.02. 00:00,7.8381
20.02. 01:00,7.5832
20.02. 02:00,7.5585
20.02. 03:00,7.5514
20.02. 04:00,7.5509
20.02. 05:00,7.5506
20.02. 06:00,7.5504
20.02. 07:00,24.266
20.02. 08:00,38.005
20.02. 09:00,55.005
20.02. 10:00,55.011
20.02. 11:00,32.237
20.02. 12:00,22.002
20.02. 13:00,22.003
20.02. 14:00,0
20.02. 15:00,0
20.02. 16:00,0
20.02. 17:00,0
20.02. 18:00,11.525
20.02. 19:00,73.375
20.02. 20:00,73.364
20.02. 21:00,37.616
20.02. 22:00,9.5654
20.02. 23:00,7.768
21.02. 00:00,7.6161
21.02. 01:00,7.5686
21.02. 02:00,7.5607
21.02. 03:00,7.554
21.02. 04:00,7.553
21.02. 05:00,7.5522
21.02. 06:00,7.5519
21.02. 07:00,73.403
21.02. 08:00,28.42
21.02. 09:00,77.009
21.02. 10:00,64.795
21.02. 11:00,10.236
21.02. 12:00,0
21.02. 13:00,0
21.02. 14:00,0
21.02. 15:00,0
21.02. 16:00,0
21.02. 17:00,0
21.02. 18:00,52.704
21.02. 19:00,73.381
21.02. 20:00,72.832
21.02. 21:00,6.9832
21.02. 22:00,7.58
21.02. 23:00,7.5798
22.02. 00:00,7.5796
22.02. 01:00,7.5794
22.02. 02:00,7.5792
22.02. 03:00,7.579
22.02. 04:00,7.5788
22.02. 05:00,25.292
22.02. 06:00,73.402
22.02. 07:00,73.403
22.02. 08:00,27.35
22.02. 09:00,99.011
22.02. 10:00,55.011
22.02. 11:00,32.237
22.02. 12:00,22.002
22.02. 13:00,22.003
22.02. 14:00,0
22.02. 15:00,0
22.02. 16:00,0
22.02. 17:00,0
22.02. 18:00,52.702
22.02. 19:00,73.371
22.02. 20:00,73.358
22.02. 21:00,7.5755
22.02. 22:00,7.5783
22.02. 23:00,7.5571
23.02. 00:00,7.5543
23.02. 01:00,7.5535
23.02. 02:00,7.5527
23.02. 03:00,7.5524
23.02. 04:00,7.5522
23.02. 05:00,7.5521
23.02. 06:00,25.953
23.02. 07:00,73.403
23.02. 08:00,26.233
23.02. 09:00,77.01
23.02. 10:00,33.011
23.02. 11:00,10.236
23.02. 12:00,0
23.02. 13:00,0
23.02. 14:00,0
23.02. 15:00,0
23.02. 16:00,0
23.02. 17:00,0
23.02. 18:00,52.704
23.02. 19:00,73.381
23.02. 20:00,73.354
23.02. 21:00,11.35
23.02. 22:00,8.4487
23.02. 23:00,7.8894
24.02. 00:00,7.6444
24.02. 01:00,7.5932
24.02. 02:00,7.5742
24.02. 03:00,7.5563
24.02. 04:00,7.5535
24.02. 05:00,7.5527
24.02. 06:00,7.5524
24.02. 07:00,7.5523
24.02. 08:00,63.49218
24.02. 09:00,73.403
24.02. 10:00,73.405
24.02. 11:00,73.407
24.02. 12:00,37.839
24.02. 13:00,0
24.02. 14:00,0
24.02. 15:00,0
24.02. 16:00,0
24.02. 17:00,0
24.02. 18:00,0
24.02. 19:00,0
24.02. 20:00,0
24.02. 21:00,0
24.02. 22:00,0
24.02. 23:00,0
25.02. 00:00,0
25.02. 01:00,0
25.02. 02:00,0
25.02. 03:00,0
25.02. 04:00,0
25.02. 05:00,0
25.02. 06:00,0
25.02. 07:00,0
25.02. 08:00,0
25.02. 09:00,0
25.02. 10:00,0
25.02. 11:00,0
25.02. 12:00,0
25.02. 13:00,0
25.02. 14:00,0
25.02. 15:00,0
25.02. 16:00,0
25.02. 17:00,0
25.02. 18:00,0
25.02. 19:00,0
25.02. 20:00,0
25.02. 21:00,0
25.02. 22:00,0
25.02. 23:00,0
26.02. 00:00,0
26.02. 01:00,0
26.02. 02:00,0
26.02. 03:00,0
26.02. 04:00,0
26.02. 05:00,0
26.02. 06:00,0
26.02. 07:00,0
26.02. 08:00,34.326
26.02. 09:00,73.596
26.02. 10:00,33.011
26.02. 11:00,10.236
26.02. 12:00,0
26.02. 13:00,0
26.02. 14:00,0
26.02. 15:00,0
26.02. 16:00,0
26.02. 17:00,0
26.02. 18:00,0
26.02. 19:00,73.348
26.02. 20:00,73.402
26.02. 21:00,49.099
26.02. 22:00,12.779
26.02. 23:00,7.5843
27.02. 00:00,7.9928
27.02. 01:00,7.9926
27.02. 02:00,7.9923
27.02. 03:00,7.992
27.02. 04:00,7.9917
27.02. 05:00,7.9915
27.02. 06:00,7.9912
27.02. 07:00,16.931
27.02. 08:00,33.414
27.02. 09:00,55.005
27.02. 10:00,55.011
27.02. 11:00,32.237
27.02. 12:00,8.2801
27.02. 13:00,22.002
27.02. 14:00,0
27.02. 15:00,0
27.02. 16:00,0
27.02. 17:00,0
27.02. 18:00,11.525
27.02. 19:00,73.375
27.02. 20:00,73.365
27.02. 21:00,37.63
27.02. 22:00,9.5692
27.02. 23:00,7.7714
28.02. 00:00,7.6195
28.02. 01:00,7.5719
28.02. 02:00,7.553
28.02. 03:00,7.5522
28.02. 04:00,8.0642
28.02. 05:00,8.064
28.02. 06:00,8.0637
28.02. 07:00,73.403
28.02. 08:00,44.003
28.02. 09:00,77.01
28.02. 10:00,53.097
28.02. 11:00,10.236
28.02. 12:00,0
28.02. 13:00,0
28.02. 14:00,0
28.02. 15:00,0
28.02. 16:00,0
28.02. 17:00,0
28.02. 18:00,52.705
28.02. 19:00,73.381
28.02. 20:00,73.354
28.02. 21:00,7.5503
28.02. 22:00,7.5522
28.02. 23:00,8.061
01.03. 00:00,8.0608
01.03. 01:00,8.0605
01.03. 02:00,8.0603
01.03. 03:00,8.0601
01.03. 04:00,8.0598
01.03. 05:00,25.716
01.03. 06:00,73.402
01.03. 07:00,73.4033
01.03. 08:00,16.56
01.03. 09:00,98.995
01.03. 10:00,55.011
01.03. 11:00,32.237
01.03. 12:00,22.001
01.03. 13:00,22.002
01.03. 14:00,0
01.03. 15:00,0
01.03. 16:00,0
01.03. 17:00,0
01.03. 18:00,52.702
01.03. 19:00,73.37
01.03. 20:00,73.357
01.03. 21:00,7.3951
01.03. 22:00,8.0085
01.03. 23:00,8.0083
02.03. 00:00,8.0081
02.03. 01:00,8.0078
02.03. 02:00,8.0076
02.03. 03:00,8.0073
02.03. 04:00,8.0071
02.03. 05:00,8.0068
02.03. 06:00,26.407
02.03. 07:00,73.403
02.03. 08:00,0
02.03. 09:00,33.005
02.03. 10:00,33.011
02.03. 11:00,10.236
02.03. 12:00,0
02.03. 13:00,0
02.03. 14:00,0
02.03. 15:00,0
02.03. 16:00,0
02.03. 17:00,0
02.03. 18:00,52.704
02.03. 19:00,73.379
02.03. 20:00,73.351
02.03. 21:00,9.7285
02.03. 22:00,8.1897
02.03. 23:00,7.6685
03.03. 00:00,7.5499
03.03. 01:00,8.0587
03.03. 02:00,8.0585
03.03. 03:00,8.0582
03.03. 04:00,8.058
03.03. 05:00,8.0577
03.03. 06:00,8.0575
03.03. 07:00,30.053
03.03. 08:00,73.402
03.03. 09:00,73.404
03.03. 10:00,73.406
03.03. 11:00,18.402
03.03. 12:00,0
03.03. 13:00,0
03.03. 14:00,0
03.03. 15:00,0
03.03. 16:00,0
03.03. 17:00,0
03.03. 18:00,0
03.03. 19:00,0
03.03. 20:00,0
03.03. 21:00,0
03.03. 22:00,0
03.03. 23:00,0
04.03. 00:00,0
04.03. 01:00,0
04.03. 02:00,0
04.03. 03:00,0
04.03. 04:00,0
04.03. 05:00,0
04.03. 06:00,0
04.03. 07:00,0
04.03. 08:00,0
04.03. 09:00,0
04.03. 10:00,0
04.03. 11:00,0
04.03. 12:00,0
04.03. 13:00,0
04.03. 14:00,0
04.03. 15:00,0
04.03. 16:00,0
04.03. 17:00,0
04.03. 18:00,0
04.03. 19:00,0
04.03. 20:00,0
04.03. 21:00,0
04.03. 22:00,0
04.03. 23:00,0
05.03. 00:00,0
05.03. 01:00,0
05.03. 02:00,0
05.03. 03:00,0
05.03. 04:00,0
05.03. 05:00,0
05.03. 06:00,0
05.03. 07:00,16.547
05.03. 08:00,44.003
05.03. 09:00,77.009
05.03. 10:00,77.016
05.03. 11:00,10.236
05.03. 12:00,0
05.03. 13:00,0
05.03. 14:00,0
05.03. 15:00,0
05.03. 16:00,0
05.03. 17:00,0
05.03. 18:00,0
05.03. 19:00,73.351
05.03. 20:00,73.401
05.03. 21:00,49.032
05.03. 22:00,12.762
05.03. 23:00,7.5718
06.03. 00:00,7.9805
06.03. 01:00,7.9802
06.03. 02:00,7.9799
06.03. 03:00,7.9797
06.03. 04:00,7.9794
06.03. 05:00,7.9791
06.03. 06:00,7.9789
06.03. 07:00,52.023
06.03. 08:00,0
06.03. 09:00,54.989
06.03. 10:00,55.011
06.03. 11:00,32.237
06.03. 12:00,22.001
06.03. 13:00,22.002
06.03. 14:00,0
06.03. 15:00,0
06.03. 16:00,0
06.03. 17:00,0
06.03. 18:00,45.976
06.03. 19:00,73.368
06.03. 20:00,73.353
06.03. 21:00,66.447
06.03. 22:00,0
06.03. 23:00,0
07.03. 00:00,0
07.03. 01:00,0
07.03. 02:00,0
07.03. 03:00,0
07.03. 04:00,0
07.03. 05:00,0
07.03. 06:00,0
07.03. 07:00,73.403
07.03. 08:00,44.002
07.03. 09:00,77.009
07.03. 10:00,77.016
07.03. 11:00,10.236
07.03. 12:00,0
07.03. 13:00,0
07.03. 14:00,0
07.03. 15:00,0
07.03. 16:00,0
07.03. 17:00,0
07.03. 18:00,52.705
07.03. 19:00,73.382
07.03. 20:00,73.356
07.03. 21:00,7.4841
07.03. 22:00,7.571
07.03. 23:00,7.5527
08.03. 00:00,8.0641
08.03. 01:00,8.0639
08.03. 02:00,8.0636
08.03. 03:00,8.0634
08.03. 04:00,8.0632
08.03. 05:00,8.0629
08.03. 06:00,73.402
08.03. 07:00,73.4031
08.03. 08:00,0
08.03. 09:00,54.988
08.03. 10:00,55.011
08.03. 11:00,32.237
08.03. 12:00,22.001
08.03. 13:00,10.113
08.03. 14:00,22.003
08.03. 15:00,0
08.03. 16:00,0
08.03. 17:00,0
08.03. 18:00,52.704
08.03. 19:00,73.378
08.03. 20:00,73.349
08.03. 21:00,7.5646
08.03. 22:00,7.5671
08.03. 23:00,7.5571
09.03. 00:00,7.5547
09.03. 01:00,7.5539
09.03. 02:00,7.5531
09.03. 03:00,7.5528
09.03. 04:00,7.5525
09.03. 05:00,24.758
09.03. 06:00,71.419
09.03. 07:00,73.403
09.03. 08:00,44.002
09.03. 09:00,77.008
09.03. 10:00,77.016
09.03. 11:00,10.236
09.03. 12:00,0
09.03. 13:00,0
09.03. 14:00,0
09.03. 15:00,0
09.03. 16:00,0
09.03. 17:00,0
09.03. 18:00,52.701
09.03. 19:00,73.369
09.03. 20:00,73.355
09.03. 21:00,11.285
09.03. 22:00,8.3971
09.03. 23:00,7.8403
10.03. 00:00,7.5966
10.03. 01:00,7.5719
10.03. 02:00,7.5539
10.03. 03:00,7.5526
10.03. 04:00,7.5524
10.03. 05:00,7.5523
10.03. 06:00,7.5522
10.03. 07:00,63.87353
10.03. 08:00,73.404
10.03. 09:00,73.405
10.03. 10:00,18.402
10.03. 11:00,7.2292
10.03. 12:00,0
10.03. 13:00,0
10.03. 14:00,0
10.03. 15:00,0
10.03. 16:00,0
10.03. 17:00,0
10.03. 18:00,0
10.03. 19:00,0
10.03. 20:00,0
10.03. 21:00,0
10.03. 22:00,0
10.03. 23:00,0
11.03. 00:00,0
11.03. 01:00,0
11.03. 02:00,0
11.03. 03:00,0
11.03. 04:00,0
11.03. 05:00,0
11.03. 06:00,0
11.03. 07:00,0
11.03. 08:00,0
11.03. 09:00,0
11.03. 10:00,0
11.03. 11:00,0
11.03. 12:00,0
11.03. 13:00,0
11.03. 14:00,0
11.03. 15:00,0
11.03. 16:00,0
11.03. 17:00,0
11.03. 18:00,0
11.03. 19:00,0
11.03. 20:00,0
11.03. 21:00,0
11.03. 22:00,0
11.03. 23:00,0
12.03. 00:00,0
12.03. 01:00,0
12.03. 02:00,0
12.03. 03:00,0
12.03. 04:00,0
12.03. 05:00,0
12.03. 06:00,0
12.03. 07:00,0
12.03. 08:00,0
12.03. 09:00,33.005
12.03. 10:00,33.011
12.03. 11:00,10.236
12.03. 12:00,0
12.03. 13:00,0
12.03. 14:00,0
12.03. 15:00,0
12.03. 16:00,0
12.03. 17:00,0
12.03. 18:00,0
12.03. 19:00,73.369
12.03. 20:00,73.401
12.03. 21:00,48.981
12.03. 22:00,12.749
12.03. 23:00,7.5625
13.03. 00:00,7.971
13.03. 01:00,7.9708
13.03. 02:00,7.9705
13.03. 03:00,7.9703
13.03. 04:00,7.97
13.03. 05:00,7.9697
13.03. 06:00,7.9695
13.03. 07:00,52.108
13.03. 08:00,28.534
13.03. 09:00,99.008
13.03. 10:00,99.015
13.03. 11:00,32.237
13.03. 12:00,22.002
13.03. 13:00,22.003
13.03. 14:00,0
13.03. 15:00,0
13.03. 16:00,0
13.03. 17:00,0
13.03. 18:00,45.976
13.03. 19:00,73.367
13.03. 20:00,73.353
13.03. 21:00,66.471
13.03. 22:00,0
13.03. 23:00,0
14.03. 00:00,0
14.03. 01:00,0
14.03. 02:00,0
14.03. 03:00,0
14.03. 04:00,0
14.03. 05:00,0
14.03. 06:00,0
14.03. 07:00,73.4026
14.03. 08:00,0
14.03. 09:00,27.977
14.03. 10:00,77.013
14.03. 11:00,44.005
14.03. 12:00,18.66
14.03. 13:00,0
14.03. 14:00,0
14.03. 15:00,0
14.03. 16:00,0
14.03. 17:00,0
14.03. 18:00,52.705
14.03. 19:00,73.382
14.03. 20:00,70.395
14.03. 21:00,0
14.03. 22:00,7.3296
14.03. 23:00,7.3294
15.03. 00:00,7.3293
15.03. 01:00,7.3291
15.03. 02:00,7.3289
15.03. 03:00,7.3287
15.03. 04:00,7.3285
15.03. 05:00,7.3283
15.03. 06:00,73.402
15.03. 07:00,73.4027
15.03. 08:00,0
15.03. 09:00,55.004
15.03. 10:00,55.009
15.03. 11:00,45.561
15.03. 12:00,22.002
15.03. 13:00,22.003
15.03. 14:00,0
15.03. 15:00,0
15.03. 16:00,0
15.03. 17:00,0
15.03. 18:00,52.705
15.03. 19:00,73.381
15.03. 20:00,73.354
15.03. 21:00,7.5748
15.03. 22:00,7.5778
15.03. 23:00,7.5566
16.03. 00:00,7.5538
16.03. 01:00,7.553
16.03. 02:00,7.5529
16.03. 03:00,7.5528
16.03. 04:00,7.5528
16.03. 05:00,24.738
16.03. 06:00,73.1176
16.03. 07:00,89.949
16.03. 08:00,44.003
16.03. 09:00,77.009
16.03. 10:00,33.011
16.03. 11:00,10.236
16.03. 12:00,0
16.03. 13:00,0
16.03. 14:00,0
16.03. 15:00,0
16.03. 16:00,0
16.03. 17:00,0
16.03. 18:00,52.702
16.03. 19:00,73.371
16.03. 20:00,73.359
16.03. 21:00,11.23
16.03. 22:00,8.3528
16.03. 23:00,7.7982
17.03. 00:00,7.5555
17.03. 01:00,8.0601
17.03. 02:00,8.0598
17.03. 03:00,8.0596
17.03. 04:00,8.0593
17.03. 05:00,8.0591
17.03. 06:00,8.0588
17.03. 07:00,6.8987
17.03. 08:00,73.403
17.03. 09:00,73.404
17.03. 10:00,73.406
17.03. 11:00,63.796
17.03. 12:00,0
17.03. 13:00,0
17.03. 14:00,0
17.03. 15:00,0
17.03. 16:00,0
17.03. 17:00,0
17.03. 18:00,0
17.03. 19:00,0
17.03. 20:00,0
17.03. 21:00,0
17.03. 22:00,0
17.03. 23:00,0
18.03. 00:00,0
18.03. 01:00,0
18.03. 02:00,0
18.03. 03:00,0
18.03. 04:00,0
18.03. 05:00,0
18.03. 06:00,0
18.03. 07:00,0
18.03. 08:00,0
18.03. 09:00,0
18.03. 10:00,0
18.03. 11:00,0
18.03. 12:00,0
18.03. 13:00,0
18.03. 14:00,0
18.03. 15:00,0
18.03. 16:00,0
18.03. 17:00,0
18.03. 18:00,0
18.03. 19:00,0
18.03. 20:00,0
18.03. 21:00,0
18.03. 22:00,0
18.03. 23:00,0
19.03. 00:00,0
19.03. 01:00,0
19.03. 02:00,0
19.03. 03:00,0
19.03. 04:00,0
19.03. 05:00,0
19.03. 06:00,0
19.03. 07:00,0
19.03. 08:00,0
19.03. 09:00,33.005
19.03. 10:00,77.014
19.03. 11:00,54.241
19.03. 12:00,17.315
19.03. 13:00,0
19.03. 14:00,0
19.03. 15:00,0
19.03. 16:00,0
19.03. 17:00,0
19.03. 18:00,0
19.03. 19:00,73.332
19.03. 20:00,73.402
19.03. 21:00,49.328
19.03. 22:00,12.843
19.03. 23:00,7.6286
20.03. 00:00,8.0363
20.03. 01:00,8.036
20.03. 02:00,8.0357
20.03. 03:00,8.0355
20.03. 04:00,8.0352
20.03. 05:00,8.0349
20.03. 06:00,8.0347
20.03. 07:00,48.889
20.03. 08:00,0
20.03. 09:00,54.983
20.03. 10:00,55.011
20.03. 11:00,32.237
20.03. 12:00,22.002
20.03. 13:00,22.003
20.03. 14:00,0
20.03. 15:00,0
20.03. 16:00,0
20.03. 17:00,0
20.03. 18:00,11.52546
20.03. 19:00,73.368
20.03. 20:00,73.353
20.03. 21:00,38.613
20.03. 22:00,9.8544
20.03. 23:00,8.0234
21.03. 00:00,7.7434
21.03. 01:00,7.6349
21.03. 02:00,7.5889
21.03. 03:00,7.5706
21.03. 04:00,7.5532
21.03. 05:00,7.5523
21.03. 06:00,24.87439
21.03. 07:00,94.816
21.03. 08:00,44.003
21.03. 09:00,75.3824
21.03. 10:00,65.244
21.03. 11:00,10.236
21.03. 12:00,0
21.03. 13:00,0
21.03. 14:00,0
21.03. 15:00,0
21.03. 16:00,0
21.03. 17:00,0
21.03. 18:00,52.7018
21.03. 19:00,73.369
21.03. 20:00,73.356
21.03. 21:00,67.309
21.03. 22:00,0
21.03. 23:00,0
22.03. 00:00,0
22.03. 01:00,0
22.03. 02:00,0
22.03. 03:00,0
22.03. 04:00,0
22.03. 05:00,0
22.03. 06:00,51.5357
22.03. 07:00,73.403
22.03. 08:00,0
22.03. 09:00,54.984
22.03. 10:00,55.011
22.03. 11:00,32.237
22.03. 12:00,22.002
22.03. 13:00,22.002
22.03. 14:00,8.2917
22.03. 15:00,0
22.03. 16:00,0
22.03. 17:00,0
22.03. 18:00,52.702
22.03. 19:00,73.37
22.03. 20:00,73.338
22.03. 21:00,9.2859
22.03. 22:00,7.8001
22.03. 23:00,7.6512
23.03. 00:00,7.6045
23.03. 01:00,7.5602
23.03. 02:00,7.5566
23.03. 03:00,7.5544
23.03. 04:00,7.5536
23.03. 05:00,7.5528
23.03. 06:00,25.95257
23.03. 07:00,95.12
23.03. 08:00,44.003
23.03. 09:00,77.009
23.03. 10:00,63.253
23.03. 11:00,10.236
23.03. 12:00,0
23.03. 13:00,0
23.03. 14:00,0
23.03. 15:00,0
23.03. 16:00,0
23.03. 17:00,0
23.03. 18:00,52.7042
23.03. 19:00,73.38
23.03. 20:00,73.352
23.03. 21:00,71.487
23.03. 22:00,0
23.03. 23:00,0
24.03. 00:00,0
24.03. 01:00,0
24.03. 02:00,0
24.03. 03:00,0
24.03. 04:00,0
24.03. 05:00,0
24.03. 06:00,7.8902
24.03. 07:00,73.402
24.03. 08:00,73.404
24.03. 09:00,73.405
24.03. 10:00,55.005
24.03. 11:00,23.542
24.03. 12:00,0
24.03. 13:00,0
24.03. 14:00,0
24.03. 15:00,0
24.03. 16:00,0
24.03. 17:00,0
24.03. 18:00,0
24.03. 19:00,0
24.03. 20:00,0
24.03. 21:00,0
24.03. 22:00,0
24.03. 23:00,0
25.03. 00:00,0
25.03. 01:00,0
25.03. 02:00,0
25.03. 03:00,0
25.03. 04:00,0
25.03. 05:00,0
25.03. 06:00,0
25.03. 07:00,0
25.03. 08:00,0
25.03. 09:00,0
25.03. 10:00,0
25.03. 11:00,0
25.03. 12:00,0
25.03. 13:00,0
25.03. 14:00,0
25.03. 15:00,0
25.03. 16:00,0
25.03. 17:00,0
25.03. 18:00,0
25.03. 19:00,0
25.03. 20:00,0
25.03. 21:00,0
25.03. 22:00,0
25.03. 23:00,0
26.03. 00:00,0
26.03. 01:00,0
26.03. 02:00,0
26.03. 03:00,0
26.03. 04:00,0
26.03. 05:00,0
26.03. 06:00,0
26.03. 07:00,0
26.03. 08:00,0
26.03. 09:00,33.005
26.03. 10:00,33.011
26.03. 11:00,10.236
26.03. 12:00,0
26.03. 13:00,0
26.03. 14:00,0
26.03. 15:00,0
26.03. 16:00,0
26.03. 17:00,0
26.03. 18:00,0
26.03. 19:00,73.336
26.03. 20:00,73.401
26.03. 21:00,55.032
26.03. 22:00,0
26.03. 23:00,0
27.03. 00:00,0
27.03. 01:00,0
27.03. 02:00,0
27.03. 03:00,0
27.03. 04:00,0
27.03. 05:00,0
27.03. 06:00,0
27.03. 07:00,68.123
27.03. 08:00,19.567
27.03. 09:00,99.008
27.03. 10:00,99.016
27.03. 11:00,64.815
27.03. 12:00,22.002
27.03. 13:00,22.003
27.03. 14:00,0
27.03. 15:00,0
27.03. 16:00,0
27.03. 17:00,0
27.03. 18:00,45.977
27.03. 19:00,73.371
27.03. 20:00,73.339
27.03. 21:00,73.401
27.03. 22:00,0
27.03. 23:00,0
28.03. 00:00,0
28.03. 01:00,0
28.03. 02:00,0
28.03. 03:00,0
28.03. 04:00,0
28.03. 05:00,0
28.03. 06:00,17.6499
28.03. 07:00,73.403
28.03. 08:00,0
28.03. 09:00,33.005
28.03. 10:00,33.011
28.03. 11:00,10.236
28.03. 12:00,0
28.03. 13:00,0
28.03. 14:00,0
28.03. 15:00,0
28.03. 16:00,0
28.03. 17:00,0
28.03. 18:00,52.7039
28.03. 19:00,73.379
28.03. 20:00,73.351
28.03. 21:00,67.069
28.03. 22:00,0
28.03. 23:00,0
29.03. 00:00,0
29.03. 01:00,0
29.03. 02:00,0
29.03. 03:00,0
29.03. 04:00,0
29.03. 05:00,0
29.03. 06:00,60.518
29.03. 07:00,117.41
29.03. 08:00,44.004
29.03. 09:00,99.011
29.03. 10:00,55.011
29.03. 11:00,32.237
29.03. 12:00,22.002
29.03. 13:00,22.003
29.03. 14:00,0
29.03. 15:00,0
29.03. 16:00,0
29.03. 17:00,0
29.03. 18:00,20.1117
29.03. 19:00,73.385
29.03. 20:00,73.361
29.03. 21:00,48.474
29.03. 22:00,12.805
29.03. 23:00,7.6935
30.03. 00:00,7.5737
30.03. 01:00,7.5561
30.03. 02:00,7.5534
30.03. 03:00,7.553
30.03. 04:00,7.553
30.03. 05:00,8.0644
30.03. 06:00,70.5489
30.03. 07:00,73.404
30.03. 08:00,0
30.03. 09:00,33.005
30.03. 10:00,33.011
30.03. 11:00,10.236
30.03. 12:00,0
30.03. 13:00,0
30.03. 14:00,0
30.03. 15:00,0
30.03. 16:00,0
30.03. 17:00,0
30.03. 18:00,20.1108
30.03. 19:00,73.379
30.03. 20:00,73.369
30.03. 21:00,48.146
30.03. 22:00,12.682
30.03. 23:00,7.5613
31.03. 00:00,7.9704
31.03. 01:00,7.9701
31.03. 02:00,7.9699
31.03. 03:00,7.9696
31.03. 04:00,7.9694
31.03. 05:00,7.9691
31.03. 06:00,6.89876
31.03. 07:00,62.91556
31.03. 08:00,73.404
31.03. 09:00,73.406
31.03. 10:00,0
31.03. 11:00,0
31.03. 12:00,0
31.03. 13:00,0
31.03. 14:00,0
31.03. 15:00,0
31.03. 16:00,0
31.03. 17:00,0
31.03. 18:00,0
31.03. 19:00,0
31.03. 20:00,0
31.03. 21:00,0
31.03. 22:00,0
31.03. 23:00,0
01.04. 00:00,0
01.04. 01:00,0
01.04. 02:00,0
01.04. 03:00,0
01.04. 04:00,0
01.04. 05:00,0
01.04. 06:00,0
01.04. 07:00,0
01.04. 08:00,0
01.04. 09:00,0
01.04. 10:00,0
01.04. 11:00,0
01.04. 12:00,0
01.04. 13:00,0
01.04. 14:00,0
01.04. 15:00,0
01.04. 16:00,0
01.04. 17:00,0
01.04. 18:00,0
01.04. 19:00,0
01.04. 20:00,0
01.04. 21:00,0
01.04. 22:00,0
01.04. 23:00,0
02.04. 00:00,0
02.04. 01:00,0
02.04. 02:00,0
02.04. 03:00,0
02.04. 04:00,0
02.04. 05:00,0
02.04. 06:00,0
02.04. 07:00,44.002
02.04. 08:00,44.004
02.04. 09:00,77.01
02.04. 10:00,33.011
02.04. 11:00,10.236
02.04. 12:00,0
02.04. 13:00,0
02.04. 14:00,0
02.04. 15:00,0
02.04. 16:00,0
02.04. 17:00,0
02.04. 18:00,0
02.04. 19:00,73.358
02.04. 20:00,73.401
02.04. 21:00,54.681
02.04. 22:00,0
02.04. 23:00,0
03.04. 00:00,0
03.04. 01:00,0
03.04. 02:00,0
03.04. 03:00,0
03.04. 04:00,0
03.04. 05:00,0
03.04. 06:00,6.8987
03.04. 07:00,73.403
03.04. 08:00,0
03.04. 09:00,55.005
03.04. 10:00,55.011
03.04. 11:00,32.237
03.04. 12:00,22.002
03.04. 13:00,22.003
03.04. 14:00,0
03.04. 15:00,0
03.04. 16:00,0
03.04. 17:00,0
03.04. 18:00,18.426
03.04. 19:00,73.387
03.04. 20:00,73.364
03.04. 21:00,54.737
03.04. 22:00,0
03.04. 23:00,0
04.04. 00:00,0
04.04. 01:00,0
04.04. 02:00,0
04.04. 03:00,0
04.04. 04:00,0
04.04. 05:00,53.005
04.04. 06:00,73.402
04.04. 07:00,104.199
04.04. 08:00,44.003
04.04. 09:00,77.009
04.04. 10:00,66.012
04.04. 11:00,10.236
04.04. 12:00,0
04.04. 13:00,0
04.04. 14:00,0
04.04. 15:00,0
04.04. 16:00,0
04.04. 17:00,0
04.04. 18:00,60.722
04.04. 19:00,73.367
04.04. 20:00,73.353
04.04. 21:00,9.0241
04.04. 22:00,7.693
04.04. 23:00,7.6044
05.04. 00:00,7.5598
05.04. 01:00,7.5563
05.04. 02:00,7.554
05.04. 03:00,7.5532
05.04. 04:00,7.5529
05.04. 05:00,7.5528
05.04. 06:00,49.5072
05.04. 07:00,73.403
05.04. 08:00,0
05.04. 09:00,55.005
05.04. 10:00,55.011
05.04. 11:00,32.237
05.04. 12:00,22.002
05.04. 13:00,22.003
05.04. 14:00,0
05.04. 15:00,0
05.04. 16:00,0
05.04. 17:00,0
05.04. 18:00,52.7024
05.04. 19:00,73.371
05.04. 20:00,73.339
05.04. 21:00,66.648
05.04. 22:00,0
05.04. 23:00,0
06.04. 00:00,0
06.04. 01:00,0
06.04. 02:00,0
06.04. 03:00,0
06.04. 04:00,0
06.04. 05:00,0
06.04. 06:00,56.464
06.04. 07:00,93.995
06.04. 08:00,44.003
06.04. 09:00,77.009
06.04. 10:00,64.477
06.04. 11:00,10.236
06.04. 12:00,0
06.04. 13:00,0
06.04. 14:00,0
06.04. 15:00,0
06.04. 16:00,0
06.04. 17:00,0
06.04. 18:00,60.508
06.04. 19:00,73.367
06.04. 20:00,73.39
06.04. 21:00,38.819
06.04. 22:00,10.065
06.04. 23:00,8.2281
07.04. 00:00,7.7132
07.04. 01:00,7.5971
07.04. 02:00,7.5769
07.04. 03:00,7.5593
07.04. 04:00,7.5524
07.04. 05:00,8.0634
07.04. 06:00,34.425
07.04. 07:00,73.404
07.04. 08:00,73.405
07.04. 09:00,61.252
07.04. 10:00,18.402
07.04. 11:00,0
07.04. 12:00,0
07.04. 13:00,0
07.04. 14:00,0
07.04. 15:00,0
07.04. 16:00,0
07.04. 17:00,0
07.04. 18:00,0
07.04. 19:00,0
07.04. 20:00,0
07.04. 21:00,0
07.04. 22:00,0
07.04. 23:00,0
08.04. 00:00,0
08.04. 01:00,0
08.04. 02:00,0
08.04. 03:00,0
08.04. 04:00,0
08.04. 05:00,0
08.04. 06:00,0
08.04. 07:00,0
08.04. 08:00,0
08.04. 09:00,0
08.04. 10:00,0
08.04. 11:00,0
08.04. 12:00,0
08.04. 13:00,0
08.04. 14:00,0
08.04. 15:00,0
08.04. 16:00,0
08.04. 17:00,0
08.04. 18:00,0
08.04. 19:00,0
08.04. 20:00,0
08.04. 21:00,0
08.04. 22:00,0
08.04. 23:00,0
09.04. 00:00,0
09.04. 01:00,0
09.04. 02:00,0
09.04. 03:00,0
09.04. 04:00,0
09.04. 05:00,0
09.04. 06:00,0
09.04. 07:00,0
09.04. 08:00,0
09.04. 09:00,33.005
09.04. 10:00,33.011
09.04. 11:00,10.236
09.04. 12:00,0
09.04. 13:00,0
09.04. 14:00,0
09.04. 15:00,0
09.04. 16:00,0
09.04. 17:00,0
09.04. 18:00,0
09.04. 19:00,73.33
09.04. 20:00,73.402
09.04. 21:00,54.664
09.04. 22:00,0
09.04. 23:00,0
10.04. 00:00,0
10.04. 01:00,0
10.04. 02:00,0
10.04. 03:00,0
10.04. 04:00,0
10.04. 05:00,0
10.04. 06:00,16.9766
10.04. 07:00,81.8375
10.04. 08:00,44.003
10.04. 09:00,99.01
10.04. 10:00,79.14
10.04. 11:00,32.237
10.04. 12:00,22.002
10.04. 13:00,22.003
10.04. 14:00,0
10.04. 15:00,0
10.04. 16:00,0
10.04. 17:00,0
10.04. 18:00,48.467
10.04. 19:00,73.367
10.04. 20:00,73.332
10.04. 21:00,31.734
10.04. 22:00,8.0464
10.04. 23:00,7.7064
11.04. 00:00,7.5975
11.04. 01:00,7.5772
11.04. 02:00,7.5598
11.04. 03:00,7.553
11.04. 04:00,8.0639
11.04. 05:00,8.0636
11.04. 06:00,46.8306
11.04. 07:00,73.404
11.04. 08:00,0
11.04. 09:00,33.005
11.04. 10:00,33.011
11.04. 11:00,10.236
11.04. 12:00,0
11.04. 13:00,0
11.04. 14:00,0
11.04. 15:00,0
11.04. 16:00,0
11.04. 17:00,0
11.04. 18:00,20.299
11.04. 19:00,73.376
11.04. 20:00,73.346
11.04. 21:00,54.301
11.04. 22:00,0
11.04. 23:00,0
12.04. 00:00,0
12.04. 01:00,0
12.04. 02:00,0
12.04. 03:00,0
12.04. 04:00,0
12.04. 05:00,0
12.04. 06:00,73.4017
12.04. 07:00,117.41
12.04. 08:00,44.004
12.04. 09:00,99.011
12.04. 10:00,55.011
12.04. 11:00,32.237
12.04. 12:00,22.002
12.04. 13:00,22.003
12.04. 14:00,0
12.04. 15:00,0
12.04. 16:00,0
12.04. 17:00,0
12.04. 18:00,73.387
12.04. 19:00,73.365
12.04. 20:00,73.352
12.04. 21:00,49.485
12.04. 22:00,13.086
12.04. 23:00,7.8881
13.04. 00:00,7.5621
13.04. 01:00,7.5543
13.04. 02:00,7.5535
13.04. 03:00,7.5527
13.04. 04:00,8.0637
13.04. 05:00,8.0635
13.04. 06:00,65.02122
13.04. 07:00,73.405
13.04. 08:00,0
13.04. 09:00,33.005
13.04. 10:00,33.011
13.04. 11:00,10.236
13.04. 12:00,0
13.04. 13:00,0
13.04. 14:00,0
13.04. 15:00,0
13.04. 16:00,0
13.04. 17:00,0
13.04. 18:00,26.476
13.04. 19:00,73.36
13.04. 20:00,73.401
13.04. 21:00,55.346
13.04. 22:00,0
13.04. 23:00,0
14.04. 00:00,0
14.04. 01:00,0
14.04. 02:00,0
14.04. 03:00,0
14.04. 04:00,0
14.04. 05:00,0
14.04. 06:00,38.26229
14.04. 07:00,73.403
14.04. 08:00,73.405
14.04. 09:00,73.407
14.04. 10:00,0
14.04. 11:00,0
14.04. 12:00,0
14.04. 13:00,0
14.04. 14:00,0
14.04. 15:00,0
14.04. 16:00,0
14.04. 17:00,0
14.04. 18:00,0
14.04. 19:00,0
14.04. 20:00,0
14.04. 21:00,0
14.04. 22:00,0
14.04. 23:00,0
15.04. 00:00,0
15.04. 01:00,0
15.04. 02:00,0
15.04. 03:00,0
15.04. 04:00,0
15.04. 05:00,0
15.04. 06:00,0
15.04. 07:00,0
15.04. 08:00,0
15.04. 09:00,0
15.04. 10:00,0
15.04. 11:00,0
15.04. 12:00,0
15.04. 13:00,0
15.04. 14:00,0
15.04. 15:00,0
15.04. 16:00,0
15.04. 17:00,0
15.04. 18:00,0
15.04. 19:00,0
15.04. 20:00,0
15.04. 21:00,0
15.04. 22:00,0
15.04. 23:00,0
16.04. 00:00,0
16.04. 01:00,0
16.04. 02:00,0
16.04. 03:00,0
16.04. 04:00,0
16.04. 05:00,0
16.04. 06:00,0
16.04. 07:00,44.002
16.04. 08:00,44.004
16.04. 09:00,77.01
16.04. 10:00,33.011
16.04. 11:00,10.236
16.04. 12:00,0
16.04. 13:00,0
16.04. 14:00,0
16.04. 15:00,0
16.04. 16:00,0
16.04. 17:00,0
16.04. 18:00,0
16.04. 19:00,73.33922
16.04. 20:00,73.401
16.04. 21:00,54.99
16.04. 22:00,0
16.04. 23:00,0
17.04. 00:00,0
17.04. 01:00,0
17.04. 02:00,0
17.04. 03:00,0
17.04. 04:00,0
17.04. 05:00,0
17.04. 06:00,73.404
17.04. 07:00,73.405
17.04. 08:00,0
17.04. 09:00,55.005
17.04. 10:00,55.011
17.04. 11:00,32.237
17.04. 12:00,22.002
17.04. 13:00,22.003
17.04. 14:00,0
17.04. 15:00,0
17.04. 16:00,0
17.04. 17:00,0
17.04. 18:00,0
17.04. 19:00,73.364
17.04. 20:00,73.353
17.04. 21:00,54.348
17.04. 22:00,0
17.04. 23:00,0
18.04. 00:00,0
18.04. 01:00,0
18.04. 02:00,0
18.04. 03:00,0
18.04. 04:00,0
18.04. 05:00,0
18.04. 06:00,63.488
18.04. 07:00,117.41
18.04. 08:00,44.003
18.04. 09:00,77.01
18.04. 10:00,52.357
18.04. 11:00,10.236
18.04. 12:00,0
18.04. 13:00,0
18.04. 14:00,0
18.04. 15:00,0
18.04. 16:00,0
18.04. 17:00,0
18.04. 18:00,20.1101
18.04. 19:00,73.376
18.04. 20:00,73.37
18.04. 21:00,49.189
18.04. 22:00,12.997
18.04. 23:00,7.8265
19.04. 00:00,7.6214
19.04. 01:00,7.5753
19.04. 02:00,7.557
19.04. 03:00,7.5543
19.04. 04:00,7.5535
19.04. 05:00,7.5532
19.04. 06:00,18.0744
19.04. 07:00,73.403
19.04. 08:00,0
19.04. 09:00,54.983
19.04. 10:00,55.011
19.04. 11:00,32.237
19.04. 12:00,22.002
19.04. 13:00,22.003
19.04. 14:00,0
19.04. 15:00,0
19.04. 16:00,0
19.04. 17:00,0
19.04. 18:00,73.389
19.04. 19:00,73.36876
19.04. 20:00,73.357
19.04. 21:00,54.908
19.04. 22:00,0
19.04. 23:00,0
20.04. 00:00,0
20.04. 01:00,0
20.04. 02:00,0
20.04. 03:00,0
20.04. 04:00,0
20.04. 05:00,0
20.04. 06:00,72.2904
20.04. 07:00,117.41
20.04. 08:00,44.004
20.04. 09:00,77.01
20.04. 10:00,33.011
20.04. 11:00,10.236
20.04. 12:00,0
20.04. 13:00,0
20.04. 14:00,0
20.04. 15:00,0
20.04. 16:00,0
20.04. 17:00,0
20.04. 18:00,60.51
20.04. 19:00,73.36415
20.04. 20:00,73.349
20.04. 21:00,38.848
20.04. 22:00,10.075
20.04. 23:00,8.2363
21.04. 00:00,7.7211
21.04. 01:00,7.6049
21.04. 02:00,7.5589
21.04. 03:00,7.5553
21.04. 04:00,7.553
21.04. 05:00,7.5528
21.04. 06:00,58.27441
21.04. 07:00,73.404
21.04. 08:00,73.406
21.04. 09:00,31.988
21.04. 10:00,0
21.04. 11:00,0
21.04. 12:00,0
21.04. 13:00,0
21.04. 14:00,0
21.04. 15:00,0
21.04. 16:00,0
21.04. 17:00,0
21.04. 18:00,15.601
21.04. 19:00,0
21.04. 20:00,0
21.04. 21:00,0
21.04. 22:00,0
21.04. 23:00,0
22.04. 00:00,0
22.04. 01:00,0
22.04. 02:00,0
22.04. 03:00,0
22.04. 04:00,0
22.04. 05:00,0
22.04. 06:00,0
22.04. 07:00,0
22.04. 08:00,0
22.04. 09:00,0
22.04. 10:00,0
22.04. 11:00,0
22.04. 12:00,0
22.04. 13:00,0
22.04. 14:00,0
22.04. 15:00,0
22.04. 16:00,0
22.04. 17:00,0
22.04. 18:00,0
22.04. 19:00,0
22.04. 20:00,0
22.04. 21:00,0
22.04. 22:00,0
22.04. 23:00,0
23.04. 00:00,0
23.04. 01:00,0
23.04. 02:00,0
23.04. 03:00,0
23.04. 04:00,0
23.04. 05:00,0
23.04. 06:00,0
23.04. 07:00,0
23.04. 08:00,0
23.04. 09:00,33.005
23.04. 10:00,33.011
23.04. 11:00,10.236
23.04. 12:00,0
23.04. 13:00,0
23.04. 14:00,0
23.04. 15:00,0
23.04. 16:00,0
23.04. 17:00,0
23.04. 18:00,0
23.04. 19:00,73.32957
23.04. 20:00,73.402
23.04. 21:00,57.967
23.04. 22:00,0
23.04. 23:00,0
24.04. 00:00,0
24.04. 01:00,0
24.04. 02:00,0
24.04. 03:00,0
24.04. 04:00,0
24.04. 05:00,6.8982
24.04. 06:00,73.404
24.04. 07:00,117.41
24.04. 08:00,44.004
24.04. 09:00,98.989
24.04. 10:00,55.011
24.04. 11:00,32.237
24.04. 12:00,22.002
24.04. 13:00,22.002
24.04. 14:00,8.2165
24.04. 15:00,0
24.04. 16:00,0
24.04. 17:00,0
24.04. 18:00,9.0123
24.04. 19:00,73.3501
24.04. 20:00,73.401
24.04. 21:00,56.038
24.04. 22:00,0
24.04. 23:00,0
25.04. 00:00,0
25.04. 01:00,0
25.04. 02:00,0
25.04. 03:00,0
25.04. 04:00,0
25.04. 05:00,6.8987
25.04. 06:00,73.403
25.04. 07:00,73.405
25.04. 08:00,0
25.04. 09:00,33.005
25.04. 10:00,33.011
25.04. 11:00,10.236
25.04. 12:00,0
25.04. 13:00,0
25.04. 14:00,0
25.04. 15:00,0
25.04. 16:00,0
25.04. 17:00,0
25.04. 18:00,52.886
25.04. 19:00,73.3676
25.04. 20:00,73.401
25.04. 21:00,61.008
25.04. 22:00,0
25.04. 23:00,0
26.04. 00:00,0
26.04. 01:00,0
26.04. 02:00,0
26.04. 03:00,0
26.04. 04:00,0
26.04. 05:00,0
26.04. 06:00,60.70878
26.04. 07:00,117.41
26.04. 08:00,44.003
26.04. 09:00,99.01
26.04. 10:00,74.358
26.04. 11:00,32.237
26.04. 12:00,22.002
26.04. 13:00,22.003
26.04. 14:00,0
26.04. 15:00,0
26.04. 16:00,0
26.04. 17:00,0
26.04. 18:00,42.867
26.04. 19:00,73.37446
26.04. 20:00,73.35
26.04. 21:00,54.943
26.04. 22:00,0
26.04. 23:00,0
27.04. 00:00,0
27.04. 01:00,0
27.04. 02:00,0
27.04. 03:00,0
27.04. 04:00,0
27.04. 05:00,0
27.04. 06:00,73.403
27.04. 07:00,73.405
27.04. 08:00,0
27.04. 09:00,33.005
27.04. 10:00,33.011
27.04. 11:00,10.236
27.04. 12:00,0
27.04. 13:00,0
27.04. 14:00,0
27.04. 15:00,0
27.04. 16:00,0
27.04. 17:00,0
27.04. 18:00,63.453
27.04. 19:00,73.36928
27.04. 20:00,73.401
27.04. 21:00,56.484
27.04. 22:00,0
27.04. 23:00,0
28.04. 00:00,0
28.04. 01:00,0
28.04. 02:00,0
28.04. 03:00,0
28.04. 04:00,0
28.04. 05:00,6.8987
28.04. 06:00,73.403
28.04. 07:00,73.405
28.04. 08:00,64.842
28.04. 09:00,42.917
28.04. 10:00,0
28.04. 11:00,0
28.04. 12:00,0
28.04. 13:00,0
28.04. 14:00,0
28.04. 15:00,0
28.04. 16:00,0
28.04. 17:00,0
28.04. 18:00,0
28.04. 19:00,0
28.04. 20:00,0
28.04. 21:00,0
28.04. 22:00,0
28.04. 23:00,0
29.04. 00:00,0
29.04. 01:00,0
29.04. 02:00,0
29.04. 03:00,0
29.04. 04:00,0
29.04. 05:00,0
29.04. 06:00,0
29.04. 07:00,0
29.04. 08:00,0
29.04. 09:00,0
29.04. 10:00,0
29.04. 11:00,0
29.04. 12:00,0
29.04. 13:00,0
29.04. 14:00,0
29.04. 15:00,0
29.04. 16:00,0
29.04. 17:00,0
29.04. 18:00,0
29.04. 19:00,0
29.04. 20:00,0
29.04. 21:00,0
29.04. 22:00,0
29.04. 23:00,0
30.04. 00:00,0
30.04. 01:00,0
30.04. 02:00,0
30.04. 03:00,0
30.04. 04:00,0
30.04. 05:00,0
30.04. 06:00,0
30.04. 07:00,44.002
30.04. 08:00,44.004
30.04. 09:00,77.01
30.04. 10:00,33.011
30.04. 11:00,10.236
30.04. 12:00,0
30.04. 13:00,0
30.04. 14:00,0
30.04. 15:00,0
30.04. 16:00,0
30.04. 17:00,0
30.04. 18:00,0
30.04. 19:00,73.3479
30.04. 20:00,73.402
30.04. 21:00,58.822
30.04. 22:00,0
30.04. 23:00,0
01.05. 00:00,0
01.05. 01:00,0
01.05. 02:00,0
01.05. 03:00,0
01.05. 04:00,0
01.05. 05:00,13.9769
01.05. 06:00,73.404
01.05. 07:00,73.406
01.05. 08:00,0
01.05. 09:00,55.005
01.05. 10:00,55.011
01.05. 11:00,32.237
01.05. 12:00,22.002
01.05. 13:00,22.003
01.05. 14:00,0
01.05. 15:00,0
01.05. 16:00,0
01.05. 17:00,0
01.05. 18:00,0
01.05. 19:00,73.352
01.05. 20:00,73.401
01.05. 21:00,54.307
01.05. 22:00,0
01.05. 23:00,0
02.05. 00:00,0
02.05. 01:00,0
02.05. 02:00,0
02.05. 03:00,0
02.05. 04:00,0
02.05. 05:00,22.876
02.05. 06:00,73.404
02.05. 07:00,117.41
02.05. 08:00,44.004
02.05. 09:00,77.01
02.05. 10:00,33.011
02.05. 11:00,10.236
02.05. 12:00,0
02.05. 13:00,0
02.05. 14:00,0
02.05. 15:00,0
02.05. 16:00,0
02.05. 17:00,0
02.05. 18:00,44.132
02.05. 19:00,73.36706
02.05. 20:00,73.401
02.05. 21:00,55.095
02.05. 22:00,0
02.05. 23:00,0
03.05. 00:00,0
03.05. 01:00,0
03.05. 02:00,0
03.05. 03:00,0
03.05. 04:00,0
03.05. 05:00,21.10404
03.05. 06:00,73.404
03.05. 07:00,73.405
03.05. 08:00,0
03.05. 09:00,55.005
03.05. 10:00,55.011
03.05. 11:00,32.237
03.05. 12:00,22.002
03.05. 13:00,22.003
03.05. 14:00,0
03.05. 15:00,0
03.05. 16:00,0
03.05. 17:00,0
03.05. 18:00,19.281
03.05. 19:00,73.35569
03.05. 20:00,73.347
03.05. 21:00,56.6
03.05. 22:00,0
03.05. 23:00,0
04.05. 00:00,0
04.05. 01:00,0
04.05. 02:00,0
04.05. 03:00,0
04.05. 04:00,0
04.05. 05:00,21.6635
04.05. 06:00,73.403
04.05. 07:00,117.41
04.05. 08:00,44.003
04.05. 09:00,77.01
04.05. 10:00,52.357
04.05. 11:00,10.236
04.05. 12:00,0
04.05. 13:00,0
04.05. 14:00,0
04.05. 15:00,0
04.05. 16:00,0
04.05. 17:00,0
04.05. 18:00,43.603
04.05. 19:00,73.3713
04.05. 20:00,73.401
04.05. 21:00,58.514
04.05. 22:00,0
04.05. 23:00,0
05.05. 00:00,0
05.05. 01:00,0
05.05. 02:00,0
05.05. 03:00,0
05.05. 04:00,0
05.05. 05:00,18.7581
05.05. 06:00,73.404
05.05. 07:00,73.405
05.05. 08:00,55.004
05.05. 09:00,40.747
05.05. 10:00,0
05.05. 11:00,0
05.05. 12:00,0
05.05. 13:00,0
05.05. 14:00,0
05.05. 15:00,0
05.05. 16:00,0
05.05. 17:00,0
05.05. 18:00,0
05.05. 19:00,0
05.05. 20:00,0
05.05. 21:00,0
05.05. 22:00,0
05.05. 23:00,0
06.05. 00:00,0
06.05. 01:00,0
06.05. 02:00,0
06.05. 03:00,0
06.05. 04:00,0
06.05. 05:00,0
06.05. 06:00,0
06.05. 07:00,0
06.05. 08:00,0
06.05. 09:00,0
06.05. 10:00,0
06.05. 11:00,0
06.05. 12:00,0
06.05. 13:00,0
06.05. 14:00,0
06.05. 15:00,0
06.05. 16:00,0
06.05. 17:00,0
06.05. 18:00,0
06.05. 19:00,0
06.05. 20:00,0
06.05. 21:00,0
06.05. 22:00,0
06.05. 23:00,0
07.05. 00:00,0
07.05. 01:00,0
07.05. 02:00,0
07.05. 03:00,0
07.05. 04:00,0
07.05. 05:00,0
07.05. 06:00,0
07.05. 07:00,0
07.05. 08:00,0
07.05. 09:00,33.005
07.05. 10:00,33.011
07.05. 11:00,10.236
07.05. 12:00,0
07.05. 13:00,0
07.05. 14:00,0
07.05. 15:00,0
07.05. 16:00,0
07.05. 17:00,0
07.05. 18:00,0
07.05. 19:00,73.3301
07.05. 20:00,73.402
07.05. 21:00,60.367
07.05. 22:00,0
07.05. 23:00,0
08.05. 00:00,0
08.05. 01:00,0
08.05. 02:00,0
08.05. 03:00,0
08.05. 04:00,0
08.05. 05:00,7.7658
08.05. 06:00,73.404
08.05. 07:00,117.41
08.05. 08:00,44.004
08.05. 09:00,99.011
08.05. 10:00,55.011
08.05. 11:00,32.237
08.05. 12:00,22.002
08.05. 13:00,22.003
08.05. 14:00,0
08.05. 15:00,0
08.05. 16:00,0
08.05. 17:00,0
08.05. 18:00,0
08.05. 19:00,73.354
08.05. 20:00,73.401
08.05. 21:00,54.283
08.05. 22:00,0
08.05. 23:00,0
09.05. 00:00,0
09.05. 01:00,0
09.05. 02:00,0
09.05. 03:00,0
09.05. 04:00,0
09.05. 05:00,20.92989
09.05. 06:00,73.403
09.05. 07:00,73.405
09.05. 08:00,0
09.05. 09:00,33.005
09.05. 10:00,33.011
09.05. 11:00,10.236
09.05. 12:00,0
09.05. 13:00,0
09.05. 14:00,0
09.05. 15:00,0
09.05. 16:00,0
09.05. 17:00,0
09.05. 18:00,45.73
09.05. 19:00,25.2886
09.05. 20:00,73.359
09.05. 21:00,73.402
09.05. 22:00,33.708
09.05. 23:00,8.6895
10.05. 00:00,7.6941
10.05. 01:00,7.567
10.05. 02:00,7.5576
10.05. 03:00,7.5552
10.05. 04:00,7.5544
10.05. 05:00,17.8881
10.05. 06:00,73.404
10.05. 07:00,117.41
10.05. 08:00,44.004
10.05. 09:00,99.01
10.05. 10:00,55.011
10.05. 11:00,32.237
10.05. 12:00,22.002
10.05. 13:00,22.003
10.05. 14:00,0
10.05. 15:00,0
10.05. 16:00,0
10.05. 17:00,0
10.05. 18:00,0
10.05. 19:00,25.2846
10.05. 20:00,73.364
10.05. 21:00,73.402
10.05. 22:00,34.921
10.05. 23:00,9.0381
11.05. 00:00,8.0231
11.05. 01:00,7.543
11.05. 02:00,8.0397
11.05. 03:00,8.0395
11.05. 04:00,8.0392
11.05. 05:00,43.15567
11.05. 06:00,73.405
11.05. 07:00,65.977
11.05. 08:00,0
11.05. 09:00,33.005
11.05. 10:00,33.011
11.05. 11:00,10.236
11.05. 12:00,0
11.05. 13:00,0
11.05. 14:00,0
11.05. 15:00,0
11.05. 16:00,0
11.05. 17:00,0
11.05. 18:00,48.423
11.05. 19:00,73.4013
11.05. 20:00,73.402
11.05. 21:00,66.879
11.05. 22:00,0
11.05. 23:00,7.3715
12.05. 00:00,7.3712
12.05. 01:00,7.371
12.05. 02:00,7.3708
12.05. 03:00,7.3705
12.05. 04:00,0
12.05. 05:00,43.02688
12.05. 06:00,73.407
12.05. 07:00,24.106
12.05. 08:00,0
12.05. 09:00,0
12.05. 10:00,0
12.05. 11:00,0
12.05. 12:00,0
12.05. 13:00,0
12.05. 14:00,0
12.05. 15:00,0
12.05. 16:00,0
12.05. 17:00,0
12.05. 18:00,0
12.05. 19:00,0
12.05. 20:00,0
12.05. 21:00,0
12.05. 22:00,0
12.05. 23:00,0
13.05. 00:00,0
13.05. 01:00,0
13.05. 02:00,0
13.05. 03:00,0
13.05. 04:00,0
13.05. 05:00,0
13.05. 06:00,0
13.05. 07:00,0
13.05. 08:00,0
13.05. 09:00,0
13.05. 10:00,0
13.05. 11:00,0
13.05. 12:00,0
13.05. 13:00,0
13.05. 14:00,0
13.05. 15:00,0
13.05. 16:00,0
13.05. 17:00,0
13.05. 18:00,0
13.05. 19:00,0
13.05. 20:00,0
13.05. 21:00,0
13.05. 22:00,0
13.05. 23:00,0
14.05. 00:00,0
14.05. 01:00,0
14.05. 02:00,0
14.05. 03:00,0
14.05. 04:00,0
14.05. 05:00,0
14.05. 06:00,0
14.05. 07:00,44.002
14.05. 08:00,44.003
14.05. 09:00,77.01
14.05. 10:00,52.357
14.05. 11:00,10.236
14.05. 12:00,0
14.05. 13:00,0
14.05. 14:00,0
14.05. 15:00,0
14.05. 16:00,0
14.05. 17:00,0
14.05. 18:00,0
14.05. 19:00,25.2883
14.05. 20:00,73.401
14.05. 21:00,73.402
14.05. 22:00,37.47
14.05. 23:00,9.7515
15.05. 00:00,7.981
15.05. 01:00,7.7112
15.05. 02:00,7.6037
15.05. 03:00,7.5579
15.05. 04:00,7.5543
15.05. 05:00,6.8978
15.05. 06:00,73.405
15.05. 07:00,73.407
15.05. 08:00,0
15.05. 09:00,55.005
15.05. 10:00,55.011
15.05. 11:00,32.237
15.05. 12:00,22.002
15.05. 13:00,22.003
15.05. 14:00,0
15.05. 15:00,0
15.05. 16:00,0
15.05. 17:00,0
15.05. 18:00,5.9073
15.05. 19:00,73.34
15.05. 20:00,73.401
15.05. 21:00,54.457
15.05. 22:00,0
15.05. 23:00,0
16.05. 00:00,0
16.05. 01:00,0
16.05. 02:00,0
16.05. 03:00,0
16.05. 04:00,0
16.05. 05:00,47.86981
16.05. 06:00,73.405
16.05. 07:00,117.41
16.05. 08:00,44.004
16.05. 09:00,77.01
16.05. 10:00,33.011
16.05. 11:00,10.236
16.05. 12:00,0
16.05. 13:00,0
16.05. 14:00,0
16.05. 15:00,0
16.05. 16:00,0
16.05. 17:00,0
16.05. 18:00,6.8997
16.05. 19:00,73.34505
16.05. 20:00,73.401
16.05. 21:00,55.371
16.05. 22:00,0
16.05. 23:00,0
17.05. 00:00,0
17.05. 01:00,0
17.05. 02:00,0
17.05. 03:00,0
17.05. 04:00,0
17.05. 05:00,18.6539
17.05. 06:00,73.404
17.05. 07:00,73.405
17.05. 08:00,0
17.05. 09:00,55.005
17.05. 10:00,55.011
17.05. 11:00,32.237
17.05. 12:00,22.002
17.05. 13:00,22.003
17.05. 14:00,0
17.05. 15:00,0
17.05. 16:00,0
17.05. 17:00,0
17.05. 18:00,73.362
17.05. 19:00,60.471
17.05. 20:00,73.402
17.05. 21:00,73.403
17.05. 22:00,70.361
17.05. 23:00,0
18.05. 00:00,6.9101
18.05. 01:00,0
18.05. 02:00,0
18.05. 03:00,0
18.05. 04:00,0
18.05. 05:00,0
18.05. 06:00,49.62761
18.05. 07:00,99.007
18.05. 08:00,44.004
18.05. 09:00,77.01
18.05. 10:00,33.011
18.05. 11:00,10.236
18.05. 12:00,0
18.05. 13:00,0
18.05. 14:00,0
18.05. 15:00,0
18.05. 16:00,0
18.05. 17:00,0
18.05. 18:00,0
18.05. 19:00,60.474
18.05. 20:00,73.387
18.05. 21:00,73.402
18.05. 22:00,69.897
18.05. 23:00,0
19.05. 00:00,0
19.05. 01:00,0
19.05. 02:00,0
19.05. 03:00,0
19.05. 04:00,0
19.05. 05:00,38.44757
19.05. 06:00,73.406
19.05. 07:00,51.589
19.05. 08:00,0
19.05. 09:00,0
19.05. 10:00,0
19.05. 11:00,0
19.05. 12:00,0
19.05. 13:00,0
19.05. 14:00,0
19.05. 15:00,0
19.05. 16:00,0
19.05. 17:00,0
19.05. 18:00,0
19.05. 19:00,0
19.05. 20:00,0
19.05. 21:00,0
19.05. 22:00,0
19.05. 23:00,0
20.05. 00:00,0
20.05. 01:00,0
20.05. 02:00,0
20.05. 03:00,0
20.05. 04:00,0
20.05. 05:00,0
20.05. 06:00,0
20.05. 07:00,0
20.05. 08:00,0
20.05. 09:00,0
20.05. 10:00,0
20.05. 11:00,0
20.05. 12:00,0
20.05. 13:00,0
20.05. 14:00,0
20.05. 15:00,0
20.05. 16:00,0
20.05. 17:00,0
20.05. 18:00,0
20.05. 19:00,0
20.05. 20:00,0
20.05. 21:00,0
20.05. 22:00,0
20.05. 23:00,0
21.05. 00:00,0
21.05. 01:00,0
21.05. 02:00,0
21.05. 03:00,0
21.05. 04:00,0
21.05. 05:00,0
21.05. 06:00,0
21.05. 07:00,0
21.05. 08:00,0
21.05. 09:00,33.005
21.05. 10:00,33.011
21.05. 11:00,10.236
21.05. 12:00,0
21.05. 13:00,0
21.05. 14:00,0
21.05. 15:00,0
21.05. 16:00,0
21.05. 17:00,0
21.05. 18:00,0
21.05. 19:00,25.2839
21.05. 20:00,73.401
21.05. 21:00,73.402
21.05. 22:00,37.553
21.05. 23:00,9.7755
22.05. 00:00,8.0023
22.05. 01:00,7.732
22.05. 02:00,7.6242
22.05. 03:00,7.5783
22.05. 04:00,7.55979
22.05. 05:00,64.18714
22.05. 06:00,73.407
22.05. 07:00,77.816
22.05. 08:00,44.003
22.05. 09:00,98.988
22.05. 10:00,74.357
22.05. 11:00,32.325
22.05. 12:00,22.002
22.05. 13:00,14.349
22.05. 14:00,15.825
22.05. 15:00,0
22.05. 16:00,0
22.05. 17:00,0
22.05. 18:00,0
22.05. 19:00,73.33083
22.05. 20:00,73.402
22.05. 21:00,54.448
22.05. 22:00,0
22.05. 23:00,0
23.05. 00:00,0
23.05. 01:00,0
23.05. 02:00,0
23.05. 03:00,0
23.05. 04:00,0
23.05. 05:00,18.0226
23.05. 06:00,73.404
23.05. 07:00,73.406
23.05. 08:00,0
23.05. 09:00,33.005
23.05. 10:00,33.011
23.05. 11:00,10.236
23.05. 12:00,0
23.05. 13:00,0
23.05. 14:00,0
23.05. 15:00,0
23.05. 16:00,0
23.05. 17:00,0
23.05. 18:00,18.386
23.05. 19:00,73.367
23.05. 20:00,73.401
23.05. 21:00,73.403
23.05. 22:00,22.077
23.05. 23:00,8.6505
24.05. 00:00,7.6371
24.05. 01:00,7.5677
24.05. 02:00,7.56
24.05. 03:00,7.5536
24.05. 04:00,7.5531
24.05. 05:00,73.405
24.05. 06:00,64.449
24.05. 07:00,75.352
24.05. 08:00,44.004
24.05. 09:00,99.011
24.05. 10:00,55.011
24.05. 11:00,32.237
24.05. 12:00,22.002
24.05. 13:00,22.003
24.05. 14:00,0
24.05. 15:00,0
24.05. 16:00,0
24.05. 17:00,0
24.05. 18:00,0
24.05. 19:00,60.466
24.05. 20:00,73.401
24.05. 21:00,73.403
24.05. 22:00,69.375
24.05. 23:00,0
25.05. 00:00,0
25.05. 01:00,0
25.05. 02:00,0
25.05. 03:00,0
25.05. 04:00,0
25.05. 05:00,24.94515
25.05. 06:00,73.406
25.05. 07:00,31.506
25.05. 08:00,0
25.05. 09:00,33.005
25.05. 10:00,33.011
25.05. 11:00,10.236
25.05. 12:00,0
25.05. 13:00,0
25.05. 14:00,0
25.05. 15:00,0
25.05. 16:00,0
25.05. 17:00,0
25.05. 18:00,0
25.05. 19:00,73.33612
25.05. 20:00,73.401
25.05. 21:00,55.996
25.05. 22:00,0
25.05. 23:00,0
26.05. 00:00,0
26.05. 01:00,0
26.05. 02:00,0
26.05. 03:00,0
26.05. 04:00,0
26.05. 05:00,7.3384
26.05. 06:00,38.80943
26.05. 07:00,73.405
26.05. 08:00,73.407
26.05. 09:00,38.464
26.05. 10:00,0
26.05. 11:00,0
26.05. 12:00,0
26.05. 13:00,0
26.05. 14:00,0
26.05. 15:00,0
26.05. 16:00,0
26.05. 17:00,0
26.05. 18:00,0
26.05. 19:00,0
26.05. 20:00,0
26.05. 21:00,0
26.05. 22:00,0
26.05. 23:00,0
27.05. 00:00,0
27.05. 01:00,0
27.05. 02:00,0
27.05. 03:00,0
27.05. 04:00,0
27.05. 05:00,0
27.05. 06:00,0
27.05. 07:00,0
27.05. 08:00,0
27.05. 09:00,0
27.05. 10:00,0
27.05. 11:00,0
27.05. 12:00,0
27.05. 13:00,0
27.05. 14:00,0
27.05. 15:00,0
27.05. 16:00,0
27.05. 17:00,0
27.05. 18:00,0
27.05. 19:00,0
27.05. 20:00,0
27.05. 21:00,0
27.05. 22:00,0
27.05. 23:00,0
28.05. 00:00,0
28.05. 01:00,0
28.05. 02:00,0
28.05. 03:00,0
28.05. 04:00,0
28.05. 05:00,0
28.05. 06:00,0
28.05. 07:00,44.002
28.05. 08:00,44.004
28.05. 09:00,77.01
28.05. 10:00,33.011
28.05. 11:00,10.236
28.05. 12:00,0
28.05. 13:00,0
28.05. 14:00,0
28.05. 15:00,0
28.05. 16:00,0
28.05. 17:00,0
28.05. 18:00,0
28.05. 19:00,60.467
28.05. 20:00,73.401
28.05. 21:00,73.403
28.05. 22:00,8.7781
28.05. 23:00,8.1502
29.05. 00:00,7.663
29.05. 01:00,7.6059
29.05. 02:00,7.5619
29.05. 03:00,7.5542
29.05. 04:00,7.5533
29.05. 05:00,0
29.05. 06:00,30.78527
29.05. 07:00,48.848
29.05. 08:00,0
29.05. 09:00,55.005
29.05. 10:00,55.011
29.05. 11:00,32.237
29.05. 12:00,22.002
29.05. 13:00,22.003
29.05. 14:00,0
29.05. 15:00,0
29.05. 16:00,0
29.05. 17:00,0
29.05. 18:00,5.5198
29.05. 19:00,25.2927
29.05. 20:00,73.351
29.05. 21:00,73.401
29.05. 22:00,36.697
29.05. 23:00,9.5508
30.05. 00:00,7.803
30.05. 01:00,7.6557
30.05. 02:00,7.5526
30.05. 03:00,8.0595
30.05. 04:00,8.0593
30.05. 05:00,8.059
30.05. 06:00,27.037
30.05. 07:00,99.5995
30.05. 08:00,44.003
30.05. 09:00,77.01
30.05. 10:00,61.528
30.05. 11:00,10.236
30.05. 12:00,0
30.05. 13:00,0
30.05. 14:00,0
30.05. 15:00,0
30.05. 16:00,0
30.05. 17:00,0
30.05. 18:00,63.436
30.05. 19:00,73.357
30.05. 20:00,73.401
30.05. 21:00,73.402
30.05. 22:00,34.656
30.05. 23:00,8.9692
31.05. 00:00,7.9582
31.05. 01:00,7.7079
31.05. 02:00,7.6004
31.05. 03:00,7.5546
31.05. 04:00,7.5531
31.05. 05:00,14.8858
31.05. 06:00,73.405
31.05. 07:00,73.407
31.05. 08:00,0
31.05. 09:00,55.005
31.05. 10:00,55.011
31.05. 11:00,32.237
31.05. 12:00,22.002
31.05. 13:00,22.003
31.05. 14:00,0
31.05. 15:00,0
31.05. 16:00,0
31.05. 17:00,0
31.05. 18:00,9.303
31.05. 19:00,60.471
31.05. 20:00,73.401
31.05. 21:00,73.402
31.05. 22:00,8.7634
31.05. 23:00,8.1359
01.06. 00:00,7.6494
01.06. 01:00,7.5921
01.06. 02:00,7.5737
01.06. 03:00,7.5562
01.06. 04:00,7.5534
01.06. 05:00,14.7854
01.06. 06:00,21.04044
01.06. 07:00,110.38752
01.06. 08:00,44.004
01.06. 09:00,77.01
01.06. 10:00,33.011
01.06. 11:00,10.236
01.06. 12:00,0
01.06. 13:00,0
01.06. 14:00,0
01.06. 15:00,0
01.06. 16:00,0
01.06. 17:00,0
01.06. 18:00,21.222
01.06. 19:00,73.3504
01.06. 20:00,73.401
01.06. 21:00,61.063
01.06. 22:00,0
01.06. 23:00,0
02.06. 00:00,0
02.06. 01:00,0
02.06. 02:00,0
02.06. 03:00,0
02.06. 04:00,0
02.06. 05:00,16.7313
02.06. 06:00,73.404
02.06. 07:00,73.405
02.06. 08:00,73.407
02.06. 09:00,0
02.06. 10:00,0
02.06. 11:00,0
02.06. 12:00,0
02.06. 13:00,0
02.06. 14:00,0
02.06. 15:00,0
02.06. 16:00,0
02.06. 17:00,0
02.06. 18:00,0
02.06. 19:00,0
02.06. 20:00,0
02.06. 21:00,0
02.06. 22:00,0
02.06. 23:00,0
03.06. 00:00,0
03.06. 01:00,0
03.06. 02:00,0
03.06. 03:00,0
03.06. 04:00,0
03.06. 05:00,0
03.06. 06:00,0
03.06. 07:00,0
03.06. 08:00,0
03.06. 09:00,0
03.06. 10:00,0
03.06. 11:00,0
03.06. 12:00,0
03.06. 13:00,0
03.06. 14:00,0
03.06. 15:00,0
03.06. 16:00,0
03.06. 17:00,0
03.06. 18:00,0
03.06. 19:00,0
03.06. 20:00,0
03.06. 21:00,0
03.06. 22:00,0
03.06. 23:00,0
04.06. 00:00,0
04.06. 01:00,0
04.06. 02:00,0
04.06. 03:00,0
04.06. 04:00,0
04.06. 05:00,0
04.06. 06:00,0
04.06. 07:00,0
04.06. 08:00,0
04.06. 09:00,33.005
04.06. 10:00,33.011
04.06. 11:00,10.236
04.06. 12:00,0
04.06. 13:00,0
04.06. 14:00,0
04.06. 15:00,0
04.06. 16:00,0
04.06. 17:00,0
04.06. 18:00,0
04.06. 19:00,73.337
04.06. 20:00,73.401
04.06. 21:00,73.403
04.06. 22:00,68.66
04.06. 23:00,0
05.06. 00:00,0
05.06. 01:00,0
05.06. 02:00,0
05.06. 03:00,0
05.06. 04:00,0
05.06. 05:00,73.406
05.06. 06:00,66.492
05.06. 07:00,44.002
05.06. 08:00,44.003
05.06. 09:00,99.01
05.06. 10:00,55.011
05.06. 11:00,32.237
05.06. 12:00,22.002
05.06. 13:00,13.537
05.06. 14:00,14.017
05.06. 15:00,0
05.06. 16:00,0
05.06. 17:00,0
05.06. 18:00,0
05.06. 19:00,73.3498
05.06. 20:00,73.402
05.06. 21:00,58.477
05.06. 22:00,0
05.06. 23:00,0
06.06. 00:00,0
06.06. 01:00,0
06.06. 02:00,0
06.06. 03:00,0
06.06. 04:00,0
06.06. 05:00,44.53772
06.06. 06:00,73.405
06.06. 07:00,72.717
06.06. 08:00,0
06.06. 09:00,33.005
06.06. 10:00,33.011
06.06. 11:00,10.236
06.06. 12:00,0
06.06. 13:00,0
06.06. 14:00,0
06.06. 15:00,0
06.06. 16:00,0
06.06. 17:00,0
06.06. 18:00,53.871
06.06. 19:00,73.4014
06.06. 20:00,73.402
06.06. 21:00,73.403
06.06. 22:00,46.18
06.06. 23:00,0
07.06. 00:00,0
07.06. 01:00,0
07.06. 02:00,0
07.06. 03:00,0
07.06. 04:00,0
07.06. 05:00,72.47599
07.06. 06:00,51.914
07.06. 07:00,44.002
07.06. 08:00,44.003
07.06. 09:00,99.01
07.06. 10:00,76.56
07.06. 11:00,32.237
07.06. 12:00,22.002
07.06. 13:00,22.003
07.06. 14:00,0
07.06. 15:00,0
07.06. 16:00,0
07.06. 17:00,0
07.06. 18:00,0
07.06. 19:00,25.2995
07.06. 20:00,73.401
07.06. 21:00,73.402
07.06. 22:00,33.758
07.06. 23:00,8.7093
08.06. 00:00,7.7131
08.06. 01:00,7.5852
08.06. 02:00,7.565
08.06. 03:00,7.5582
08.06. 04:00,7.5558
08.06. 05:00,7.5535
08.06. 06:00,18.6194
08.06. 07:00,25.928
08.06. 08:00,0
08.06. 09:00,33.005
08.06. 10:00,33.011
08.06. 11:00,10.236
08.06. 12:00,0
08.06. 13:00,0
08.06. 14:00,0
08.06. 15:00,0
08.06. 16:00,0
08.06. 17:00,0
08.06. 18:00,15.5
08.06. 19:00,25.29
08.06. 20:00,73.379
08.06. 21:00,73.357
08.06. 22:00,33.659
08.06. 23:00,8.6004
09.06. 00:00,7.6054
09.06. 01:00,7.5616
09.06. 02:00,7.5548
09.06. 03:00,7.5545
09.06. 04:00,7.5543
09.06. 05:00,26.771
09.06. 06:00,73.404
09.06. 07:00,73.405
09.06. 08:00,55.004
09.06. 09:00,35.357
09.06. 10:00,0
09.06. 11:00,0
09.06. 12:00,0
09.06. 13:00,0
09.06. 14:00,0
09.06. 15:00,0
09.06. 16:00,0
09.06. 17:00,0
09.06. 18:00,0
09.06. 19:00,0
09.06. 20:00,0
09.06. 21:00,0
09.06. 22:00,0
09.06. 23:00,0
10.06. 00:00,0
10.06. 01:00,0
10.06. 02:00,0
10.06. 03:00,0
10.06. 04:00,0
10.06. 05:00,7.0035
10.06. 06:00,0
10.06. 07:00,0
10.06. 08:00,0
10.06. 09:00,0
10.06. 10:00,0
10.06. 11:00,0
10.06. 12:00,0
10.06. 13:00,0
10.06. 14:00,0
10.06. 15:00,0
10.06. 16:00,0
10.06. 17:00,0
10.06. 18:00,0
10.06. 19:00,0
10.06. 20:00,0
10.06. 21:00,0
10.06. 22:00,0
10.06. 23:00,0
11.06. 00:00,0
11.06. 01:00,0
11.06. 02:00,0
11.06. 03:00,0
11.06. 04:00,0
11.06. 05:00,0
11.06. 06:00,0
11.06. 07:00,44.002
11.06. 08:00,44.004
11.06. 09:00,77.01
11.06. 10:00,33.011
11.06. 11:00,10.236
11.06. 12:00,0
11.06. 13:00,0
11.06. 14:00,0
11.06. 15:00,0
11.06. 16:00,0
11.06. 17:00,0
11.06. 18:00,0
11.06. 19:00,25.2997
11.06. 20:00,73.401
11.06. 21:00,73.402
11.06. 22:00,35.556
11.06. 23:00,9.2284
12.06. 00:00,7.5189
12.06. 01:00,7.9845
12.06. 02:00,7.9842
12.06. 03:00,7.9839
12.06. 04:00,6.8979
12.06. 05:00,73.405
12.06. 06:00,55.005
12.06. 07:00,28.836
12.06. 08:00,0
12.06. 09:00,55.005
12.06. 10:00,55.011
12.06. 11:00,32.237
12.06. 12:00,22.002
12.06. 13:00,22.003
12.06. 14:00,0
12.06. 15:00,0
12.06. 16:00,0
12.06. 17:00,0
12.06. 18:00,0
12.06. 19:00,73.337
12.06. 20:00,73.401
12.06. 21:00,73.403
12.06. 22:00,7.2193
12.06. 23:00,7.9269
13.06. 00:00,7.9266
13.06. 01:00,7.9263
13.06. 02:00,7.9261
13.06. 03:00,7.9258
13.06. 04:00,7.9256
13.06. 05:00,32.83034
13.06. 06:00,34.84548
13.06. 07:00,117.41
13.06. 08:00,44.004
13.06. 09:00,77.01
13.06. 10:00,33.011
13.06. 11:00,10.236
13.06. 12:00,0
13.06. 13:00,0
13.06. 14:00,0
13.06. 15:00,0
13.06. 16:00,0
13.06. 17:00,0
13.06. 18:00,14.3
13.06. 19:00,60.469
13.06. 20:00,73.401
13.06. 21:00,73.402
13.06. 22:00,70.948
13.06. 23:00,0
14.06. 00:00,0
14.06. 01:00,0
14.06. 02:00,0
14.06. 03:00,0
14.06. 04:00,0
14.06. 05:00,6.8975
14.06. 06:00,31.20832
14.06. 07:00,36.181
14.06. 08:00,0
14.06. 09:00,55.005
14.06. 10:00,55.011
14.06. 11:00,32.237
14.06. 12:00,22.002
14.06. 13:00,22.003
14.06. 14:00,0
14.06. 15:00,0
14.06. 16:00,0
14.06. 17:00,0
14.06. 18:00,15.103
14.06. 19:00,73.3542
14.06. 20:00,73.401
14.06. 21:00,73.402
14.06. 22:00,48.371
14.06. 23:00,12.82
15.06. 00:00,7.7318
15.06. 01:00,7.5865
15.06. 02:00,7.5681
15.06. 03:00,7.5613
15.06. 04:00,7.5547
15.06. 05:00,47.98227
15.06. 06:00,73.407
15.06. 07:00,81.417
15.06. 08:00,44.003
15.06. 09:00,77.01
15.06. 10:00,52.357
15.06. 11:00,10.236
15.06. 12:00,0
15.06. 13:00,0
15.06. 14:00,0
15.06. 15:00,0
15.06. 16:00,0
15.06. 17:00,0
15.06. 18:00,0
15.06. 19:00,73.348
15.06. 20:00,73.402
15.06. 21:00,73.403
15.06. 22:00,30.649
15.06. 23:00,7.7191
16.06. 00:00,7.5564
16.06. 01:00,7.5542
16.06. 02:00,7.5534
16.06. 03:00,0
16.06. 04:00,0
16.06. 05:00,0
16.06. 06:00,60.91504
16.06. 07:00,73.407
16.06. 08:00,0
16.06. 09:00,0
16.06. 10:00,0
16.06. 11:00,0
16.06. 12:00,0
16.06. 13:00,0
16.06. 14:00,0
16.06. 15:00,0
16.06. 16:00,0
16.06. 17:00,0
16.06. 18:00,0
16.06. 19:00,0
16.06. 20:00,0
16.06. 21:00,0
16.06. 22:00,0
16.06. 23:00,0
17.06. 00:00,0
17.06. 01:00,0
17.06. 02:00,0
17.06. 03:00,0
17.06. 04:00,0
17.06. 05:00,0
17.06. 06:00,0
17.06. 07:00,0
17.06. 08:00,0
17.06. 09:00,0
17.06. 10:00,0
17.06. 11:00,0
17.06. 12:00,0
17.06. 13:00,0
17.06. 14:00,0
17.06. 15:00,0
17.06. 16:00,0
17.06. 17:00,0
17.06. 18:00,0
17.06. 19:00,0
17.06. 20:00,0
17.06. 21:00,0
17.06. 22:00,0
17.06. 23:00,0
18.06. 00:00,0
18.06. 01:00,0
18.06. 02:00,0
18.06. 03:00,0
18.06. 04:00,0
18.06. 05:00,0
18.06. 06:00,0
18.06. 07:00,0
18.06. 08:00,0
18.06. 09:00,33.005
18.06. 10:00,33.011
18.06. 11:00,10.236
18.06. 12:00,0
18.06. 13:00,0
18.06. 14:00,0
18.06. 15:00,0
18.06. 16:00,0
18.06. 17:00,0
18.06. 18:00,0
18.06. 19:00,73.334
18.06. 20:00,73.402
18.06. 21:00,73.403
18.06. 22:00,55.114
18.06. 23:00,0
19.06. 00:00,0
19.06. 01:00,0
19.06. 02:00,0
19.06. 03:00,0
19.06. 04:00,0
19.06. 05:00,40.87677
19.06. 06:00,69.1254
19.06. 07:00,70.737
19.06. 08:00,44.003
19.06. 09:00,99.01
19.06. 10:00,75.235
19.06. 11:00,32.237
19.06. 12:00,22.002
19.06. 13:00,22.003
19.06. 14:00,0
19.06. 15:00,0
19.06. 16:00,0
19.06. 17:00,0
19.06. 18:00,0
19.06. 19:00,73.3318
19.06. 20:00,73.402
19.06. 21:00,66.244
19.06. 22:00,0
19.06. 23:00,7.2834
20.06. 00:00,7.2832
20.06. 01:00,7.283
20.06. 02:00,7.2827
20.06. 03:00,7.2825
20.06. 04:00,7.2823
20.06. 05:00,7.282
20.06. 06:00,16.4404
20.06. 07:00,33.284
20.06. 08:00,0
20.06. 09:00,33.005
20.06. 10:00,33.011
20.06. 11:00,10.236
20.06. 12:00,0
20.06. 13:00,0
20.06. 14:00,0
20.06. 15:00,0
20.06. 16:00,0
20.06. 17:00,0
20.06. 18:00,73.374
20.06. 19:00,60.476
20.06. 20:00,73.384
20.06. 21:00,73.402
20.06. 22:00,0
20.06. 23:00,0
21.06. 00:00,0
21.06. 01:00,0
21.06. 02:00,0
21.06. 03:00,0
21.06. 04:00,0
21.06. 05:00,16.4607
21.06. 06:00,20.34162
21.06. 07:00,69.589
21.06. 08:00,44.003
21.06. 09:00,99.01
21.06. 10:00,55.011
21.06. 11:00,32.237
21.06. 12:00,22.002
21.06. 13:00,22.003
21.06. 14:00,0
21.06. 15:00,0
21.06. 16:00,0
21.06. 17:00,0
21.06. 18:00,73.383
21.06. 19:00,60.488
21.06. 20:00,73.386
21.06. 21:00,73.402
21.06. 22:00,8.552
21.06. 23:00,7.9194
22.06. 00:00,7.6643
22.06. 01:00,7.5556
22.06. 02:00,8.0619
22.06. 03:00,8.0616
22.06. 04:00,8.0613
22.06. 05:00,15.7719
22.06. 06:00,55.7026
22.06. 07:00,73.405
22.06. 08:00,0
22.06. 09:00,33.005
22.06. 10:00,77.014
22.06. 11:00,54.241
22.06. 12:00,16.729
22.06. 13:00,0
22.06. 14:00,0
22.06. 15:00,0
22.06. 16:00,0
22.06. 17:00,0
22.06. 18:00,73.02
22.06. 19:00,73.3895
22.06. 20:00,73.4022
22.06. 21:00,73.403
22.06. 22:00,51.495
22.06. 23:00,0
23.06. 00:00,0
23.06. 01:00,0
23.06. 02:00,0
23.06. 03:00,0
23.06. 04:00,0
23.06. 05:00,63.70956
23.06. 06:00,18.402
23.06. 07:00,8.2227
23.06. 08:00,0
23.06. 09:00,0
23.06. 10:00,0
23.06. 11:00,0
23.06. 12:00,0
23.06. 13:00,0
23.06. 14:00,0
23.06. 15:00,0
23.06. 16:00,0
23.06. 17:00,0
23.06. 18:00,0
23.06. 19:00,0
23.06. 20:00,0
23.06. 21:00,0
23.06. 22:00,0
23.06. 23:00,0
24.06. 00:00,0
24.06. 01:00,0
24.06. 02:00,0
24.06. 03:00,0
24.06. 04:00,0
24.06. 05:00,0
24.06. 06:00,0
24.06. 07:00,0
24.06. 08:00,0
24.06. 09:00,0
24.06. 10:00,0
24.06. 11:00,0
24.06. 12:00,0
24.06. 13:00,0
24.06. 14:00,0
24.06. 15:00,0
24.06. 16:00,0
24.06. 17:00,0
24.06. 18:00,0
24.06. 19:00,0
24.06. 20:00,0
24.06. 21:00,0
24.06. 22:00,0
24.06. 23:00,0
25.06. 00:00,0
25.06. 01:00,0
25.06. 02:00,0
25.06. 03:00,0
25.06. 04:00,0
25.06. 05:00,0
25.06. 06:00,0
25.06. 07:00,0
25.06. 08:00,0
25.06. 09:00,33.005
25.06. 10:00,33.011
25.06. 11:00,10.236
25.06. 12:00,0
25.06. 13:00,0
25.06. 14:00,0
25.06. 15:00,0
25.06. 16:00,0
25.06. 17:00,0
25.06. 18:00,0
25.06. 19:00,60.487
25.06. 20:00,73.401
25.06. 21:00,73.402
25.06. 22:00,68.965
25.06. 23:00,0
26.06. 00:00,0
26.06. 01:00,0
26.06. 02:00,0
26.06. 03:00,0
26.06. 04:00,0
26.06. 05:00,6.8979
26.06. 06:00,50.29334
26.06. 07:00,117.41
26.06. 08:00,44.004
26.06. 09:00,99.011
26.06. 10:00,55.011
26.06. 11:00,32.237
26.06. 12:00,22.002
26.06. 13:00,22.003
26.06. 14:00,0
26.06. 15:00,0
26.06. 16:00,0
26.06. 17:00,0
26.06. 18:00,18.386
26.06. 19:00,73.367
26.06. 20:00,73.401
26.06. 21:00,73.403
26.06. 22:00,54.78
26.06. 23:00,0
27.06. 00:00,0
27.06. 01:00,0
27.06. 02:00,0
27.06. 03:00,0
27.06. 04:00,0
27.06. 05:00,73.405
27.06. 06:00,55.004
27.06. 07:00,45.737
27.06. 08:00,0
27.06. 09:00,33.005
27.06. 10:00,33.011
27.06. 11:00,10.236
27.06. 12:00,0
27.06. 13:00,0
27.06. 14:00,0
27.06. 15:00,0
27.06. 16:00,0
27.06. 17:00,0
27.06. 18:00,0
27.06. 19:00,73.347
27.06. 20:00,73.40216
27.06. 21:00,73.403
27.06. 22:00,55.365
27.06. 23:00,0
28.06. 00:00,0
28.06. 01:00,0
28.06. 02:00,0
28.06. 03:00,0
28.06. 04:00,0
28.06. 05:00,73.406
28.06. 06:00,66.03
28.06. 07:00,44.002
28.06. 08:00,44.004
28.06. 09:00,99.01
28.06. 10:00,55.011
28.06. 11:00,32.237
28.06. 12:00,22.002
28.06. 13:00,22.003
28.06. 14:00,0
28.06. 15:00,0
28.06. 16:00,0
28.06. 17:00,0
28.06. 18:00,0
28.06. 19:00,73.349
28.06. 20:00,73.40211
28.06. 21:00,73.403
28.06. 22:00,56.459
28.06. 23:00,0
29.06. 00:00,0
29.06. 01:00,0
29.06. 02:00,0
29.06. 03:00,0
29.06. 04:00,0
29.06. 05:00,66.48009
29.06. 06:00,53.522
29.06. 07:00,14.272
29.06. 08:00,0
29.06. 09:00,33.005
29.06. 10:00,33.011
29.06. 11:00,10.236
29.06. 12:00,0
29.06. 13:00,0
29.06. 14:00,0
29.06. 15:00,0
29.06. 16:00,0
29.06. 17:00,0
29.06. 18:00,0
29.06. 19:00,60.472
29.06. 20:00,73.401
29.06. 21:00,73.402
29.06. 22:00,0
29.06. 23:00,0
30.06. 00:00,0
30.06. 01:00,0
30.06. 02:00,0
30.06. 03:00,0
30.06. 04:00,0
30.06. 05:00,71.1714
30.06. 06:00,73.405
30.06. 07:00,73.408
30.06. 08:00,0
30.06. 09:00,0
30.06. 10:00,0
30.06. 11:00,0
30.06. 12:00,0
30.06. 13:00,0
30.06. 14:00,0
30.06. 15:00,0
30.06. 16:00,0
30.06. 17:00,0
30.06. 18:00,0
30.06. 19:00,0
30.06. 20:00,0
30.06. 21:00,0
30.06. 22:00,0
30.06. 23:00,0
01.07. 00:00,0
01.07. 01:00,0
01.07. 02:00,0
01.07. 03:00,0
01.07. 04:00,0
01.07. 05:00,0
01.07. 06:00,0
01.07. 07:00,0
01.07. 08:00,0
01.07. 09:00,0
01.07. 10:00,0
01.07. 11:00,0
01.07. 12:00,0
01.07. 13:00,0
01.07. 14:00,0
01.07. 15:00,0
01.07. 16:00,0
01.07. 17:00,0
01.07. 18:00,0
01.07. 19:00,0
01.07. 20:00,0
01.07. 21:00,0
01.07. 22:00,0
01.07. 23:00,0
02.07. 00:00,0
02.07. 01:00,0
02.07. 02:00,0
02.07. 03:00,0
02.07. 04:00,0
02.07. 05:00,0
02.07. 06:00,0
02.07. 07:00,20.481
02.07. 08:00,44.003
02.07. 09:00,77.009
02.07. 10:00,76.7
02.07. 11:00,10.236
02.07. 12:00,0
02.07. 13:00,0
02.07. 14:00,0
02.07. 15:00,0
02.07. 16:00,0
02.07. 17:00,0
02.07. 18:00,0
02.07. 19:00,73.332
02.07. 20:00,73.40202
02.07. 21:00,73.403
02.07. 22:00,55.317
02.07. 23:00,0
03.07. 00:00,0
03.07. 01:00,0
03.07. 02:00,0
03.07. 03:00,0
03.07. 04:00,0
03.07. 05:00,29.69027
03.07. 06:00,42.252
03.07. 07:00,68.921
03.07. 08:00,0
03.07. 09:00,54.983
03.07. 10:00,55.011
03.07. 11:00,32.237
03.07. 12:00,22.002
03.07. 13:00,22.003
03.07. 14:00,0
03.07. 15:00,0
03.07. 16:00,0
03.07. 17:00,0
03.07. 18:00,0
03.07. 19:00,73.353
03.07. 20:00,73.40194
03.07. 21:00,73.403
03.07. 22:00,11.524
03.07. 23:00,8.7612
04.07. 00:00,7.7664
04.07. 01:00,7.6369
04.07. 02:00,7.5905
04.07. 03:00,7.572
04.07. 04:00,7.5543
04.07. 05:00,45.71107
04.07. 06:00,73.407
04.07. 07:00,84.441
04.07. 08:00,44.004
04.07. 09:00,77.01
04.07. 10:00,33.011
04.07. 11:00,10.236
04.07. 12:00,0
04.07. 13:00,0
04.07. 14:00,0
04.07. 15:00,0
04.07. 16:00,0
04.07. 17:00,0
04.07. 18:00,0
04.07. 19:00,73.347
04.07. 20:00,73.40207
04.07. 21:00,73.403
04.07. 22:00,31.872
04.07. 23:00,8.0758
05.07. 00:00,7.7343
05.07. 01:00,7.6248
05.07. 02:00,7.5785
05.07. 03:00,0
05.07. 04:00,0
05.07. 05:00,0
05.07. 06:00,14.9962
05.07. 07:00,16.772
05.07. 08:00,0
05.07. 09:00,54.983
05.07. 10:00,55.011
05.07. 11:00,32.237
05.07. 12:00,22.002
05.07. 13:00,22.002
05.07. 14:00,8.2254
05.07. 15:00,0
05.07. 16:00,0
05.07. 17:00,0
05.07. 18:00,28.263
05.07. 19:00,73.362
05.07. 20:00,73.34691
05.07. 21:00,73.402
05.07. 22:00,7.8679
05.07. 23:00,7.646
06.07. 00:00,7.5878
06.07. 01:00,7.5692
06.07. 02:00,7.5624
06.07. 03:00,7.5558
06.07. 04:00,7.55492
06.07. 05:00,7.8424
06.07. 06:00,22.382
06.07. 07:00,82.869
06.07. 08:00,44.003
06.07. 09:00,77.009
06.07. 10:00,62.785
06.07. 11:00,10.236
06.07. 12:00,0
06.07. 13:00,0
06.07. 14:00,0
06.07. 15:00,0
06.07. 16:00,0
06.07. 17:00,0
06.07. 18:00,73.379
06.07. 19:00,73.3514
06.07. 20:00,73.40089
06.07. 21:00,73.402
06.07. 22:00,51.696
06.07. 23:00,0
07.07. 00:00,0
07.07. 01:00,0
07.07. 02:00,0
07.07. 03:00,0
07.07. 04:00,0
07.07. 05:00,73.405
07.07. 06:00,73.407
07.07. 07:00,41.498
07.07. 08:00,0
07.07. 09:00,0
07.07. 10:00,0
07.07. 11:00,0
07.07. 12:00,0
07.07. 13:00,0
07.07. 14:00,0
07.07. 15:00,0
07.07. 16:00,0
07.07. 17:00,0
07.07. 18:00,0
07.07. 19:00,0
07.07. 20:00,0
07.07. 21:00,0
07.07. 22:00,0
07.07. 23:00,0
08.07. 00:00,0
08.07. 01:00,0
08.07. 02:00,0
08.07. 03:00,0
08.07. 04:00,0
08.07. 05:00,0
08.07. 06:00,0
08.07. 07:00,0
08.07. 08:00,0
08.07. 09:00,0
08.07. 10:00,0
08.07. 11:00,0
08.07. 12:00,0
08.07. 13:00,0
08.07. 14:00,0
08.07. 15:00,0
08.07. 16:00,0
08.07. 17:00,0
08.07. 18:00,0
08.07. 19:00,0
08.07. 20:00,0
08.07. 21:00,0
08.07. 22:00,0
08.07. 23:00,0
09.07. 00:00,0
09.07. 01:00,0
09.07. 02:00,0
09.07. 03:00,0
09.07. 04:00,0
09.07. 05:00,0
09.07. 06:00,0
09.07. 07:00,0
09.07. 08:00,0
09.07. 09:00,33.005
09.07. 10:00,33.011
09.07. 11:00,10.236
09.07. 12:00,0
09.07. 13:00,0
09.07. 14:00,0
09.07. 15:00,0
09.07. 16:00,0
09.07. 17:00,0
09.07. 18:00,0
09.07. 19:00,73.331
09.07. 20:00,73.402
09.07. 21:00,73.403
09.07. 22:00,13.527
09.07. 23:00,8.6143
10.07. 00:00,7.6055
10.07. 01:00,7.5614
10.07. 02:00,7.5546
10.07. 03:00,7.5536
10.07. 04:00,8.0625
10.07. 05:00,6.8974
10.07. 06:00,32.99038
10.07. 07:00,106.0767
10.07. 08:00,44.004
10.07. 09:00,99.01
10.07. 10:00,55.011
10.07. 11:00,32.237
10.07. 12:00,22.002
10.07. 13:00,22.003
10.07. 14:00,0
10.07. 15:00,0
10.07. 16:00,0
10.07. 17:00,0
10.07. 18:00,55.96
10.07. 19:00,73.384
10.07. 20:00,73.402
10.07. 21:00,73.403
10.07. 22:00,66.809
10.07. 23:00,0
11.07. 00:00,0
11.07. 01:00,0
11.07. 02:00,0
11.07. 03:00,0
11.07. 04:00,0
11.07. 05:00,44.06617
11.07. 06:00,18.402
11.07. 07:00,0
11.07. 08:00,0
11.07. 09:00,33.005
11.07. 10:00,33.011
11.07. 11:00,10.236
11.07. 12:00,0
11.07. 13:00,0
11.07. 14:00,0
11.07. 15:00,0
11.07. 16:00,0
11.07. 17:00,0
11.07. 18:00,0
11.07. 19:00,73.35
11.07. 20:00,73.401
11.07. 21:00,73.402
11.07. 22:00,0
11.07. 23:00,0
12.07. 00:00,0
12.07. 01:00,0
12.07. 02:00,0
12.07. 03:00,0
12.07. 04:00,0
12.07. 05:00,15.9624
12.07. 06:00,73.404
12.07. 07:00,117.41
12.07. 08:00,44.003
12.07. 09:00,99.01
12.07. 10:00,72.929
12.07. 11:00,32.237
12.07. 12:00,22.002
12.07. 13:00,22.003
12.07. 14:00,0
12.07. 15:00,0
12.07. 16:00,0
12.07. 17:00,0
12.07. 18:00,54.977
12.07. 19:00,60.473
12.07. 20:00,73.401
12.07. 21:00,73.402
12.07. 22:00,7.4523
12.07. 23:00,7.5615
13.07. 00:00,7.556
13.07. 01:00,7.5552
13.07. 02:00,7.5544
13.07. 03:00,7.5541
13.07. 04:00,7.5539
13.07. 05:00,36.59745
13.07. 06:00,73.406
13.07. 07:00,59.69
13.07. 08:00,0
13.07. 09:00,33.005
13.07. 10:00,33.011
13.07. 11:00,10.236
13.07. 12:00,0
13.07. 13:00,0
13.07. 14:00,0
13.07. 15:00,0
13.07. 16:00,0
13.07. 17:00,0
13.07. 18:00,18.388
13.07. 19:00,73.347
13.07. 20:00,73.402
13.07. 21:00,73.403
13.07. 22:00,45.715
13.07. 23:00,12.073
14.07. 00:00,8.7994
14.07. 01:00,0
14.07. 02:00,0
14.07. 03:00,0
14.07. 04:00,0
14.07. 05:00,63.10875
14.07. 06:00,8.2174
14.07. 07:00,0
14.07. 08:00,0
14.07. 09:00,0
14.07. 10:00,0
14.07. 11:00,0
14.07. 12:00,0
14.07. 13:00,0
14.07. 14:00,0
14.07. 15:00,0
14.07. 16:00,0
14.07. 17:00,0
14.07. 18:00,0
14.07. 19:00,0
14.07. 20:00,0
14.07. 21:00,0
14.07. 22:00,0
14.07. 23:00,0
15.07. 00:00,0
15.07. 01:00,0
15.07. 02:00,0
15.07. 03:00,0
15.07. 04:00,0
15.07. 05:00,0
15.07. 06:00,0
15.07. 07:00,0
15.07. 08:00,0
15.07. 09:00,0
15.07. 10:00,0
15.07. 11:00,0
15.07. 12:00,0
15.07. 13:00,0
15.07. 14:00,0
15.07. 15:00,0
15.07. 16:00,0
15.07. 17:00,0
15.07. 18:00,0
15.07. 19:00,0
15.07. 20:00,0
15.07. 21:00,0
15.07. 22:00,0
15.07. 23:00,0
16.07. 00:00,0
16.07. 01:00,0
16.07. 02:00,0
16.07. 03:00,0
16.07. 04:00,0
16.07. 05:00,24.47
16.07. 06:00,34.325
16.07. 07:00,44.002
16.07. 08:00,44.004
16.07. 09:00,77.01
16.07. 10:00,33.011
16.07. 11:00,10.236
16.07. 12:00,0
16.07. 13:00,0
16.07. 14:00,0
16.07. 15:00,0
16.07. 16:00,0
16.07. 17:00,0
16.07. 18:00,0
16.07. 19:00,73.347
16.07. 20:00,73.402
16.07. 21:00,73.403
16.07. 22:00,71.41
16.07. 23:00,0
17.07. 00:00,0
17.07. 01:00,0
17.07. 02:00,0
17.07. 03:00,0
17.07. 04:00,0
17.07. 05:00,0
17.07. 06:00,29.61329
17.07. 07:00,31.431
17.07. 08:00,0
17.07. 09:00,55.005
17.07. 10:00,55.011
17.07. 11:00,32.237
17.07. 12:00,22.002
17.07. 13:00,22.003
17.07. 14:00,0
17.07. 15:00,0
17.07. 16:00,0
17.07. 17:00,0
17.07. 18:00,73.357
17.07. 19:00,60.519
17.07. 20:00,73.402
17.07. 21:00,73.403
17.07. 22:00,70.623
17.07. 23:00,0
18.07. 00:00,0
18.07. 01:00,0
18.07. 02:00,0
18.07. 03:00,0
18.07. 04:00,0
18.07. 05:00,0
18.07. 06:00,62.37058
18.07. 07:00,58.058
18.07. 08:00,44.004
18.07. 09:00,77.01
18.07. 10:00,33.011
18.07. 11:00,10.236
18.07. 12:00,0
18.07. 13:00,0
18.07. 14:00,0
18.07. 15:00,0
18.07. 16:00,0
18.07. 17:00,0
18.07. 18:00,0
18.07. 19:00,60.486
18.07. 20:00,73.401
18.07. 21:00,73.402
18.07. 22:00,7.9106
18.07. 23:00,7.6892
19.07. 00:00,7.5718
19.07. 01:00,7.5621
19.07. 02:00,7.5556
19.07. 03:00,7.5546
19.07. 04:00,7.5545
19.07. 05:00,7.55431
19.07. 06:00,73.404
19.07. 07:00,73.406
19.07. 08:00,0
19.07. 09:00,55.005
19.07. 10:00,43.298
19.07. 11:00,44.345
19.07. 12:00,22.002
19.07. 13:00,22.003
19.07. 14:00,0
19.07. 15:00,0
19.07. 16:00,0
19.07. 17:00,0
19.07. 18:00,73.352
19.07. 19:00,73.401
19.07. 20:00,73.402
19.07. 21:00,73.403
19.07. 22:00,30.811
19.07. 23:00,0
20.07. 00:00,0
20.07. 01:00,0
20.07. 02:00,0
20.07. 03:00,0
20.07. 04:00,0
20.07. 05:00,38.65267
20.07. 06:00,73.407
20.07. 07:00,69.114
20.07. 08:00,44.003
20.07. 09:00,77.01
20.07. 10:00,52.357
20.07. 11:00,10.236
20.07. 12:00,0
20.07. 13:00,0
20.07. 14:00,0
20.07. 15:00,0
20.07. 16:00,0
20.07. 17:00,0
20.07. 18:00,0
20.07. 19:00,73.332
20.07. 20:00,73.402
20.07. 21:00,73.403
20.07. 22:00,15.209
20.07. 23:00,7.5663
21.07. 00:00,7.9511
21.07. 01:00,7.9508
21.07. 02:00,7.9505
21.07. 03:00,7.9502
21.07. 04:00,0
21.07. 05:00,7.0901
21.07. 06:00,64.8436
21.07. 07:00,13.931
21.07. 08:00,18.15
21.07. 09:00,0
21.07. 10:00,0
21.07. 11:00,0
21.07. 12:00,0
21.07. 13:00,0
21.07. 14:00,0
21.07. 15:00,0
21.07. 16:00,0
21.07. 17:00,0
21.07. 18:00,0
21.07. 19:00,0
21.07. 20:00,0
21.07. 21:00,0
21.07. 22:00,0
21.07. 23:00,0
22.07. 00:00,0
22.07. 01:00,0
22.07. 02:00,0
22.07. 03:00,0
22.07. 04:00,0
22.07. 05:00,0
22.07. 06:00,0
22.07. 07:00,0
22.07. 08:00,0
22.07. 09:00,0
22.07. 10:00,0
22.07. 11:00,0
22.07. 12:00,0
22.07. 13:00,0
22.07. 14:00,0
22.07. 15:00,0
22.07. 16:00,0
22.07. 17:00,0
22.07. 18:00,0
22.07. 19:00,0
22.07. 20:00,0
22.07. 21:00,0
22.07. 22:00,0
22.07. 23:00,0
23.07. 00:00,0
23.07. 01:00,0
23.07. 02:00,0
23.07. 03:00,0
23.07. 04:00,0
23.07. 05:00,0
23.07. 06:00,0
23.07. 07:00,0
23.07. 08:00,0
23.07. 09:00,33.005
23.07. 10:00,33.011
23.07. 11:00,10.236
23.07. 12:00,0
23.07. 13:00,0
23.07. 14:00,0
23.07. 15:00,0
23.07. 16:00,0
23.07. 17:00,0
23.07. 18:00,0
23.07. 19:00,73.3693
23.07. 20:00,73.401
23.07. 21:00,57.719
23.07. 22:00,0
23.07. 23:00,0
24.07. 00:00,0
24.07. 01:00,0
24.07. 02:00,0
24.07. 03:00,0
24.07. 04:00,0
24.07. 05:00,0
24.07. 06:00,69.42164
24.07. 07:00,117.41
24.07. 08:00,44.004
24.07. 09:00,99.011
24.07. 10:00,52.08
24.07. 11:00,35.377
24.07. 12:00,22.002
24.07. 13:00,22.003
24.07. 14:00,0
24.07. 15:00,0
24.07. 16:00,0
24.07. 17:00,0
24.07. 18:00,48.733
24.07. 19:00,73.372
24.07. 20:00,73.347
24.07. 21:00,73.402
24.07. 22:00,0
24.07. 23:00,6.9675
25.07. 00:00,6.9673
25.07. 01:00,6.9671
25.07. 02:00,6.9669
25.07. 03:00,6.9667
25.07. 04:00,6.9665
25.07. 05:00,31.05522
25.07. 06:00,73.405
25.07. 07:00,55.004
25.07. 08:00,0
25.07. 09:00,33.005
25.07. 10:00,33.011
25.07. 11:00,10.236
25.07. 12:00,0
25.07. 13:00,0
25.07. 14:00,0
25.07. 15:00,0
25.07. 16:00,0
25.07. 17:00,0
25.07. 18:00,54.964
25.07. 19:00,73.389
25.07. 20:00,73.402
25.07. 21:00,73.403
25.07. 22:00,36.766
25.07. 23:00,0
26.07. 00:00,0
26.07. 01:00,0
26.07. 02:00,0
26.07. 03:00,0
26.07. 04:00,0
26.07. 05:00,38.13059
26.07. 06:00,73.406
26.07. 07:00,88.037
26.07. 08:00,44.004
26.07. 09:00,99.01
26.07. 10:00,55.011
26.07. 11:00,32.237
26.07. 12:00,22.002
26.07. 13:00,22.003
26.07. 14:00,0
26.07. 15:00,0
26.07. 16:00,0
26.07. 17:00,0
26.07. 18:00,0
26.07. 19:00,60.466
26.07. 20:00,73.401
26.07. 21:00,73.403
26.07. 22:00,70.867
26.07. 23:00,0
27.07. 00:00,0
27.07. 01:00,0
27.07. 02:00,0
27.07. 03:00,0
27.07. 04:00,0
27.07. 05:00,6.8974
27.07. 06:00,60.52806
27.07. 07:00,18.402
27.07. 08:00,0
27.07. 09:00,33.005
27.07. 10:00,33.011
27.07. 11:00,10.236
27.07. 12:00,0
27.07. 13:00,0
27.07. 14:00,0
27.07. 15:00,0
27.07. 16:00,0
27.07. 17:00,0
27.07. 18:00,0
27.07. 19:00,60.487
27.07. 20:00,73.401
27.07. 21:00,73.402
27.07. 22:00,68.815
27.07. 23:00,0
28.07. 00:00,0
28.07. 01:00,0
28.07. 02:00,0
28.07. 03:00,0
28.07. 04:00,0
28.07. 05:00,0
28.07. 06:00,7.6064
28.07. 07:00,73.405
28.07. 08:00,73.407
28.07. 09:00,38.235
28.07. 10:00,0
28.07. 11:00,0
28.07. 12:00,0
28.07. 13:00,0
28.07. 14:00,0
28.07. 15:00,0
28.07. 16:00,0
28.07. 17:00,0
28.07. 18:00,0
28.07. 19:00,0
28.07. 20:00,0
28.07. 21:00,0
28.07. 22:00,0
28.07. 23:00,0
29.07. 00:00,0
29.07. 01:00,0
29.07. 02:00,0
29.07. 03:00,0
29.07. 04:00,0
29.07. 05:00,0
29.07. 06:00,0
29.07. 07:00,0
29.07. 08:00,0
29.07. 09:00,0
29.07. 10:00,0
29.07. 11:00,0
29.07. 12:00,0
29.07. 13:00,0
29.07. 14:00,0
29.07. 15:00,0
29.07. 16:00,0
29.07. 17:00,0
29.07. 18:00,0
29.07. 19:00,0
29.07. 20:00,0
29.07. 21:00,0
29.07. 22:00,0
29.07. 23:00,0
30.07. 00:00,0
30.07. 01:00,0
30.07. 02:00,0
30.07. 03:00,0
30.07. 04:00,0
30.07. 05:00,0
30.07. 06:00,0
30.07. 07:00,44.002
30.07. 08:00,44.003
30.07. 09:00,77.01
30.07. 10:00,52.357
30.07. 11:00,10.236
30.07. 12:00,0
30.07. 13:00,0
30.07. 14:00,0
30.07. 15:00,0
30.07. 16:00,0
30.07. 17:00,0
30.07. 18:00,0
30.07. 19:00,73.348
30.07. 20:00,73.402
30.07. 21:00,66.586
30.07. 22:00,0
30.07. 23:00,7.3372
31.07. 00:00,7.337
31.07. 01:00,7.3368
31.07. 02:00,7.3365
31.07. 03:00,7.3363
31.07. 04:00,7.336
31.07. 05:00,29.25523
31.07. 06:00,73.406
31.07. 07:00,18.402
31.07. 08:00,0
31.07. 09:00,55.005
31.07. 10:00,55.011
31.07. 11:00,32.237
31.07. 12:00,22.002
31.07. 13:00,22.003
31.07. 14:00,0
31.07. 15:00,0
31.07. 16:00,0
31.07. 17:00,0
31.07. 18:00,0
31.07. 19:00,73.349
31.07. 20:00,73.401
31.07. 21:00,73.402
31.07. 22:00,11.162
31.07. 23:00,8.4646
01.08. 00:00,7.9101
01.08. 01:00,7.6704
01.08. 02:00,7.5624
01.08. 03:00,7.557
01.08. 04:00,7.5547
01.08. 05:00,17.7416
01.08. 06:00,73.405
01.08. 07:00,117.41
01.08. 08:00,44.004
01.08. 09:00,77.01
01.08. 10:00,33.011
01.08. 11:00,10.236
01.08. 12:00,0
01.08. 13:00,0
01.08. 14:00,0
01.08. 15:00,0
01.08. 16:00,0
01.08. 17:00,0
01.08. 18:00,54.958
01.08. 19:00,73.383
01.08. 20:00,73.402
01.08. 21:00,73.403
01.08. 22:00,25.936
01.08. 23:00,0
02.08. 00:00,0
02.08. 01:00,0
02.08. 02:00,0
02.08. 03:00,0
02.08. 04:00,0
02.08. 05:00,18.5108
02.08. 06:00,73.406
02.08. 07:00,36.627
02.08. 08:00,0
02.08. 09:00,54.983
02.08. 10:00,55.011
02.08. 11:00,32.237
02.08. 12:00,22.002
02.08. 13:00,22.003
02.08. 14:00,0
02.08. 15:00,0
02.08. 16:00,0
02.08. 17:00,0
02.08. 18:00,0
02.08. 19:00,25.2887
02.08. 20:00,73.401
02.08. 21:00,73.402
02.08. 22:00,33.841
02.08. 23:00,8.6634
03.08. 00:00,7.6563
03.08. 01:00,7.5859
03.08. 02:00,7.5674
03.08. 03:00,7.5606
03.08. 04:00,7.5582
03.08. 05:00,17.3041
03.08. 06:00,73.405
03.08. 07:00,117.41
03.08. 08:00,44.004
03.08. 09:00,77.01
03.08. 10:00,33.011
03.08. 11:00,10.236
03.08. 12:00,0
03.08. 13:00,0
03.08. 14:00,0
03.08. 15:00,0
03.08. 16:00,0
03.08. 17:00,0
03.08. 18:00,0
03.08. 19:00,60.475
03.08. 20:00,73.401
03.08. 21:00,73.402
03.08. 22:00,69.363
03.08. 23:00,0
04.08. 00:00,0
04.08. 01:00,0
04.08. 02:00,0
04.08. 03:00,0
04.08. 04:00,0
04.08. 05:00,7.2799
04.08. 06:00,73.405
04.08. 07:00,73.407
04.08. 08:00,7.4908
04.08. 09:00,0
04.08. 10:00,0
04.08. 11:00,0
04.08. 12:00,0
04.08. 13:00,0
04.08. 14:00,0
04.08. 15:00,0
04.08. 16:00,0
04.08. 17:00,0
04.08. 18:00,0
04.08. 19:00,0
04.08. 20:00,0
04.08. 21:00,0
04.08. 22:00,0
04.08. 23:00,0
05.08. 00:00,0
05.08. 01:00,0
05.08. 02:00,0
05.08. 03:00,0
05.08. 04:00,0
05.08. 05:00,0
05.08. 06:00,0
05.08. 07:00,0
05.08. 08:00,0
05.08. 09:00,0
05.08. 10:00,0
05.08. 11:00,0
05.08. 12:00,0
05.08. 13:00,0
05.08. 14:00,0
05.08. 15:00,0
05.08. 16:00,0
05.08. 17:00,0
05.08. 18:00,0
05.08. 19:00,0
05.08. 20:00,0
05.08. 21:00,0
05.08. 22:00,0
05.08. 23:00,0
06.08. 00:00,0
06.08. 01:00,0
06.08. 02:00,0
06.08. 03:00,0
06.08. 04:00,0
06.08. 05:00,0
06.08. 06:00,0
06.08. 07:00,0
06.08. 08:00,0
06.08. 09:00,33.005
06.08. 10:00,33.011
06.08. 11:00,10.236
06.08. 12:00,0
06.08. 13:00,0
06.08. 14:00,0
06.08. 15:00,0
06.08. 16:00,0
06.08. 17:00,0
06.08. 18:00,0
06.08. 19:00,60.469
06.08. 20:00,73.401
06.08. 21:00,73.402
06.08. 22:00,67.034
06.08. 23:00,0
07.08. 00:00,0
07.08. 01:00,0
07.08. 02:00,0
07.08. 03:00,0
07.08. 04:00,0
07.08. 05:00,0
07.08. 06:00,41.03478
07.08. 07:00,117.10535
07.08. 08:00,44.003
07.08. 09:00,98.988
07.08. 10:00,74.499
07.08. 11:00,32.237
07.08. 12:00,22.002
07.08. 13:00,22.002
07.08. 14:00,8.2165
07.08. 15:00,0
07.08. 16:00,0
07.08. 17:00,0
07.08. 18:00,42.294
07.08. 19:00,60.519
07.08. 20:00,73.402
07.08. 21:00,73.403
07.08. 22:00,68.487
07.08. 23:00,0
08.08. 00:00,0
08.08. 01:00,0
08.08. 02:00,0
08.08. 03:00,0
08.08. 04:00,0
08.08. 05:00,6.8973
08.08. 06:00,73.406
08.08. 07:00,52.071
08.08. 08:00,0
08.08. 09:00,33.005
08.08. 10:00,33.011
08.08. 11:00,10.236
08.08. 12:00,0
08.08. 13:00,0
08.08. 14:00,0
08.08. 15:00,0
08.08. 16:00,0
08.08. 17:00,0
08.08. 18:00,0
08.08. 19:00,25.2819
08.08. 20:00,73.401
08.08. 21:00,73.402
08.08. 22:00,32.881
08.08. 23:00,8.3857
09.08. 00:00,7.8056
09.08. 01:00,7.5684
09.08. 02:00,7.5551
09.08. 03:00,8.0633
09.08. 04:00,8.063
09.08. 05:00,8.0627
09.08. 06:00,73.405
09.08. 07:00,117.41
09.08. 08:00,44.004
09.08. 09:00,99.011
09.08. 10:00,55.011
09.08. 11:00,32.237
09.08. 12:00,22.002
09.08. 13:00,22.003
09.08. 14:00,0
09.08. 15:00,0
09.08. 16:00,0
09.08. 17:00,0
09.08. 18:00,42.893
09.08. 19:00,73.4008
09.08. 20:00,73.402
09.08. 21:00,65.705
09.08. 22:00,0
09.08. 23:00,7.242
10.08. 00:00,7.2417
10.08. 01:00,7.2415
10.08. 02:00,7.2413
10.08. 03:00,7.241
10.08. 04:00,0
10.08. 05:00,0
10.08. 06:00,68.68234
10.08. 07:00,18.402
10.08. 08:00,0
10.08. 09:00,33.005
10.08. 10:00,33.011
10.08. 11:00,10.236
10.08. 12:00,0
10.08. 13:00,0
10.08. 14:00,0
10.08. 15:00,0
10.08. 16:00,0
10.08. 17:00,0
10.08. 18:00,0
10.08. 19:00,73.35538
10.08. 20:00,73.401
10.08. 21:00,55.741
10.08. 22:00,0
10.08. 23:00,0
11.08. 00:00,0
11.08. 01:00,0
11.08. 02:00,0
11.08. 03:00,0
11.08. 04:00,0
11.08. 05:00,0
11.08. 06:00,73.403
11.08. 07:00,73.405
11.08. 08:00,73.406
11.08. 09:00,0
11.08. 10:00,0
11.08. 11:00,0
11.08. 12:00,0
11.08. 13:00,0
11.08. 14:00,0
11.08. 15:00,0
11.08. 16:00,0
11.08. 17:00,0
11.08. 18:00,0
11.08. 19:00,0
11.08. 20:00,0
11.08. 21:00,0
11.08. 22:00,0
11.08. 23:00,0
12.08. 00:00,0
12.08. 01:00,0
12.08. 02:00,0
12.08. 03:00,0
12.08. 04:00,0
12.08. 05:00,0
12.08. 06:00,0
12.08. 07:00,0
12.08. 08:00,0
12.08. 09:00,0
12.08. 10:00,0
12.08. 11:00,0
12.08. 12:00,0
12.08. 13:00,0
12.08. 14:00,0
12.08. 15:00,0
12.08. 16:00,0
12.08. 17:00,0
12.08. 18:00,0
12.08. 19:00,0
12.08. 20:00,0
12.08. 21:00,0
12.08. 22:00,0
12.08. 23:00,0
13.08. 00:00,0
13.08. 01:00,0
13.08. 02:00,0
13.08. 03:00,0
13.08. 04:00,0
13.08. 05:00,0
13.08. 06:00,0
13.08. 07:00,16.547
13.08. 08:00,44.003
13.08. 09:00,77.009
13.08. 10:00,75.186
13.08. 11:00,10.236
13.08. 12:00,0
13.08. 13:00,0
13.08. 14:00,0
13.08. 15:00,0
13.08. 16:00,0
13.08. 17:00,0
13.08. 18:00,0
13.08. 19:00,25.2812
13.08. 20:00,73.366
13.08. 21:00,73.402
13.08. 22:00,37.084
13.08. 23:00,9.5929
14.08. 00:00,7.8165
14.08. 01:00,7.6672
14.08. 02:00,7.5631
14.08. 03:00,7.5577
14.08. 04:00,7.5554
14.08. 05:00,7.55524
14.08. 06:00,17.6367
14.08. 07:00,61.186
14.08. 08:00,0
14.08. 09:00,55.005
14.08. 10:00,55.011
14.08. 11:00,32.237
14.08. 12:00,22.002
14.08. 13:00,22.003
14.08. 14:00,0
14.08. 15:00,0
14.08. 16:00,0
14.08. 17:00,0
14.08. 18:00,43.66
14.08. 19:00,73.3609
14.08. 20:00,73.348
14.08. 21:00,44.729
14.08. 22:00,11.735
14.08. 23:00,8.491
15.08. 00:00,7.9331
15.08. 01:00,7.6928
15.08. 02:00,7.5846
15.08. 03:00,7.5643
15.08. 04:00,7.5574
15.08. 05:00,7.5564
15.08. 06:00,61.21585
15.08. 07:00,117.41
15.08. 08:00,44.004
15.08. 09:00,77.01
15.08. 10:00,33.011
15.08. 11:00,10.236
15.08. 12:00,0
15.08. 13:00,0
15.08. 14:00,0
15.08. 15:00,0
15.08. 16:00,0
15.08. 17:00,0
15.08. 18:00,29.699
15.08. 19:00,73.3583
15.08. 20:00,73.401
15.08. 21:00,59.978
15.08. 22:00,0
15.08. 23:00,0
16.08. 00:00,0
16.08. 01:00,0
16.08. 02:00,0
16.08. 03:00,0
16.08. 04:00,0
16.08. 05:00,0
16.08. 06:00,43.44846
16.08. 07:00,73.404
16.08. 08:00,0
16.08. 09:00,55.005
16.08. 10:00,55.011
16.08. 11:00,32.237
16.08. 12:00,22.002
16.08. 13:00,22.003
16.08. 14:00,0
16.08. 15:00,0
16.08. 16:00,0
16.08. 17:00,0
16.08. 18:00,55.008
16.08. 19:00,25.2902
16.08. 20:00,73.373
16.08. 21:00,73.348
16.08. 22:00,36.757
16.08. 23:00,9.4958
17.08. 00:00,7.7306
17.08. 01:00,7.5823
17.08. 02:00,7.562
17.08. 03:00,7.5593
17.08. 04:00,7.557
17.08. 05:00,7.5562
17.08. 06:00,73.404
17.08. 07:00,117.41
17.08. 08:00,44.004
17.08. 09:00,77.01
17.08. 10:00,33.011
17.08. 11:00,10.236
17.08. 12:00,0
17.08. 13:00,0
17.08. 14:00,0
17.08. 15:00,0
17.08. 16:00,0
17.08. 17:00,0
17.08. 18:00,54.088
17.08. 19:00,25.2995
17.08. 20:00,73.359
17.08. 21:00,73.402
17.08. 22:00,37.123
17.08. 23:00,9.6672
18.08. 00:00,7.8999
18.08. 01:00,7.6299
18.08. 02:00,7.5797
18.08. 03:00,7.5612
18.08. 04:00,7.5585
18.08. 05:00,7.5562
18.08. 06:00,73.405
18.08. 07:00,68.016
18.08. 08:00,0
18.08. 09:00,0
18.08. 10:00,0
18.08. 11:00,0
18.08. 12:00,0
18.08. 13:00,0
18.08. 14:00,0
18.08. 15:00,0
18.08. 16:00,0
18.08. 17:00,0
18.08. 18:00,0
18.08. 19:00,0
18.08. 20:00,0
18.08. 21:00,0
18.08. 22:00,0
18.08. 23:00,0
19.08. 00:00,0
19.08. 01:00,0
19.08. 02:00,0
19.08. 03:00,0
19.08. 04:00,0
19.08. 05:00,0
19.08. 06:00,0
19.08. 07:00,0
19.08. 08:00,0
19.08. 09:00,0
19.08. 10:00,0
19.08. 11:00,0
19.08. 12:00,0
19.08. 13:00,0
19.08. 14:00,0
19.08. 15:00,0
19.08. 16:00,0
19.08. 17:00,0
19.08. 18:00,0
19.08. 19:00,0
19.08. 20:00,0
19.08. 21:00,0
19.08. 22:00,0
19.08. 23:00,0
20.08. 00:00,0
20.08. 01:00,0
20.08. 02:00,0
20.08. 03:00,0
20.08. 04:00,0
20.08. 05:00,0
20.08. 06:00,0
20.08. 07:00,0
20.08. 08:00,0
20.08. 09:00,33.005
20.08. 10:00,33.011
20.08. 11:00,10.236
20.08. 12:00,0
20.08. 13:00,0
20.08. 14:00,0
20.08. 15:00,0
20.08. 16:00,0
20.08. 17:00,0
20.08. 18:00,0
20.08. 19:00,73.3671
20.08. 20:00,73.401
20.08. 21:00,59.48
20.08. 22:00,0
20.08. 23:00,0
21.08. 00:00,0
21.08. 01:00,0
21.08. 02:00,0
21.08. 03:00,0
21.08. 04:00,0
21.08. 05:00,0
21.08. 06:00,28.986
21.08. 07:00,102.452
21.08. 08:00,44.003
21.08. 09:00,99.01
21.08. 10:00,86.004
21.08. 11:00,32.237
21.08. 12:00,22.002
21.08. 13:00,22.003
21.08. 14:00,0
21.08. 15:00,0
21.08. 16:00,0
21.08. 17:00,0
21.08. 18:00,62.831
21.08. 19:00,73.36266
21.08. 20:00,73.348
21.08. 21:00,56.351
21.08. 22:00,0
21.08. 23:00,0
22.08. 00:00,0
22.08. 01:00,0
22.08. 02:00,0
22.08. 03:00,0
22.08. 04:00,0
22.08. 05:00,0
22.08. 06:00,68.36004
22.08. 07:00,73.404
22.08. 08:00,0
22.08. 09:00,33.005
22.08. 10:00,33.011
22.08. 11:00,10.236
22.08. 12:00,0
22.08. 13:00,0
22.08. 14:00,0
22.08. 15:00,0
22.08. 16:00,0
22.08. 17:00,0
22.08. 18:00,39.4894
22.08. 19:00,73.368
22.08. 20:00,73.334
22.08. 21:00,10.628
22.08. 22:00,8.0149
22.08. 23:00,7.7123
23.08. 00:00,7.6013
23.08. 01:00,7.5808
23.08. 02:00,7.5632
23.08. 03:00,7.5564
23.08. 04:00,7.556
23.08. 05:00,7.5559
23.08. 06:00,64.4606
23.08. 07:00,117.41
23.08. 08:00,44.004
23.08. 09:00,99.011
23.08. 10:00,55.011
23.08. 11:00,32.237
23.08. 12:00,22.002
23.08. 13:00,22.003
23.08. 14:00,0
23.08. 15:00,0
23.08. 16:00,0
23.08. 17:00,0
23.08. 18:00,51.982
23.08. 19:00,73.3663
23.08. 20:00,73.332
23.08. 21:00,57.977
23.08. 22:00,0
23.08. 23:00,0
24.08. 00:00,0
24.08. 01:00,0
24.08. 02:00,0
24.08. 03:00,0
24.08. 04:00,0
24.08. 05:00,0
24.08. 06:00,0
24.08. 07:00,73.402
24.08. 08:00,0
24.08. 09:00,33.005
24.08. 10:00,33.011
24.08. 11:00,10.236
24.08. 12:00,0
24.08. 13:00,0
24.08. 14:00,0
24.08. 15:00,0
24.08. 16:00,0
24.08. 17:00,0
24.08. 18:00,73.3944
24.08. 19:00,73.378
24.08. 20:00,73.349
24.08. 21:00,56.34
24.08. 22:00,0
24.08. 23:00,0
25.08. 00:00,0
25.08. 01:00,0
25.08. 02:00,0
25.08. 03:00,0
25.08. 04:00,0
25.08. 05:00,0
25.08. 06:00,73.402
25.08. 07:00,73.403
25.08. 08:00,73.405
25.08. 09:00,55.004
25.08. 10:00,39.344
25.08. 11:00,0
25.08. 12:00,0
25.08. 13:00,0
25.08. 14:00,0
25.08. 15:00,0
25.08. 16:00,0
25.08. 17:00,0
25.08. 18:00,0
25.08. 19:00,0
25.08. 20:00,0
25.08. 21:00,0
25.08. 22:00,0
25.08. 23:00,0
26.08. 00:00,0
26.08. 01:00,0
26.08. 02:00,0
26.08. 03:00,0
26.08. 04:00,0
26.08. 05:00,0
26.08. 06:00,0
26.08. 07:00,0
26.08. 08:00,0
26.08. 09:00,0
26.08. 10:00,0
26.08. 11:00,0
26.08. 12:00,0
26.08. 13:00,0
26.08. 14:00,0
26.08. 15:00,0
26.08. 16:00,0
26.08. 17:00,0
26.08. 18:00,0
26.08. 19:00,0
26.08. 20:00,0
26.08. 21:00,0
26.08. 22:00,0
26.08. 23:00,0
27.08. 00:00,0
27.08. 01:00,0
27.08. 02:00,0
27.08. 03:00,0
27.08. 04:00,0
27.08. 05:00,0
27.08. 06:00,0
27.08. 07:00,44.002
27.08. 08:00,44.004
27.08. 09:00,77.01
27.08. 10:00,33.011
27.08. 11:00,10.236
27.08. 12:00,0
27.08. 13:00,0
27.08. 14:00,0
27.08. 15:00,0
27.08. 16:00,0
27.08. 17:00,0
27.08. 18:00,0
27.08. 19:00,73.337
27.08. 20:00,73.401
27.08. 21:00,54.128
27.08. 22:00,0
27.08. 23:00,0
28.08. 00:00,0
28.08. 01:00,0
28.08. 02:00,0
28.08. 03:00,0
28.08. 04:00,0
28.08. 05:00,0
28.08. 06:00,0
28.08. 07:00,68.7406
28.08. 08:00,0
28.08. 09:00,45.164
28.08. 10:00,55.01
28.08. 11:00,22.001
28.08. 12:00,22.002
28.08. 13:00,22.002
28.08. 14:00,10.845
28.08. 15:00,0
28.08. 16:00,0
28.08. 17:00,0
28.08. 18:00,72.256
28.08. 19:00,73.36125
28.08. 20:00,73.401
28.08. 21:00,43.307
28.08. 22:00,11.344
28.08. 23:00,8.1779
29.08. 00:00,7.6349
29.08. 01:00,7.5771
29.08. 02:00,7.5586
29.08. 03:00,7.5559
29.08. 04:00,7.5557
29.08. 05:00,7.5556
29.08. 06:00,60.71377
29.08. 07:00,117.41
29.08. 08:00,44.003
29.08. 09:00,77.008
29.08. 10:00,52.354
29.08. 11:00,24.335
29.08. 12:00,0
29.08. 13:00,0
29.08. 14:00,0
29.08. 15:00,0
29.08. 16:00,0
29.08. 17:00,0
29.08. 18:00,13.211
29.08. 19:00,73.365
29.08. 20:00,73.35
29.08. 21:00,47.604
29.08. 22:00,12.538
29.08. 23:00,7.4654
30.08. 00:00,7.8726
30.08. 01:00,7.8724
30.08. 02:00,7.8721
30.08. 03:00,7.8719
30.08. 04:00,7.8716
30.08. 05:00,7.8714
30.08. 06:00,15.3768
30.08. 07:00,60.96
30.08. 08:00,0
30.08. 09:00,55.005
30.08. 10:00,55.011
30.08. 11:00,32.241
30.08. 12:00,22.002
30.08. 13:00,16.396
30.08. 14:00,0
30.08. 15:00,0
30.08. 16:00,0
30.08. 17:00,0
30.08. 18:00,52.70186
30.08. 19:00,73.37
30.08. 20:00,73.338
30.08. 21:00,11.193
30.08. 22:00,8.3227
30.08. 23:00,7.7724
31.08. 00:00,7.6535
31.08. 01:00,7.6066
31.08. 02:00,7.5623
31.08. 03:00,7.5587
31.08. 04:00,7.5564
31.08. 05:00,24.643
31.08. 06:00,66.7953
31.08. 07:00,117.41
31.08. 08:00,44.004
31.08. 09:00,77.01
31.08. 10:00,33.011
31.08. 11:00,10.236
31.08. 12:00,0
31.08. 13:00,0
31.08. 14:00,0
31.08. 15:00,0
31.08. 16:00,0
31.08. 17:00,0
31.08. 18:00,14.867
31.08. 19:00,73.376
31.08. 20:00,73.346
31.08. 21:00,54.862
31.08. 22:00,0
31.08. 23:00,0
01.09. 00:00,0
01.09. 01:00,0
01.09. 02:00,0
01.09. 03:00,0
01.09. 04:00,0
01.09. 05:00,0
01.09. 06:00,6.899
01.09. 07:00,73.402
01.09. 08:00,73.403
01.09. 09:00,73.405
01.09. 10:00,72.413
01.09. 11:00,25.258
01.09. 12:00,0
01.09. 13:00,0
01.09. 14:00,0
01.09. 15:00,0
01.09. 16:00,0
01.09. 17:00,0
01.09. 18:00,0
01.09. 19:00,0
01.09. 20:00,0
01.09. 21:00,0
01.09. 22:00,0
01.09. 23:00,0
02.09. 00:00,0
02.09. 01:00,0
02.09. 02:00,0
02.09. 03:00,0
02.09. 04:00,0
02.09. 05:00,0
02.09. 06:00,0
02.09. 07:00,0
02.09. 08:00,0
02.09. 09:00,0
02.09. 10:00,0
02.09. 11:00,0
02.09. 12:00,0
02.09. 13:00,0
02.09. 14:00,0
02.09. 15:00,0
02.09. 16:00,0
02.09. 17:00,0
02.09. 18:00,0
02.09. 19:00,0
02.09. 20:00,0
02.09. 21:00,0
02.09. 22:00,0
02.09. 23:00,0
03.09. 00:00,0
03.09. 01:00,0
03.09. 02:00,0
03.09. 03:00,0
03.09. 04:00,0
03.09. 05:00,0
03.09. 06:00,0
03.09. 07:00,0
03.09. 08:00,0
03.09. 09:00,33.005
03.09. 10:00,32.96
03.09. 11:00,10.386
03.09. 12:00,0
03.09. 13:00,0
03.09. 14:00,0
03.09. 15:00,0
03.09. 16:00,0
03.09. 17:00,0
03.09. 18:00,0
03.09. 19:00,73.348
03.09. 20:00,73.402
03.09. 21:00,53.971
03.09. 22:00,0
03.09. 23:00,0
04.09. 00:00,0
04.09. 01:00,0
04.09. 02:00,0
04.09. 03:00,0
04.09. 04:00,0
04.09. 05:00,0
04.09. 06:00,69.69529
04.09. 07:00,117.41
04.09. 08:00,44.004
04.09. 09:00,98.988
04.09. 10:00,55.011
04.09. 11:00,32.237
04.09. 12:00,22.002
04.09. 13:00,22.003
04.09. 14:00,0
04.09. 15:00,0
04.09. 16:00,0
04.09. 17:00,0
04.09. 18:00,15.283
04.09. 19:00,73.354
04.09. 20:00,73.401
04.09. 21:00,53.613
04.09. 22:00,0
04.09. 23:00,0
05.09. 00:00,0
05.09. 01:00,0
05.09. 02:00,0
05.09. 03:00,0
05.09. 04:00,0
05.09. 05:00,0
05.09. 06:00,68.56435
05.09. 07:00,73.404
05.09. 08:00,0
05.09. 09:00,33.005
05.09. 10:00,33.011
05.09. 11:00,10.236
05.09. 12:00,0
05.09. 13:00,0
05.09. 14:00,0
05.09. 15:00,0
05.09. 16:00,0
05.09. 17:00,0
05.09. 18:00,17.24
05.09. 19:00,73.369
05.09. 20:00,73.361
05.09. 21:00,53.682
05.09. 22:00,0
05.09. 23:00,0
06.09. 00:00,0
06.09. 01:00,0
06.09. 02:00,0
06.09. 03:00,0
06.09. 04:00,0
06.09. 05:00,0
06.09. 06:00,55.0009
06.09. 07:00,89.95
06.09. 08:00,32.419
06.09. 09:00,84.184
06.09. 10:00,86.14795
06.09. 11:00,68.993
06.09. 12:00,22.001
06.09. 13:00,22.002
06.09. 14:00,16.287
06.09. 15:00,0
06.09. 16:00,0
06.09. 17:00,0
06.09. 18:00,20.1114
06.09. 19:00,73.383
06.09. 20:00,73.357
06.09. 21:00,44.102
06.09. 22:00,11.557
06.09. 23:00,8.3481
07.09. 00:00,7.7969
07.09. 01:00,7.56
07.09. 02:00,8.061
07.09. 03:00,8.0608
07.09. 04:00,8.0605
07.09. 05:00,8.0603
07.09. 06:00,69.989
07.09. 07:00,73.404
07.09. 08:00,0
07.09. 09:00,33.005
07.09. 10:00,33.011
07.09. 11:00,10.236
07.09. 12:00,0
07.09. 13:00,0
07.09. 14:00,0
07.09. 15:00,0
07.09. 16:00,0
07.09. 17:00,0
07.09. 18:00,52.7009
07.09. 19:00,73.368
07.09. 20:00,73.354
07.09. 21:00,0
07.09. 22:00,0
07.09. 23:00,0
08.09. 00:00,0
08.09. 01:00,0
08.09. 02:00,0
08.09. 03:00,0
08.09. 04:00,0
08.09. 05:00,0
08.09. 06:00,32.598
08.09. 07:00,73.402
08.09. 08:00,73.403
08.09. 09:00,73.405
08.09. 10:00,55.004
08.09. 11:00,35.753
08.09. 12:00,0
08.09. 13:00,0
08.09. 14:00,0
08.09. 15:00,0
08.09. 16:00,0
08.09. 17:00,0
08.09. 18:00,0
08.09. 19:00,0
08.09. 20:00,0
08.09. 21:00,0
08.09. 22:00,0
08.09. 23:00,0
09.09. 00:00,0
09.09. 01:00,0
09.09. 02:00,0
09.09. 03:00,0
09.09. 04:00,0
09.09. 05:00,0
09.09. 06:00,0
09.09. 07:00,0
09.09. 08:00,0
09.09. 09:00,0
09.09. 10:00,0
09.09. 11:00,0
09.09. 12:00,0
09.09. 13:00,0
09.09. 14:00,0
09.09. 15:00,0
09.09. 16:00,0
09.09. 17:00,0
09.09. 18:00,0
09.09. 19:00,0
09.09. 20:00,0
09.09. 21:00,0
09.09. 22:00,0
09.09. 23:00,0
10.09. 00:00,0
10.09. 01:00,0
10.09. 02:00,0
10.09. 03:00,0
10.09. 04:00,0
10.09. 05:00,0
10.09. 06:00,0
10.09. 07:00,44.002
10.09. 08:00,44.004
10.09. 09:00,77.01
10.09. 10:00,29.257
10.09. 11:00,14.235
10.09. 12:00,0
10.09. 13:00,0
10.09. 14:00,0
10.09. 15:00,0
10.09. 16:00,0
10.09. 17:00,0
10.09. 18:00,0
10.09. 19:00,73.336
10.09. 20:00,73.401
10.09. 21:00,53.726
10.09. 22:00,0
10.09. 23:00,0
11.09. 00:00,0
11.09. 01:00,0
11.09. 02:00,0
11.09. 03:00,0
11.09. 04:00,0
11.09. 05:00,0
11.09. 06:00,16.4453
11.09. 07:00,60.831
11.09. 08:00,0
11.09. 09:00,55.005
11.09. 10:00,55.011
11.09. 11:00,32.237
11.09. 12:00,22.002
11.09. 13:00,22.003
11.09. 14:00,0
11.09. 15:00,0
11.09. 16:00,0
11.09. 17:00,0
11.09. 18:00,45.9763
11.09. 19:00,73.369
11.09. 20:00,73.336
11.09. 21:00,0
11.09. 22:00,0
11.09. 23:00,0
12.09. 00:00,0
12.09. 01:00,0
12.09. 02:00,0
12.09. 03:00,0
12.09. 04:00,0
12.09. 05:00,0
12.09. 06:00,73.402
12.09. 07:00,117.4
12.09. 08:00,44.004
12.09. 09:00,77.01
12.09. 10:00,33.011
12.09. 11:00,10.236
12.09. 12:00,0
12.09. 13:00,0
12.09. 14:00,0
12.09. 15:00,0
12.09. 16:00,0
12.09. 17:00,0
12.09. 18:00,52.7044
12.09. 19:00,73.382
12.09. 20:00,73.355
12.09. 21:00,0
12.09. 22:00,7.0351
12.09. 23:00,7.0349
13.09. 00:00,7.0347
13.09. 01:00,7.0346
13.09. 02:00,7.0344
13.09. 03:00,7.0342
13.09. 04:00,7.034
13.09. 05:00,7.0338
13.09. 06:00,73.402
13.09. 07:00,73.403
13.09. 08:00,0
13.09. 09:00,55.005
13.09. 10:00,55.011
13.09. 11:00,32.237
13.09. 12:00,22.002
13.09. 13:00,22.003
13.09. 14:00,0
13.09. 15:00,0
13.09. 16:00,0
13.09. 17:00,0
13.09. 18:00,52.7039
13.09. 19:00,73.38
13.09. 20:00,73.353
13.09. 21:00,0
13.09. 22:00,0
13.09. 23:00,0
14.09. 00:00,0
14.09. 01:00,0
14.09. 02:00,0
14.09. 03:00,0
14.09. 04:00,0
14.09. 05:00,72.447
14.09. 06:00,73.377
14.09. 07:00,117.41
14.09. 08:00,44.003
14.09. 09:00,77.01
14.09. 10:00,52.345
14.09. 11:00,10.236
14.09. 12:00,0
14.09. 13:00,0
14.09. 14:00,0
14.09. 15:00,0
14.09. 16:00,0
14.09. 17:00,0
14.09. 18:00,52.7022
14.09. 19:00,73.371
14.09. 20:00,73.359
14.09. 21:00,68.818
14.09. 22:00,0
14.09. 23:00,0
15.09. 00:00,0
15.09. 01:00,0
15.09. 02:00,0
15.09. 03:00,0
15.09. 04:00,0
15.09. 05:00,0
15.09. 06:00,18.6786
15.09. 07:00,73.403
15.09. 08:00,73.404
15.09. 09:00,73.406
15.09. 10:00,55.005
15.09. 11:00,0
15.09. 12:00,0
15.09. 13:00,0
15.09. 14:00,0
15.09. 15:00,0
15.09. 16:00,0
15.09. 17:00,0
15.09. 18:00,0
15.09. 19:00,0
15.09. 20:00,0
15.09. 21:00,0
15.09. 22:00,0
15.09. 23:00,0
16.09. 00:00,0
16.09. 01:00,0
16.09. 02:00,0
16.09. 03:00,0
16.09. 04:00,0
16.09. 05:00,0
16.09. 06:00,0
16.09. 07:00,0
16.09. 08:00,0
16.09. 09:00,0
16.09. 10:00,0
16.09. 11:00,0
16.09. 12:00,0
16.09. 13:00,0
16.09. 14:00,0
16.09. 15:00,0
16.09. 16:00,0
16.09. 17:00,0
16.09. 18:00,0
16.09. 19:00,0
16.09. 20:00,0
16.09. 21:00,0
16.09. 22:00,0
16.09. 23:00,0
17.09. 00:00,0
17.09. 01:00,0
17.09. 02:00,0
17.09. 03:00,0
17.09. 04:00,0
17.09. 05:00,0
17.09. 06:00,0
17.09. 07:00,0
17.09. 08:00,0
17.09. 09:00,33.005
17.09. 10:00,33.011
17.09. 11:00,10.236
17.09. 12:00,0
17.09. 13:00,0
17.09. 14:00,0
17.09. 15:00,0
17.09. 16:00,0
17.09. 17:00,0
17.09. 18:00,0
17.09. 19:00,73.332
17.09. 20:00,73.402
17.09. 21:00,51.404
17.09. 22:00,0
17.09. 23:00,0
18.09. 00:00,0
18.09. 01:00,0
18.09. 02:00,0
18.09. 03:00,0
18.09. 04:00,0
18.09. 05:00,0
18.09. 06:00,0
18.09. 07:00,88.795
18.09. 08:00,44.003
18.09. 09:00,99.01
18.09. 10:00,55.011
18.09. 11:00,32.31
18.09. 12:00,22.002
18.09. 13:00,22.003
18.09. 14:00,0
18.09. 15:00,0
18.09. 16:00,0
18.09. 17:00,0
18.09. 18:00,45.97646
18.09. 19:00,73.368
18.09. 20:00,73.355
18.09. 21:00,73.402
18.09. 22:00,0
18.09. 23:00,0
19.09. 00:00,0
19.09. 01:00,0
19.09. 02:00,0
19.09. 03:00,0
19.09. 04:00,0
19.09. 05:00,0
19.09. 06:00,16.001
19.09. 07:00,73.403
19.09. 08:00,0
19.09. 09:00,33.005
19.09. 10:00,77.014
19.09. 11:00,54.241
19.09. 12:00,17.344
19.09. 13:00,0
19.09. 14:00,0
19.09. 15:00,0
19.09. 16:00,0
19.09. 17:00,0
19.09. 18:00,52.70341
19.09. 19:00,73.377
19.09. 20:00,73.368
19.09. 21:00,10.179
19.09. 22:00,7.5085
19.09. 23:00,7.9466
20.09. 00:00,7.9463
20.09. 01:00,7.9461
20.09. 02:00,7.9459
20.09. 03:00,7.9456
20.09. 04:00,7.9454
20.09. 05:00,7.9452
20.09. 06:00,73.402
20.09. 07:00,73.403
20.09. 08:00,0
20.09. 09:00,55.005
20.09. 10:00,55.011
20.09. 11:00,32.237
20.09. 12:00,22.002
20.09. 13:00,22.003
20.09. 14:00,0
20.09. 15:00,0
20.09. 16:00,0
20.09. 17:00,0
20.09. 18:00,52.70202
20.09. 19:00,73.373
20.09. 20:00,73.341
20.09. 21:00,9.2763
20.09. 22:00,7.7845
20.09. 23:00,7.6342
21.09. 00:00,7.5868
21.09. 01:00,7.5683
21.09. 02:00,7.5615
21.09. 03:00,7.5591
21.09. 04:00,7.5568
21.09. 05:00,8.0644
21.09. 06:00,36.497
21.09. 07:00,117.41
21.09. 08:00,44.004
21.09. 09:00,77.01
21.09. 10:00,33.011
21.09. 11:00,10.236
21.09. 12:00,0
21.09. 13:00,0
21.09. 14:00,0
21.09. 15:00,0
21.09. 16:00,0
21.09. 17:00,0
21.09. 18:00,52.704
21.09. 19:00,73.379
21.09. 20:00,73.351
21.09. 21:00,11.013
21.09. 22:00,8.1826
21.09. 23:00,7.639
22.09. 00:00,7.5809
22.09. 01:00,7.5624
22.09. 02:00,7.5597
22.09. 03:00,7.5574
22.09. 04:00,7.5571
22.09. 05:00,7.557
22.09. 06:00,17.6688
22.09. 07:00,73.402
22.09. 08:00,73.403
22.09. 09:00,73.405
22.09. 10:00,73.407
22.09. 11:00,9.2319
22.09. 12:00,0
22.09. 13:00,0
22.09. 14:00,0
22.09. 15:00,0
22.09. 16:00,0
22.09. 17:00,0
22.09. 18:00,0
22.09. 19:00,0
22.09. 20:00,0
22.09. 21:00,0
22.09. 22:00,0
22.09. 23:00,0
23.09. 00:00,0
23.09. 01:00,0
23.09. 02:00,0
23.09. 03:00,0
23.09. 04:00,0
23.09. 05:00,0
23.09. 06:00,0
23.09. 07:00,0
23.09. 08:00,0
23.09. 09:00,0
23.09. 10:00,0
23.09. 11:00,0
23.09. 12:00,0
23.09. 13:00,0
23.09. 14:00,0
23.09. 15:00,0
23.09. 16:00,0
23.09. 17:00,0
23.09. 18:00,0
23.09. 19:00,0
23.09. 20:00,0
23.09. 21:00,0
23.09. 22:00,0
23.09. 23:00,0
24.09. 00:00,0
24.09. 01:00,0
24.09. 02:00,0
24.09. 03:00,0
24.09. 04:00,0
24.09. 05:00,0
24.09. 06:00,0
24.09. 07:00,0
24.09. 08:00,0
24.09. 09:00,33.005
24.09. 10:00,33.011
24.09. 11:00,10.236
24.09. 12:00,0
24.09. 13:00,0
24.09. 14:00,0
24.09. 15:00,0
24.09. 16:00,0
24.09. 17:00,0
24.09. 18:00,0
24.09. 19:00,73.351
24.09. 20:00,73.402
24.09. 21:00,49.578
24.09. 22:00,13.088
24.09. 23:00,7.8942
25.09. 00:00,7.5686
25.09. 01:00,7.5593
25.09. 02:00,7.557
25.09. 03:00,7.5562
25.09. 04:00,7.5559
25.09. 05:00,7.5556
25.09. 06:00,15.1929
25.09. 07:00,117.41
25.09. 08:00,44.004
25.09. 09:00,99.01
25.09. 10:00,55.011
25.09. 11:00,32.237
25.09. 12:00,22.002
25.09. 13:00,22.003
25.09. 14:00,0
25.09. 15:00,0
25.09. 16:00,0
25.09. 17:00,0
25.09. 18:00,0
25.09. 19:00,73.364
25.09. 20:00,73.384
25.09. 21:00,49.514
25.09. 22:00,13.112
25.09. 23:00,7.9087
26.09. 00:00,7.5828
26.09. 01:00,7.5587
26.09. 02:00,7.5574
26.09. 03:00,7.5567
26.09. 04:00,7.5564
26.09. 05:00,7.5562
26.09. 06:00,25.559
26.09. 07:00,73.404
26.09. 08:00,0
26.09. 09:00,33.005
26.09. 10:00,33.011
26.09. 11:00,10.236
26.09. 12:00,0
26.09. 13:00,0
26.09. 14:00,0
26.09. 15:00,0
26.09. 16:00,0
26.09. 17:00,0
26.09. 18:00,13.211
26.09. 19:00,73.374
26.09. 20:00,73.364
26.09. 21:00,36.395
26.09. 22:00,9.3962
26.09. 23:00,7.6581
27.09. 00:00,7.5691
27.09. 01:00,7.5615
27.09. 02:00,7.5591
27.09. 03:00,7.5583
27.09. 04:00,7.5575
27.09. 05:00,7.5573
27.09. 06:00,24.326
27.09. 07:00,73.4032
27.09. 08:00,0
27.09. 09:00,34.3143
27.09. 10:00,47.273
27.09. 11:00,89.39851
27.09. 12:00,88.757
27.09. 13:00,50.442
27.09. 14:00,18.075
27.09. 15:00,11.074
27.09. 16:00,0
27.09. 17:00,0
27.09. 18:00,52.703
27.09. 19:00,73.375
27.09. 20:00,10.534
27.09. 21:00,7.8891
27.09. 22:00,7.5882
27.09. 23:00,7.5638
28.09. 00:00,7.561
28.09. 01:00,7.5588
28.09. 02:00,7.558
28.09. 03:00,7.5577
28.09. 04:00,7.5576
28.09. 05:00,72.056
28.09. 06:00,73.4015
28.09. 07:00,73.403
28.09. 08:00,0
28.09. 09:00,33.005
28.09. 10:00,33.011
28.09. 11:00,10.23
28.09. 12:00,0
28.09. 13:00,0
28.09. 14:00,0
28.09. 15:00,0
28.09. 16:00,0
28.09. 17:00,0
28.09. 18:00,52.702
28.09. 19:00,73.372
28.09. 20:00,73.34
28.09. 21:00,10.772
28.09. 22:00,7.9886
28.09. 23:00,7.686
29.09. 00:00,7.5765
29.09. 01:00,7.5669
29.09. 02:00,7.5605
29.09. 03:00,7.5581
29.09. 04:00,7.5573
29.09. 05:00,7.557
29.09. 06:00,7.55685
29.09. 07:00,43.344
29.09. 08:00,73.403
29.09. 09:00,73.405
29.09. 10:00,73.407
29.09. 11:00,0
29.09. 12:00,0
29.09. 13:00,0
29.09. 14:00,0
29.09. 15:00,0
29.09. 16:00,0
29.09. 17:00,0
29.09. 18:00,0
29.09. 19:00,0
29.09. 20:00,0
29.09. 21:00,0
29.09. 22:00,0
29.09. 23:00,0
30.09. 00:00,0
30.09. 01:00,0
30.09. 02:00,0
30.09. 03:00,0
30.09. 04:00,0
30.09. 05:00,0
30.09. 06:00,0
30.09. 07:00,0
30.09. 08:00,0
30.09. 09:00,0
30.09. 10:00,0
30.09. 11:00,0
30.09. 12:00,0
30.09. 13:00,0
30.09. 14:00,0
30.09. 15:00,0
30.09. 16:00,0
30.09. 17:00,0
30.09. 18:00,0
30.09. 19:00,0
30.09. 20:00,0
30.09. 21:00,0
30.09. 22:00,0
30.09. 23:00,0
01.10. 00:00,0
01.10. 01:00,0
01.10. 02:00,0
01.10. 03:00,0
01.10. 04:00,0
01.10. 05:00,0
01.10. 06:00,0
01.10. 07:00,29.907
01.10. 08:00,44.003
01.10. 09:00,77.01
01.10. 10:00,54.786
01.10. 11:00,10.236
01.10. 12:00,0
01.10. 13:00,0
01.10. 14:00,0
01.10. 15:00,0
01.10. 16:00,0
01.10. 17:00,0
01.10. 18:00,0
01.10. 19:00,73.345
01.10. 20:00,73.401
01.10. 21:00,49.545
01.10. 22:00,13.08
01.10. 23:00,7.8881
02.10. 00:00,7.5627
02.10. 01:00,8.0629
02.10. 02:00,8.0626
02.10. 03:00,8.0624
02.10. 04:00,8.0621
02.10. 05:00,8.0618
02.10. 06:00,8.06156
02.10. 07:00,60.939
02.10. 08:00,21.98
02.10. 09:00,55.006
02.10. 10:00,55.012
02.10. 11:00,32.238
02.10. 12:00,22.002
02.10. 13:00,10.399
02.10. 14:00,0
02.10. 15:00,0
02.10. 16:00,0
02.10. 17:00,0
02.10. 18:00,11.526
02.10. 19:00,73.372
02.10. 20:00,73.341
02.10. 21:00,38.109
02.10. 22:00,9.8885
02.10. 23:00,8.0936
03.10. 00:00,7.5893
03.10. 01:00,7.5582
03.10. 02:00,7.5569
03.10. 03:00,7.5568
03.10. 04:00,7.5568
03.10. 05:00,7.5567
03.10. 06:00,25.957
03.10. 07:00,103.609
03.10. 08:00,44.003
03.10. 09:00,77.01
03.10. 10:00,54.521
03.10. 11:00,10.236
03.10. 12:00,0
03.10. 13:00,0
03.10. 14:00,0
03.10. 15:00,0
03.10. 16:00,0
03.10. 17:00,0
03.10. 18:00,52.702
03.10. 19:00,73.373
03.10. 20:00,73.341
03.10. 21:00,8.0283
03.10. 22:00,7.6938
03.10. 23:00,7.5772
04.10. 00:00,7.5568
04.10. 01:00,8.0637
04.10. 02:00,8.0635
04.10. 03:00,8.0632
04.10. 04:00,8.063
04.10. 05:00,8.0627
04.10. 06:00,26.463
04.10. 07:00,73.403
04.10. 08:00,0
04.10. 09:00,55.005
04.10. 10:00,55.011
04.10. 11:00,32.237
04.10. 12:00,22.002
04.10. 13:00,17.871
04.10. 14:00,0
04.10. 15:00,0
04.10. 16:00,0
04.10. 17:00,0
04.10. 18:00,52.705
04.10. 19:00,73.381
04.10. 20:00,73.354
04.10. 21:00,8.033
04.10. 22:00,7.6986
04.10. 23:00,7.582
05.10. 00:00,7.5616
05.10. 01:00,7.5588
05.10. 02:00,7.558
05.10. 03:00,7.5578
05.10. 04:00,7.5575
05.10. 05:00,24.343
05.10. 06:00,72.718
05.10. 07:00,109.048
05.10. 08:00,44.003
05.10. 09:00,77.01
05.10. 10:00,33.011
05.10. 11:00,10.236
05.10. 12:00,0
05.10. 13:00,0
05.10. 14:00,0
05.10. 15:00,0
05.10. 16:00,0
05.10. 17:00,0
05.10. 18:00,52.702
05.10. 19:00,73.372
05.10. 20:00,73.36
05.10. 21:00,10.841
05.10. 22:00,8.0447
05.10. 23:00,7.7408
06.10. 00:00,7.6307
06.10. 01:00,7.5842
06.10. 02:00,7.5658
06.10. 03:00,7.559
06.10. 04:00,7.558
06.10. 05:00,7.5573
06.10. 06:00,7.5571
06.10. 07:00,57.61899
06.10. 08:00,73.403
06.10. 09:00,73.405
06.10. 10:00,73.407
06.10. 11:00,8.4023
06.10. 12:00,0
06.10. 13:00,0
06.10. 14:00,0
06.10. 15:00,0
06.10. 16:00,0
06.10. 17:00,0
06.10. 18:00,0
06.10. 19:00,0
06.10. 20:00,0
06.10. 21:00,0
06.10. 22:00,0
06.10. 23:00,0
07.10. 00:00,0
07.10. 01:00,0
07.10. 02:00,0
07.10. 03:00,0
07.10. 04:00,0
07.10. 05:00,0
07.10. 06:00,0
07.10. 07:00,0
07.10. 08:00,0
07.10. 09:00,0
07.10. 10:00,0
07.10. 11:00,0
07.10. 12:00,0
07.10. 13:00,0
07.10. 14:00,0
07.10. 15:00,0
07.10. 16:00,0
07.10. 17:00,0
07.10. 18:00,0
07.10. 19:00,0
07.10. 20:00,0
07.10. 21:00,0
07.10. 22:00,0
07.10. 23:00,0
08.10. 00:00,0
08.10. 01:00,0
08.10. 02:00,0
08.10. 03:00,0
08.10. 04:00,0
08.10. 05:00,0
08.10. 06:00,0
08.10. 07:00,0
08.10. 08:00,0
08.10. 09:00,33.005
08.10. 10:00,33.011
08.10. 11:00,10.236
08.10. 12:00,0
08.10. 13:00,0
08.10. 14:00,0
08.10. 15:00,0
08.10. 16:00,0
08.10. 17:00,0
08.10. 18:00,0
08.10. 19:00,73.354
08.10. 20:00,73.402
08.10. 21:00,49.135
08.10. 22:00,12.967
08.10. 23:00,7.8105
09.10. 00:00,7.606
09.10. 01:00,7.5599
09.10. 02:00,7.5564
09.10. 03:00,7.5562
09.10. 04:00,7.556
09.10. 05:00,7.5559
09.10. 06:00,7.5558
09.10. 07:00,26.5977
09.10. 08:00,32.188
09.10. 09:00,99.008
09.10. 10:00,99.016
09.10. 11:00,32.237
09.10. 12:00,22.002
09.10. 13:00,22.003
09.10. 14:00,0
09.10. 15:00,0
09.10. 16:00,0
09.10. 17:00,0
09.10. 18:00,45.976
09.10. 19:00,73.366
09.10. 20:00,73.351
09.10. 21:00,66.675
09.10. 22:00,0
09.10. 23:00,0
10.10. 00:00,0
10.10. 01:00,0
10.10. 02:00,0
10.10. 03:00,0
10.10. 04:00,0
10.10. 05:00,0
10.10. 06:00,0
10.10. 07:00,73.403
10.10. 08:00,0
10.10. 09:00,33.005
10.10. 10:00,77.014
10.10. 11:00,54.241
10.10. 12:00,0
10.10. 13:00,0
10.10. 14:00,0
10.10. 15:00,0
10.10. 16:00,0
10.10. 17:00,0
10.10. 18:00,52.705
10.10. 19:00,73.381
10.10. 20:00,70.479
10.10. 21:00,7.032
10.10. 22:00,7.6139
10.10. 23:00,7.6137
11.10. 00:00,7.6135
11.10. 01:00,7.6133
11.10. 02:00,7.6131
11.10. 03:00,7.6129
11.10. 04:00,7.6127
11.10. 05:00,7.6125
11.10. 06:00,73.402
11.10. 07:00,73.403
11.10. 08:00,0
11.10. 09:00,48.094
11.10. 10:00,55.01
11.10. 11:00,36.529
11.10. 12:00,22.002
11.10. 13:00,22.002
11.10. 14:00,10.131
11.10. 15:00,0
11.10. 16:00,0
11.10. 17:00,0
11.10. 18:00,52.704
11.10. 19:00,73.378
11.10. 20:00,71.768
11.10. 21:00,7.1597
11.10. 22:00,7.7524
11.10. 23:00,7.7521
12.10. 00:00,7.7519
12.10. 01:00,7.7517
12.10. 02:00,7.7515
12.10. 03:00,7.7512
12.10. 04:00,7.751
12.10. 05:00,25.043
12.10. 06:00,72.162
12.10. 07:00,89.951
12.10. 08:00,44.002
12.10. 09:00,77.009
12.10. 10:00,77.016
12.10. 11:00,10.236
12.10. 12:00,0
12.10. 13:00,0
12.10. 14:00,0
12.10. 15:00,0
12.10. 16:00,0
12.10. 17:00,0
12.10. 18:00,52.701
12.10. 19:00,73.369
12.10. 20:00,73.355
12.10. 21:00,10.693
12.10. 22:00,7.9257
12.10. 23:00,7.6247
13.10. 00:00,7.5739
13.10. 01:00,7.5661
13.10. 02:00,7.5597
13.10. 03:00,7.5573
13.10. 04:00,8.0644
13.10. 05:00,8.0641
13.10. 06:00,8.0639
13.10. 07:00,44.747
13.10. 08:00,73.403
13.10. 09:00,73.405
13.10. 10:00,73.407
13.10. 11:00,12.288
13.10. 12:00,0
13.10. 13:00,0
13.10. 14:00,0
13.10. 15:00,0
13.10. 16:00,0
13.10. 17:00,0
13.10. 18:00,0
13.10. 19:00,0
13.10. 20:00,0
13.10. 21:00,0
13.10. 22:00,0
13.10. 23:00,0
14.10. 00:00,0
14.10. 01:00,0
14.10. 02:00,0
14.10. 03:00,0
14.10. 04:00,0
14.10. 05:00,0
14.10. 06:00,0
14.10. 07:00,0
14.10. 08:00,0
14.10. 09:00,0
14.10. 10:00,0
14.10. 11:00,0
14.10. 12:00,0
14.10. 13:00,0
14.10. 14:00,0
14.10. 15:00,0
14.10. 16:00,0
14.10. 17:00,0
14.10. 18:00,0
14.10. 19:00,0
14.10. 20:00,0
14.10. 21:00,0
14.10. 22:00,0
14.10. 23:00,0
15.10. 00:00,0
15.10. 01:00,0
15.10. 02:00,0
15.10. 03:00,0
15.10. 04:00,0
15.10. 05:00,0
15.10. 06:00,0
15.10. 07:00,0
15.10. 08:00,0
15.10. 09:00,33.005
15.10. 10:00,33.011
15.10. 11:00,10.236
15.10. 12:00,0
15.10. 13:00,0
15.10. 14:00,0
15.10. 15:00,0
15.10. 16:00,0
15.10. 17:00,0
15.10. 18:00,0
15.10. 19:00,73.354
15.10. 20:00,73.402
15.10. 21:00,44.385
15.10. 22:00,11.646
15.10. 23:00,8.4533
16.10. 00:00,7.9062
16.10. 01:00,7.6695
16.10. 02:00,7.5625
16.10. 03:00,7.5571
16.10. 04:00,7.5563
16.10. 05:00,7.5561
16.10. 06:00,7.556
16.10. 07:00,30.6862
16.10. 08:00,0
16.10. 09:00,0
16.10. 10:00,6.8963
16.10. 11:00,38.856
16.10. 12:00,35.4724
16.10. 13:00,70.70895
16.10. 14:00,90.182
16.10. 15:00,14.385
16.10. 16:00,17.89
16.10. 17:00,0
16.10. 18:00,32.088
16.10. 19:00,37.81
16.10. 20:00,8.4757
16.10. 21:00,7.8953
16.10. 22:00,7.6509
16.10. 23:00,7.6001
17.10. 00:00,7.5815
17.10. 01:00,7.564
17.10. 02:00,7.5613
17.10. 03:00,7.5591
17.10. 04:00,25.011
17.10. 05:00,72.917
17.10. 06:00,73.402
17.10. 07:00,73.4035
17.10. 08:00,0
17.10. 09:00,33.005
17.10. 10:00,77.014
17.10. 11:00,54.222
17.10. 12:00,19.091
17.10. 13:00,0
17.10. 14:00,0
17.10. 15:00,0
17.10. 16:00,0
17.10. 17:00,0
17.10. 18:00,52.702
17.10. 19:00,73.373
17.10. 20:00,64.784
17.10. 21:00,0
17.10. 22:00,7.0081
17.10. 23:00,7.0079
18.10. 00:00,7.0077
18.10. 01:00,7.0075
18.10. 02:00,7.0073
18.10. 03:00,7.0071
18.10. 04:00,7.0069
18.10. 05:00,7.0067
18.10. 06:00,73.402
18.10. 07:00,73.403
18.10. 08:00,21.988
18.10. 09:00,55.005
18.10. 10:00,55.011
18.10. 11:00,32.237
18.10. 12:00,22.002
18.10. 13:00,22.003
18.10. 14:00,0
18.10. 15:00,0
18.10. 16:00,0
18.10. 17:00,0
18.10. 18:00,52.703
18.10. 19:00,73.375
18.10. 20:00,72.563
18.10. 21:00,7.2399
18.10. 22:00,7.8393
18.10. 23:00,7.8391
19.10. 00:00,7.8389
19.10. 01:00,7.8386
19.10. 02:00,7.8384
19.10. 03:00,7.8382
19.10. 04:00,7.8379
19.10. 05:00,7.8377
19.10. 06:00,68.892
19.10. 07:00,73.4036
19.10. 08:00,41.009
19.10. 09:00,77.009
19.10. 10:00,77.016
19.10. 11:00,10.236
19.10. 12:00,0
19.10. 13:00,0
19.10. 14:00,0
19.10. 15:00,0
19.10. 16:00,0
19.10. 17:00,0
19.10. 18:00,52.702
19.10. 19:00,73.372
19.10. 20:00,73.341
19.10. 21:00,10.951
19.10. 22:00,8.1329
19.10. 23:00,7.5917
20.10. 00:00,7.56
20.10. 01:00,7.5587
20.10. 02:00,7.558
20.10. 03:00,7.5577
20.10. 04:00,7.5574
20.10. 05:00,7.5573
20.10. 06:00,7.5572
20.10. 07:00,8.2434
20.10. 08:00,28.257
20.10. 09:00,21.973
20.10. 10:00,27.077
20.10. 11:00,35.765
20.10. 12:00,39.12255
20.10. 13:00,43.50395
20.10. 14:00,73.407
20.10. 15:00,18.402
20.10. 16:00,0
20.10. 17:00,0
20.10. 18:00,0
20.10. 19:00,0
20.10. 20:00,0
20.10. 21:00,0
20.10. 22:00,0
20.10. 23:00,0
21.10. 00:00,0
21.10. 01:00,0
21.10. 02:00,0
21.10. 03:00,0
21.10. 04:00,0
21.10. 05:00,0
21.10. 06:00,0
21.10. 07:00,0
21.10. 08:00,0
21.10. 09:00,0
21.10. 10:00,0
21.10. 11:00,0
21.10. 12:00,0
21.10. 13:00,0
21.10. 14:00,0
21.10. 15:00,0
21.10. 16:00,0
21.10. 17:00,0
21.10. 18:00,0
21.10. 19:00,0
21.10. 20:00,0
21.10. 21:00,0
21.10. 22:00,0
21.10. 23:00,0
22.10. 00:00,0
22.10. 01:00,0
22.10. 02:00,0
22.10. 03:00,0
22.10. 04:00,0
22.10. 05:00,0
22.10. 06:00,0
22.10. 07:00,0
22.10. 08:00,0
22.10. 09:00,33.005
22.10. 10:00,33.011
22.10. 11:00,10.236
22.10. 12:00,0
22.10. 13:00,0
22.10. 14:00,0
22.10. 15:00,0
22.10. 16:00,0
22.10. 17:00,0
22.10. 18:00,0
22.10. 19:00,73.335
22.10. 20:00,73.401
22.10. 21:00,44.85
22.10. 22:00,11.777
22.10. 23:00,8.558
23.10. 00:00,7.5951
23.10. 01:00,7.5625
23.10. 02:00,7.5601
23.10. 03:00,7.5578
23.10. 04:00,7.557
23.10. 05:00,7.5562
23.10. 06:00,7.5561
23.10. 07:00,27.892
23.10. 08:00,44.002
23.10. 09:00,99.009
23.10. 10:00,99.016
23.10. 11:00,48.627
23.10. 12:00,22.002
23.10. 13:00,22.003
23.10. 14:00,0
23.10. 15:00,0
23.10. 16:00,0
23.10. 17:00,0
23.10. 18:00,45.976
23.10. 19:00,73.367
23.10. 20:00,73.333
23.10. 21:00,10.086
23.10. 22:00,8.5189
23.10. 23:00,7.5788
24.10. 00:00,8.0595
24.10. 01:00,8.0592
24.10. 02:00,8.059
24.10. 03:00,8.0587
24.10. 04:00,8.0585
24.10. 05:00,8.0582
24.10. 06:00,26.458
24.10. 07:00,73.4026
24.10. 08:00,0
24.10. 09:00,33.005
24.10. 10:00,33.011
24.10. 11:00,10.236
24.10. 12:00,0
24.10. 13:00,0
24.10. 14:00,0
24.10. 15:00,0
24.10. 16:00,0
24.10. 17:00,0
24.10. 18:00,52.703
24.10. 19:00,73.376
24.10. 20:00,67.835
24.10. 21:00,0
24.10. 22:00,7.3406
24.10. 23:00,7.3404
25.10. 00:00,7.3402
25.10. 01:00,7.34
25.10. 02:00,7.3398
25.10. 03:00,7.3396
25.10. 04:00,7.3394
25.10. 05:00,24.157
25.10. 06:00,72.751
25.10. 07:00,73.4032
25.10. 08:00,44.002
25.10. 09:00,99.009
25.10. 10:00,99.017
25.10. 11:00,32.237
25.10. 12:00,22.002
25.10. 13:00,22.003
25.10. 14:00,0
25.10. 15:00,0
25.10. 16:00,0
25.10. 17:00,0
25.10. 18:00,52.702
25.10. 19:00,73.371
25.10. 20:00,68.146
25.10. 21:00,0
25.10. 22:00,7.3821
25.10. 23:00,7.3819
26.10. 00:00,7.3817
26.10. 01:00,7.3815
26.10. 02:00,7.3813
26.10. 03:00,7.3811
26.10. 04:00,7.3809
26.10. 05:00,7.3807
26.10. 06:00,73.402
26.10. 07:00,73.4033
26.10. 08:00,0
26.10. 09:00,33.005
26.10. 10:00,33.011
26.10. 11:00,10.236
26.10. 12:00,0
26.10. 13:00,0
26.10. 14:00,0
26.10. 15:00,0
26.10. 16:00,0
26.10. 17:00,0
26.10. 18:00,52.702
26.10. 19:00,73.372
26.10. 20:00,73.34
26.10. 21:00,9.2496
26.10. 22:00,7.763
26.10. 23:00,7.6131
27.10. 00:00,7.5663
27.10. 01:00,7.5585
27.10. 02:00,7.5581
27.10. 03:00,7.5578
27.10. 04:00,7.5577
27.10. 05:00,7.5576
27.10. 06:00,7.5575
27.10. 07:00,7.5573
27.10. 08:00,55.41991
27.10. 09:00,73.403
27.10. 10:00,73.405
27.10. 11:00,73.407
27.10. 12:00,0
27.10. 13:00,0
27.10. 14:00,0
27.10. 15:00,0
27.10. 16:00,0
27.10. 17:00,0
27.10. 18:00,0
27.10. 19:00,0
27.10. 20:00,0
27.10. 21:00,0
27.10. 22:00,0
27.10. 23:00,0
28.10. 00:00,0
28.10. 01:00,0
28.10. 02:00,0
28.10. 03:00,0
28.10. 04:00,0
28.10. 05:00,0
28.10. 06:00,0
28.10. 07:00,0
28.10. 08:00,0
28.10. 09:00,0
28.10. 10:00,0
28.10. 11:00,0
28.10. 12:00,0
28.10. 13:00,0
28.10. 14:00,0
28.10. 15:00,0
28.10. 16:00,0
28.10. 17:00,0
28.10. 18:00,0
28.10. 19:00,0
28.10. 20:00,0
28.10. 21:00,0
28.10. 22:00,0
28.10. 23:00,0
29.10. 00:00,0
29.10. 01:00,0
29.10. 02:00,0
29.10. 03:00,0
29.10. 04:00,0
29.10. 05:00,0
29.10. 06:00,0
29.10. 07:00,0
29.10. 08:00,37.653
29.10. 09:00,77.008
29.10. 10:00,77.015
29.10. 11:00,30.762
29.10. 12:00,0
29.10. 13:00,0
29.10. 14:00,0
29.10. 15:00,0
29.10. 16:00,0
29.10. 17:00,0
29.10. 18:00,0
29.10. 19:00,73.338
29.10. 20:00,73.401
29.10. 21:00,40.022
29.10. 22:00,10.423
29.10. 23:00,7.4784
30.10. 00:00,7.9156
30.10. 01:00,7.9153
30.10. 02:00,7.915
30.10. 03:00,7.9148
30.10. 04:00,7.9145
30.10. 05:00,7.9142
30.10. 06:00,7.914
30.10. 07:00,26.8913
30.10. 08:00,33.978
30.10. 09:00,55.005
30.10. 10:00,55.011
30.10. 11:00,32.237
30.10. 12:00,22.002
30.10. 13:00,22.003
30.10. 14:00,0
30.10. 15:00,0
30.10. 16:00,0
30.10. 17:00,0
30.10. 18:00,45.977
30.10. 19:00,73.37
30.10. 20:00,73.338
30.10. 21:00,8.9275
30.10. 22:00,8.1592
30.10. 23:00,7.6676
31.10. 00:00,7.6099
31.10. 01:00,7.5657
31.10. 02:00,7.5581
31.10. 03:00,7.5576
31.10. 04:00,7.5576
31.10. 05:00,24.736
31.10. 06:00,25.667
31.10. 07:00,73.4034
31.10. 08:00,25.419
31.10. 09:00,77.009
31.10. 10:00,33.011
31.10. 11:00,10.236
31.10. 12:00,0
31.10. 13:00,0
31.10. 14:00,0
31.10. 15:00,0
31.10. 16:00,0
31.10. 17:00,0
31.10. 18:00,52.703
31.10. 19:00,73.375
31.10. 20:00,64.413
31.10. 21:00,0
31.10. 22:00,6.9654
31.10. 23:00,6.9652
01.11. 00:00,6.965
01.11. 01:00,6.9648
01.11. 02:00,6.9647
01.11. 03:00,6.9645
01.11. 04:00,6.9643
01.11. 05:00,6.9641
01.11. 06:00,73.402
01.11. 07:00,73.4026
01.11. 08:00,25.983
01.11. 09:00,82.318
01.11. 10:00,99.016
01.11. 11:00,22.001
01.11. 12:00,22.002
01.11. 13:00,16.917
01.11. 14:00,8.2801
01.11. 15:00,0
01.11. 16:00,0
01.11. 17:00,0
01.11. 18:00,52.703
01.11. 19:00,73.377
01.11. 20:00,61.854
01.11. 21:00,0
01.11. 22:00,0
01.11. 23:00,0
02.11. 00:00,0
02.11. 01:00,0
02.11. 02:00,0
02.11. 03:00,0
02.11. 04:00,0
02.11. 05:00,71.915
02.11. 06:00,72.847
02.11. 07:00,73.4036
02.11. 08:00,0
02.11. 09:00,33.003
02.11. 10:00,33.008
02.11. 11:00,24.034
02.11. 12:00,0
02.11. 13:00,0
02.11. 14:00,0
02.11. 15:00,0
02.11. 16:00,0
02.11. 17:00,0
02.11. 18:00,52.702
02.11. 19:00,73.372
02.11. 20:00,73.36
02.11. 21:00,9.1945
02.11. 22:00,7.7138
02.11. 23:00,7.5645
03.11. 00:00,7.559
03.11. 01:00,7.5582
03.11. 02:00,7.558
03.11. 03:00,7.5579
03.11. 04:00,7.5578
03.11. 05:00,7.5578
03.11. 06:00,8.0645
03.11. 07:00,8.06421
03.11. 08:00,49.3396
03.11. 09:00,73.403
03.11. 10:00,68.35888
03.11. 11:00,72.56151
03.11. 12:00,12.395
03.11. 13:00,0
03.11. 14:00,0
03.11. 15:00,0
03.11. 16:00,0
03.11. 17:00,0
03.11. 18:00,0
03.11. 19:00,0
03.11. 20:00,0
03.11. 21:00,0
03.11. 22:00,0
03.11. 23:00,0
04.11. 00:00,0
04.11. 01:00,0
04.11. 02:00,0
04.11. 03:00,0
04.11. 04:00,0
04.11. 05:00,0
04.11. 06:00,0
04.11. 07:00,0
04.11. 08:00,0
04.11. 09:00,0
04.11. 10:00,0
04.11. 11:00,0
04.11. 12:00,0
04.11. 13:00,0
04.11. 14:00,0
04.11. 15:00,0
04.11. 16:00,0
04.11. 17:00,0
04.11. 18:00,0
04.11. 19:00,0
04.11. 20:00,0
04.11. 21:00,0
04.11. 22:00,0
04.11. 23:00,0
05.11. 00:00,0
05.11. 01:00,0
05.11. 02:00,0
05.11. 03:00,0
05.11. 04:00,0
05.11. 05:00,0
05.11. 06:00,0
05.11. 07:00,0
05.11. 08:00,44.002
05.11. 09:00,77.009
05.11. 10:00,77.016
05.11. 11:00,10.236
05.11. 12:00,0
05.11. 13:00,0
05.11. 14:00,0
05.11. 15:00,0
05.11. 16:00,0
05.11. 17:00,0
05.11. 18:00,0
05.11. 19:00,73.356
05.11. 20:00,73.401
05.11. 21:00,43.621
05.11. 22:00,11.433
05.11. 23:00,8.2826
06.11. 00:00,7.7436
06.11. 01:00,7.6282
06.11. 02:00,7.5822
06.11. 03:00,7.5639
06.11. 04:00,7.5571
06.11. 05:00,7.5568
06.11. 06:00,7.5566
06.11. 07:00,36.1721
06.11. 08:00,34.186
06.11. 09:00,98.989
06.11. 10:00,55.011
06.11. 11:00,32.237
06.11. 12:00,22.002
06.11. 13:00,22.003
06.11. 14:00,0
06.11. 15:00,0
06.11. 16:00,0
06.11. 17:00,0
06.11. 18:00,45.976
06.11. 19:00,73.367
06.11. 20:00,73.352
06.11. 21:00,8.9016
06.11. 22:00,8.1344
06.11. 23:00,7.644
07.11. 00:00,7.5865
07.11. 01:00,7.5681
07.11. 02:00,7.5613
07.11. 03:00,7.5589
07.11. 04:00,7.5581
07.11. 05:00,7.5578
07.11. 06:00,25.958
07.11. 07:00,73.403
07.11. 08:00,16.56
07.11. 09:00,67.42616
07.11. 10:00,53.433
07.11. 11:00,14.496
07.11. 12:00,0
07.11. 13:00,0
07.11. 14:00,0
07.11. 15:00,0
07.11. 16:00,0
07.11. 17:00,0
07.11. 18:00,52.704
07.11. 19:00,73.377
07.11. 20:00,63.455
07.11. 21:00,0
07.11. 22:00,0
07.11. 23:00,0
08.11. 00:00,0
08.11. 01:00,0
08.11. 02:00,0
08.11. 03:00,0
08.11. 04:00,0
08.11. 05:00,55.001
08.11. 06:00,73.402
08.11. 07:00,73.403
08.11. 08:00,0
08.11. 09:00,41.158
08.11. 10:00,87.03082
08.11. 11:00,33.85
08.11. 12:00,22.33
08.11. 13:00,20.311
08.11. 14:00,22.002
08.11. 15:00,0
08.11. 16:00,0
08.11. 17:00,0
08.11. 18:00,52.703
08.11. 19:00,73.377
08.11. 20:00,33.83
08.11. 21:00,8.5142
08.11. 22:00,7.9325
08.11. 23:00,7.691
09.11. 00:00,7.5823
09.11. 01:00,7.562
09.11. 02:00,7.5593
09.11. 03:00,7.5585
09.11. 04:00,7.5584
09.11. 05:00,25.941
09.11. 06:00,73.402
09.11. 07:00,73.403
09.11. 08:00,22.922
09.11. 09:00,77.01
09.11. 10:00,53.449
09.11. 11:00,11.814
09.11. 12:00,0
09.11. 13:00,0
09.11. 14:00,0
09.11. 15:00,0
09.11. 16:00,0
09.11. 17:00,0
09.11. 18:00,52.704
09.11. 19:00,73.378
09.11. 20:00,73.35
09.11. 21:00,9.1024
09.11. 22:00,7.6312
09.11. 23:00,7.5685
10.11. 00:00,7.5615
10.11. 01:00,7.5591
10.11. 02:00,7.5583
10.11. 03:00,7.5582
10.11. 04:00,7.5581
10.11. 05:00,7.558
10.11. 06:00,7.558
10.11. 07:00,7.5579
10.11. 08:00,16.548
10.11. 09:00,73.402
10.11. 10:00,73.404
10.11. 11:00,73.405
10.11. 12:00,18.402
10.11. 13:00,7.4215
10.11. 14:00,0
10.11. 15:00,0
10.11. 16:00,0
10.11. 17:00,0
10.11. 18:00,0
10.11. 19:00,0
10.11. 20:00,0
10.11. 21:00,0
10.11. 22:00,0
10.11. 23:00,0
11.11. 00:00,0
11.11. 01:00,0
11.11. 02:00,0
11.11. 03:00,0
11.11. 04:00,0
11.11. 05:00,0
11.11. 06:00,0
11.11. 07:00,0
11.11. 08:00,0
11.11. 09:00,0
11.11. 10:00,0
11.11. 11:00,0
11.11. 12:00,0
11.11. 13:00,0
11.11. 14:00,0
11.11. 15:00,0
11.11. 16:00,0
11.11. 17:00,0
11.11. 18:00,0
11.11. 19:00,0
11.11. 20:00,0
11.11. 21:00,0
11.11. 22:00,0
11.11. 23:00,0
12.11. 00:00,0
12.11. 01:00,0
12.11. 02:00,0
12.11. 03:00,0
12.11. 04:00,0
12.11. 05:00,0
12.11. 06:00,0
12.11. 07:00,0
12.11. 08:00,29.012
12.11. 09:00,76.256
12.11. 10:00,33.011
12.11. 11:00,10.236
12.11. 12:00,0
12.11. 13:00,0
12.11. 14:00,0
12.11. 15:00,0
12.11. 16:00,0
12.11. 17:00,0
12.11. 18:00,0
12.11. 19:00,73.369
12.11. 20:00,73.401
12.11. 21:00,43.494
12.11. 22:00,11.422
12.11. 23:00,8.2729
13.11. 00:00,7.7343
13.11. 01:00,7.6191
13.11. 02:00,7.5732
13.11. 03:00,7.5655
13.11. 04:00,7.5591
13.11. 05:00,7.5581
13.11. 06:00,7.5573
13.11. 07:00,59.97
13.11. 08:00,0
13.11. 09:00,66.505
13.11. 10:00,96.737
13.11. 11:00,44.083
13.11. 12:00,22.001
13.11. 13:00,22.002
13.11. 14:00,11.27
13.11. 15:00,8.2801
13.11. 16:00,0
13.11. 17:00,0
13.11. 18:00,45.976
13.11. 19:00,73.368
13.11. 20:00,63.537
13.11. 21:00,0
13.11. 22:00,0
13.11. 23:00,0
14.11. 00:00,0
14.11. 01:00,0
14.11. 02:00,0
14.11. 03:00,0
14.11. 04:00,0
14.11. 05:00,0
14.11. 06:00,73.401
14.11. 07:00,73.403
14.11. 08:00,0
14.11. 09:00,6.8963
14.11. 10:00,0
14.11. 11:00,6.8957
14.11. 12:00,55.54948
14.11. 13:00,48.18421
14.11. 14:00,8.4486
14.11. 15:00,0
14.11. 16:00,0
14.11. 17:00,0
14.11. 18:00,7.0807
14.11. 19:00,8.1421
14.11. 20:00,7.7827
14.11. 21:00,7.667
14.11. 22:00,7.56
14.11. 23:00,8.0635
15.11. 00:00,8.0633
15.11. 01:00,8.0631
15.11. 02:00,8.0629
15.11. 03:00,71.205
15.11. 04:00,71.958
15.11. 05:00,73.401
15.11. 06:00,73.402
15.11. 07:00,73.403
15.11. 08:00,0
15.11. 09:00,98.989
15.11. 10:00,46.014
15.11. 11:00,48.012
15.11. 12:00,22.001
15.11. 13:00,47.247
15.11. 14:00,9.4545
15.11. 15:00,0
15.11. 16:00,0
15.11. 17:00,0
15.11. 18:00,52.703
15.11. 19:00,73.374
15.11. 20:00,58.717
15.11. 21:00,0
15.11. 22:00,0
15.11. 23:00,0
16.11. 00:00,0
16.11. 01:00,0
16.11. 02:00,0
16.11. 03:00,0
16.11. 04:00,0
16.11. 05:00,70.918
16.11. 06:00,72.862
16.11. 07:00,73.403
16.11. 08:00,0
16.11. 09:00,6.8963
16.11. 10:00,77.01
16.11. 11:00,33.012
16.11. 12:00,0
16.11. 13:00,0
16.11. 14:00,0
16.11. 15:00,0
16.11. 16:00,0
16.11. 17:00,0
16.11. 18:00,52.702
16.11. 19:00,73.37
16.11. 20:00,73.358
16.11. 21:00,9.0117
16.11. 22:00,7.5502
16.11. 23:00,8.0124
17.11. 00:00,8.0121
17.11. 01:00,8.0119
17.11. 02:00,8.0116
17.11. 03:00,8.0114
17.11. 04:00,8.0111
17.11. 05:00,8.0109
17.11. 06:00,8.0106
17.11. 07:00,8.0104
17.11. 08:00,8.0101
17.11. 09:00,19.9285
17.11. 10:00,43.07847
17.11. 11:00,45.19973
17.11. 12:00,29.70123
17.11. 13:00,18.5345
17.11. 14:00,33.18142
17.11. 15:00,42.30209
17.11. 16:00,6.8965
17.11. 17:00,0
17.11. 18:00,0
17.11. 19:00,0
17.11. 20:00,0
17.11. 21:00,0
17.11. 22:00,0
17.11. 23:00,0
18.11. 00:00,0
18.11. 01:00,0
18.11. 02:00,0
18.11. 03:00,0
18.11. 04:00,0
18.11. 05:00,0
18.11. 06:00,0
18.11. 07:00,0
18.11. 08:00,43.097
18.11. 09:00,10.429
18.11. 10:00,0
18.11. 11:00,0
18.11. 12:00,0
18.11. 13:00,0
18.11. 14:00,0
18.11. 15:00,0
18.11. 16:00,0
18.11. 17:00,0
18.11. 18:00,0
18.11. 19:00,0
18.11. 20:00,0
18.11. 21:00,0
18.11. 22:00,0
18.11. 23:00,0
19.11. 00:00,0
19.11. 01:00,0
19.11. 02:00,0
19.11. 03:00,0
19.11. 04:00,0
19.11. 05:00,0
19.11. 06:00,0
19.11. 07:00,0
19.11. 08:00,16.56
19.11. 09:00,51.223
19.11. 10:00,25.3426
19.11. 11:00,6.9
19.11. 12:00,6.9001
19.11. 13:00,6.9001
19.11. 14:00,6.9001
19.11. 15:00,0
19.11. 16:00,0
19.11. 17:00,0
19.11. 18:00,0
19.11. 19:00,73.348
19.11. 20:00,73.402
19.11. 21:00,67.149
19.11. 22:00,0
19.11. 23:00,0
20.11. 00:00,0
20.11. 01:00,0
20.11. 02:00,0
20.11. 03:00,0
20.11. 04:00,0
20.11. 05:00,0
20.11. 06:00,0
20.11. 07:00,54.413
20.11. 08:00,37.382
20.11. 09:00,99.008
20.11. 10:00,99.016
20.11. 11:00,55.24
20.11. 12:00,22.002
20.11. 13:00,22.003
20.11. 14:00,0
20.11. 15:00,0
20.11. 16:00,0
20.11. 17:00,0
20.11. 18:00,45.976
20.11. 19:00,73.367
20.11. 20:00,73.354
20.11. 21:00,7.4149
20.11. 22:00,8.0238
20.11. 23:00,8.0235
21.11. 00:00,8.0233
21.11. 01:00,8.023
21.11. 02:00,8.0228
21.11. 03:00,8.0225
21.11. 04:00,8.0223
21.11. 05:00,8.022
21.11. 06:00,26.422
21.11. 07:00,73.403
21.11. 08:00,19.055
21.11. 09:00,77.01
21.11. 10:00,33.011
21.11. 11:00,10.236
21.11. 12:00,0
21.11. 13:00,0
21.11. 14:00,0
21.11. 15:00,0
21.11. 16:00,0
21.11. 17:00,0
21.11. 18:00,52.704
21.11. 19:00,73.377
21.11. 20:00,58.688
21.11. 21:00,0
21.11. 22:00,0
21.11. 23:00,0
22.11. 00:00,0
22.11. 01:00,0
22.11. 02:00,0
22.11. 03:00,0
22.11. 04:00,0
22.11. 05:00,55.001
22.11. 06:00,73.402
22.11. 07:00,73.403
22.11. 08:00,0
22.11. 09:00,99.01
22.11. 10:00,55.011
22.11. 11:00,32.237
22.11. 12:00,22.002
22.11. 13:00,22.003
22.11. 14:00,0
22.11. 15:00,0
22.11. 16:00,0
22.11. 17:00,0
22.11. 18:00,52.704
22.11. 19:00,73.379
22.11. 20:00,58.242
22.11. 21:00,0
22.11. 22:00,0
22.11. 23:00,0
23.11. 00:00,0
23.11. 01:00,0
23.11. 02:00,0
23.11. 03:00,0
23.11. 04:00,0
23.11. 05:00,73.401
23.11. 06:00,73.402
23.11. 07:00,73.403
23.11. 08:00,0
23.11. 09:00,29.32426
23.11. 10:00,66.11306
23.11. 11:00,77.017
23.11. 12:00,0
23.11. 13:00,0
23.11. 14:00,0
23.11. 15:00,0
23.11. 16:00,0
23.11. 17:00,0
23.11. 18:00,52.703
23.11. 19:00,73.374
23.11. 20:00,64.519
23.11. 21:00,0
23.11. 22:00,7.295
23.11. 23:00,7.2948
24.11. 00:00,7.2946
24.11. 01:00,7.2944
24.11. 02:00,7.2942
24.11. 03:00,7.294
24.11. 04:00,7.2938
24.11. 05:00,7.2936
24.11. 06:00,7.2934
24.11. 07:00,7.2932
24.11. 08:00,15.7065
24.11. 09:00,61.08015
24.11. 10:00,71.47103
24.11. 11:00,72.27068
24.11. 12:00,73.407
24.11. 13:00,8.7741
24.11. 14:00,0
24.11. 15:00,0
24.11. 16:00,0
24.11. 17:00,0
24.11. 18:00,0
24.11. 19:00,0
24.11. 20:00,0
24.11. 21:00,0
24.11. 22:00,0
24.11. 23:00,0
25.11. 00:00,0
25.11. 01:00,0
25.11. 02:00,0
25.11. 03:00,0
25.11. 04:00,0
25.11. 05:00,0
25.11. 06:00,0
25.11. 07:00,0
25.11. 08:00,0
25.11. 09:00,0
25.11. 10:00,0
25.11. 11:00,0
25.11. 12:00,0
25.11. 13:00,0
25.11. 14:00,0
25.11. 15:00,0
25.11. 16:00,0
25.11. 17:00,0
25.11. 18:00,0
25.11. 19:00,0
25.11. 20:00,0
25.11. 21:00,0
25.11. 22:00,0
25.11. 23:00,0
26.11. 00:00,0
26.11. 01:00,0
26.11. 02:00,0
26.11. 03:00,0
26.11. 04:00,0
26.11. 05:00,0
26.11. 06:00,0
26.11. 07:00,0
26.11. 08:00,0
26.11. 09:00,67.1967
26.11. 10:00,77.016
26.11. 11:00,13.084
26.11. 12:00,0
26.11. 13:00,0
26.11. 14:00,0
26.11. 15:00,0
26.11. 16:00,0
26.11. 17:00,0
26.11. 18:00,0
26.11. 19:00,73.357
26.11. 20:00,73.401
26.11. 21:00,39.183
26.11. 22:00,10.201
26.11. 23:00,8.3707
27.11. 00:00,7.8529
27.11. 01:00,7.6176
27.11. 02:00,7.568
27.11. 03:00,7.5603
27.11. 04:00,7.558
27.11. 05:00,7.5576
27.11. 06:00,7.5573
27.11. 07:00,40.497
27.11. 08:00,0
27.11. 09:00,62.423
27.11. 10:00,99.014
27.11. 11:00,43.485
27.11. 12:00,22.001
27.11. 13:00,12.504
27.11. 14:00,0
27.11. 15:00,0
27.11. 16:00,0
27.11. 17:00,0
27.11. 18:00,45.976
27.11. 19:00,73.367
27.11. 20:00,63.527
27.11. 21:00,0
27.11. 22:00,0
27.11. 23:00,0
28.11. 00:00,0
28.11. 01:00,0
28.11. 02:00,0
28.11. 03:00,0
28.11. 04:00,0
28.11. 05:00,0
28.11. 06:00,73.401
28.11. 07:00,73.403
28.11. 08:00,0
28.11. 09:00,41.61404
28.11. 10:00,68.00527
28.11. 11:00,11.792
28.11. 12:00,19.064
28.11. 13:00,0
28.11. 14:00,0
28.11. 15:00,0
28.11. 16:00,0
28.11. 17:00,0
28.11. 18:00,52.705
28.11. 19:00,73.383
28.11. 20:00,9.7522
28.11. 21:00,8.3178
28.11. 22:00,7.7924
28.11. 23:00,7.5544
29.11. 00:00,8.0539
29.11. 01:00,8.0537
29.11. 02:00,8.0535
29.11. 03:00,8.0533
29.11. 04:00,8.0531
29.11. 05:00,73.386
29.11. 06:00,73.402
29.11. 07:00,73.403
29.11. 08:00,0
29.11. 09:00,6.8963
29.11. 10:00,6.8957
29.11. 11:00,6.895
29.11. 12:00,6.8943
29.11. 13:00,27.721
29.11. 14:00,21.3337
29.11. 15:00,22.001
29.11. 16:00,22.001
29.11. 17:00,0
29.11. 18:00,0
29.11. 19:00,7.5619
29.11. 20:00,7.5607
29.11. 21:00,7.56
29.11. 22:00,7.5598
29.11. 23:00,7.5595
30.11. 00:00,8.066
30.11. 01:00,8.0658
30.11. 02:00,8.0656
30.11. 03:00,26.464
30.11. 04:00,73.368
30.11. 05:00,73.335
30.11. 06:00,73.402
30.11. 07:00,73.403
30.11. 08:00,0
30.11. 09:00,28.77637
30.11. 10:00,28.27979
30.11. 11:00,32.953
30.11. 12:00,37.91462
30.11. 13:00,36.11273
30.11. 14:00,27.3778
30.11. 15:00,6.9
30.11. 16:00,0
30.11. 17:00,0
30.11. 18:00,0
30.11. 19:00,7.6265
30.11. 20:00,7.5772
30.11. 21:00,7.5694
30.11. 22:00,7.5628
30.11. 23:00,7.5603
01.12. 00:00,7.5596
01.12. 01:00,8.066
01.12. 02:00,8.0658
01.12. 03:00,8.0656
01.12. 04:00,8.0654
01.12. 05:00,8.0652
01.12. 06:00,8.065
01.12. 07:00,8.0648
01.12. 08:00,8.0646
01.12. 09:00,25.824
01.12. 10:00,21.70654
01.12. 11:00,26.778
01.12. 12:00,35.615
01.12. 13:00,56.472
01.12. 14:00,69.317
01.12. 15:00,39.707
01.12. 16:00,7.621
01.12. 17:00,7.5893
01.12. 18:00,7.5713
01.12. 19:00,7.5644
01.12. 20:00,7.5578
01.12. 21:00,7.5573
01.12. 22:00,7.557
01.12. 23:00,7.5568
02.12. 00:00,7.5567
02.12. 01:00,0
02.12. 02:00,0
02.12. 03:00,0
02.12. 04:00,0
02.12. 05:00,0
02.12. 06:00,0
02.12. 07:00,0
02.12. 08:00,0
02.12. 09:00,14.2338
02.12. 10:00,6.8974
02.12. 11:00,0
02.12. 12:00,15.3401
02.12. 13:00,21.06504
02.12. 14:00,6.897
02.12. 15:00,0
02.12. 16:00,0
02.12. 17:00,0
02.12. 18:00,0
02.12. 19:00,0
02.12. 20:00,0
02.12. 21:00,0
02.12. 22:00,0
02.12. 23:00,0
03.12. 00:00,0
03.12. 01:00,0
03.12. 02:00,0
03.12. 03:00,0
03.12. 04:00,0
03.12. 05:00,0
03.12. 06:00,0
03.12. 07:00,18.401
03.12. 08:00,0
03.12. 09:00,32.946
03.12. 10:00,34.982
03.12. 11:00,49.01078
03.12. 12:00,77.013
03.12. 13:00,24.017
03.12. 14:00,0
03.12. 15:00,0
03.12. 16:00,0
03.12. 17:00,0
03.12. 18:00,13.211
03.12. 19:00,73.363
03.12. 20:00,73.346
03.12. 21:00,15.123
03.12. 22:00,7.4525
03.12. 23:00,7.8353
04.12. 00:00,7.8351
04.12. 01:00,7.8348
04.12. 02:00,7.8346
04.12. 03:00,7.8344
04.12. 04:00,7.8341
04.12. 05:00,7.8339
04.12. 06:00,26.234
04.12. 07:00,73.403
04.12. 08:00,0
04.12. 09:00,62.30534
04.12. 10:00,99.004
04.12. 11:00,25.512
04.12. 12:00,15.59
04.12. 13:00,8.2763
04.12. 14:00,13.24
04.12. 15:00,12.8109
04.12. 16:00,8.7219
04.12. 17:00,0
04.12. 18:00,14.67
04.12. 19:00,7.5336
04.12. 20:00,7.9723
04.12. 21:00,7.9721
04.12. 22:00,7.972
04.12. 23:00,7.9718
05.12. 00:00,7.9716
05.12. 01:00,7.9714
05.12. 02:00,7.9712
05.12. 03:00,26.369
05.12. 04:00,73.363
05.12. 05:00,73.346
05.12. 06:00,73.402
05.12. 07:00,73.403
05.12. 08:00,0
05.12. 09:00,6.8965
05.12. 10:00,50.04109
05.12. 11:00,77.015
05.12. 12:00,13.63
05.12. 13:00,0
05.12. 14:00,0
05.12. 15:00,0
05.12. 16:00,0
05.12. 17:00,0
05.12. 18:00,47.773
05.12. 19:00,42.542
05.12. 20:00,10.112
05.12. 21:00,8.2461
05.12. 22:00,7.7227
05.12. 23:00,7.6055
06.12. 00:00,7.5591
06.12. 01:00,8.0641
06.12. 02:00,8.0639
06.12. 03:00,8.0637
06.12. 04:00,26.26
06.12. 05:00,73.347
06.12. 06:00,73.402
06.12. 07:00,73.403
06.12. 08:00,0
06.12. 09:00,6.8967
06.12. 10:00,69.18118
06.12. 11:00,52.21
06.12. 12:00,36.93301
06.12. 13:00,19.613
06.12. 14:00,18.022
06.12. 15:00,22.0009
06.12. 16:00,22.001
06.12. 17:00,0
06.12. 18:00,0
06.12. 19:00,7.5943
06.12. 20:00,7.5745
06.12. 21:00,7.5673
06.12. 22:00,7.5606
06.12. 23:00,7.5597
07.12. 00:00,7.5597
07.12. 01:00,7.5596
07.12. 02:00,7.5596
07.12. 03:00,69.149
07.12. 04:00,70.146
07.12. 05:00,71.738
07.12. 06:00,73.402
07.12. 07:00,73.403
07.12. 08:00,0
07.12. 09:00,73.66046
07.12. 10:00,33.01
07.12. 11:00,0
07.12. 12:00,0
07.12. 13:00,0
07.12. 14:00,0
07.12. 15:00,0
07.12. 16:00,0
07.12. 17:00,0
07.12. 18:00,52.702
07.12. 19:00,73.371
07.12. 20:00,73.339
07.12. 21:00,8.9835
07.12. 22:00,7.525
07.12. 23:00,7.9872
08.12. 00:00,7.987
08.12. 01:00,7.9868
08.12. 02:00,7.9865
08.12. 03:00,7.9863
08.12. 04:00,7.986
08.12. 05:00,7.9858
08.12. 06:00,7.9855
08.12. 07:00,7.9853
08.12. 08:00,6.8986
08.12. 09:00,54.54992
08.12. 10:00,73.404
08.12. 11:00,73.405
08.12. 12:00,18.402
08.12. 13:00,12.726
08.12. 14:00,0
08.12. 15:00,0
08.12. 16:00,0
08.12. 17:00,0
08.12. 18:00,0
08.12. 19:00,0
08.12. 20:00,0
08.12. 21:00,0
08.12. 22:00,0
08.12. 23:00,0
09.12. 00:00,0
09.12. 01:00,0
09.12. 02:00,0
09.12. 03:00,0
09.12. 04:00,0
09.12. 05:00,0
09.12. 06:00,0
09.12. 07:00,0
09.12. 08:00,0
09.12. 09:00,0
09.12. 10:00,0
09.12. 11:00,0
09.12. 12:00,0
09.12. 13:00,0
09.12. 14:00,0
09.12. 15:00,0
09.12. 16:00,0
09.12. 17:00,0
09.12. 18:00,0
09.12. 19:00,0
09.12. 20:00,0
09.12. 21:00,0
09.12. 22:00,0
09.12. 23:00,0
10.12. 00:00,0
10.12. 01:00,0
10.12. 02:00,0
10.12. 03:00,0
10.12. 04:00,0
10.12. 05:00,0
10.12. 06:00,0
10.12. 07:00,0
10.12. 08:00,0
10.12. 09:00,57.385
10.12. 10:00,73.0561
10.12. 11:00,66.62
10.12. 12:00,0
10.12. 13:00,0
10.12. 14:00,0
10.12. 15:00,0
10.12. 16:00,0
10.12. 17:00,0
10.12. 18:00,0
10.12. 19:00,73.368
10.12. 20:00,73.401
10.12. 21:00,34.927
10.12. 22:00,8.9751
10.12. 23:00,7.9603
11.12. 00:00,7.7076
11.12. 01:00,7.5998
11.12. 02:00,7.5797
11.12. 03:00,7.5622
11.12. 04:00,7.5595
11.12. 05:00,7.5586
11.12. 06:00,7.5579
11.12. 07:00,66.543
11.12. 08:00,0
11.12. 09:00,36.4865
11.12. 10:00,45.334
11.12. 11:00,20.153
11.12. 12:00,54.998
11.12. 13:00,22
11.12. 14:00,22.001
11.12. 15:00,8.2724
11.12. 16:00,22.00131
11.12. 17:00,0
11.12. 18:00,45.976
11.12. 19:00,73.369
11.12. 20:00,41.902
11.12. 21:00,10.832
11.12. 22:00,7.7706
11.12. 23:00,7.5949
12.12. 00:00,7.5745
12.12. 01:00,7.5677
12.12. 02:00,7.5612
12.12. 03:00,7.5589
12.12. 04:00,7.5587
12.12. 05:00,7.5586
12.12. 06:00,73.402
12.12. 07:00,73.403
12.12. 08:00,0
12.12. 09:00,0
12.12. 10:00,6.8969
12.12. 11:00,25.4169
12.12. 12:00,37.73578
12.12. 13:00,52.79246
12.12. 14:00,19.688
12.12. 15:00,11.502
12.12. 16:00,0
12.12. 17:00,0
12.12. 18:00,16.217
12.12. 19:00,24.24
12.12. 20:00,8.4797
12.12. 21:00,7.863
12.12. 22:00,7.6194
12.12. 23:00,7.5687
13.12. 00:00,7.561
13.12. 01:00,7.5601
13.12. 02:00,7.5598
13.12. 03:00,25.957
13.12. 04:00,69.76
13.12. 05:00,71.286
13.12. 06:00,73.402
13.12. 07:00,73.403
13.12. 08:00,0
13.12. 09:00,0
13.12. 10:00,71.805
13.12. 11:00,98.997
13.12. 12:00,41.592
13.12. 13:00,22.001
13.12. 14:00,22.001
13.12. 15:00,0
13.12. 16:00,0
13.12. 17:00,0
13.12. 18:00,52.702
13.12. 19:00,73.373
13.12. 20:00,57.685
13.12. 21:00,0
13.12. 22:00,0
13.12. 23:00,0
14.12. 00:00,0
14.12. 01:00,0
14.12. 02:00,0
14.12. 03:00,0
14.12. 04:00,0
14.12. 05:00,70.123
14.12. 06:00,73.11
14.12. 07:00,73.403
14.12. 08:00,0
14.12. 09:00,30.03828
14.12. 10:00,75.97126
14.12. 11:00,67.52556
14.12. 12:00,0
14.12. 13:00,0
14.12. 14:00,0
14.12. 15:00,0
14.12. 16:00,0
14.12. 17:00,0
14.12. 18:00,50.076
14.12. 19:00,46.084
14.12. 20:00,11.495
14.12. 21:00,8.3311
14.12. 22:00,7.7781
14.12. 23:00,7.6588
15.12. 00:00,7.6117
15.12. 01:00,7.5671
15.12. 02:00,7.5595
15.12. 03:00,7.5592
15.12. 04:00,7.5592
15.12. 05:00,7.5591
15.12. 06:00,7.5591
15.12. 07:00,7.559
15.12. 08:00,7.55899
15.12. 09:00,33.031
15.12. 10:00,43.194
15.12. 11:00,40.986
15.12. 12:00,44.19751
15.12. 13:00,57.22962
15.12. 14:00,38.49358
15.12. 15:00,29.7873
15.12. 16:00,0
15.12. 17:00,0
15.12. 18:00,0
15.12. 19:00,0
15.12. 20:00,0
15.12. 21:00,0
15.12. 22:00,0
15.12. 23:00,0
16.12. 00:00,0
16.12. 01:00,0
16.12. 02:00,0
16.12. 03:00,0
16.12. 04:00,0
16.12. 05:00,0
16.12. 06:00,0
16.12. 07:00,0
16.12. 08:00,0
16.12. 09:00,27.22525
16.12. 10:00,58.33652
16.12. 11:00,13.884
16.12. 12:00,0
16.12. 13:00,0
16.12. 14:00,0
16.12. 15:00,0
16.12. 16:00,0
16.12. 17:00,0
16.12. 18:00,0
16.12. 19:00,0
16.12. 20:00,0
16.12. 21:00,0
16.12. 22:00,0
16.12. 23:00,0
17.12. 00:00,0
17.12. 01:00,0
17.12. 02:00,0
17.12. 03:00,0
17.12. 04:00,0
17.12. 05:00,0
17.12. 06:00,0
17.12. 07:00,0
17.12. 08:00,0
17.12. 09:00,6.8965
17.12. 10:00,49.565
17.12. 11:00,26.0615
17.12. 12:00,26.1985
17.12. 13:00,28.6237
17.12. 14:00,10.745
17.12. 15:00,0
17.12. 16:00,0
17.12. 17:00,0
17.12. 18:00,0
17.12. 19:00,73.348
17.12. 20:00,73.402
17.12. 21:00,24.995
17.12. 22:00,9.8668
17.12. 23:00,8.0264
18.12. 00:00,7.753
18.12. 01:00,7.6446
18.12. 02:00,7.5986
18.12. 03:00,7.5803
18.12. 04:00,7.5628
18.12. 05:00,7.5601
18.12. 06:00,7.5577
18.12. 07:00,36.931
18.12. 08:00,0
18.12. 09:00,6.8963
18.12. 10:00,45.733
18.12. 11:00,35.3858
18.12. 12:00,54.518
18.12. 13:00,38.49
18.12. 14:00,0
18.12. 15:00,0
18.12. 16:00,0
18.12. 17:00,22
18.12. 18:00,22.001
18.12. 19:00,7.8966
18.12. 20:00,7.8964
18.12. 21:00,7.8962
18.12. 22:00,7.8961
18.12. 23:00,7.8959
19.12. 00:00,7.8957
19.12. 01:00,7.8955
19.12. 02:00,7.8953
19.12. 03:00,25.784
19.12. 04:00,71.93
19.12. 05:00,73.401
19.12. 06:00,73.402
19.12. 07:00,73.403
19.12. 08:00,0
19.12. 09:00,0
19.12. 10:00,0
19.12. 11:00,8.3571
19.12. 12:00,6.8969
19.12. 13:00,33.551
19.12. 14:00,35.94982
19.12. 15:00,0
19.12. 16:00,0
19.12. 17:00,0
19.12. 18:00,0
19.12. 19:00,8.0658
19.12. 20:00,8.0656
19.12. 21:00,8.0654
19.12. 22:00,8.0652
19.12. 23:00,8.065
20.12. 00:00,8.0648
20.12. 01:00,8.0646
20.12. 02:00,8.0644
20.12. 03:00,26.129
20.12. 04:00,73.241
20.12. 05:00,73.347
20.12. 06:00,73.402
20.12. 07:00,73.403
20.12. 08:00,0
20.12. 09:00,0
20.12. 10:00,34.7061
20.12. 11:00,0
20.12. 12:00,21.0897
20.12. 13:00,21.3152
20.12. 14:00,21.8097
20.12. 15:00,22.0006
20.12. 16:00,22.001
20.12. 17:00,0
20.12. 18:00,33.002
20.12. 19:00,7.5599
20.12. 20:00,7.5599
20.12. 21:00,7.5599
20.12. 22:00,7.5598
20.12. 23:00,8.066
21.12. 00:00,8.0658
21.12. 01:00,8.0656
21.12. 02:00,8.0655
21.12. 03:00,68.835
21.12. 04:00,69.838
21.12. 05:00,71.397
21.12. 06:00,73.402
21.12. 07:00,73.403
21.12. 08:00,0
21.12. 09:00,25.8202
21.12. 10:00,55.439
21.12. 11:00,50.125
21.12. 12:00,39.38666
21.12. 13:00,60.39024
21.12. 14:00,15.132
21.12. 15:00,0
21.12. 16:00,0
21.12. 17:00,0
21.12. 18:00,11.579
21.12. 19:00,13.228
21.12. 20:00,7.6643
21.12. 21:00,8.0651
21.12. 22:00,8.0649
21.12. 23:00,8.0647
22.12. 00:00,8.0645
22.12. 01:00,8.0643
22.12. 02:00,8.0641
22.12. 03:00,8.0639
22.12. 04:00,8.0636
22.12. 05:00,8.0634
22.12. 06:00,8.0632
22.12. 07:00,8.063
22.12. 08:00,8.06276
22.12. 09:00,15.9693
22.12. 10:00,30.034
22.12. 11:00,23.631
22.12. 12:00,20.95407
22.12. 13:00,32.309
22.12. 14:00,25.802
22.12. 15:00,7.7236
22.12. 16:00,9.5056
22.12. 17:00,7.8087
22.12. 18:00,7.6532
22.12. 19:00,7.6037
22.12. 20:00,7.5566
22.12. 21:00,8.061
22.12. 22:00,8.0607
22.12. 23:00,8.0605
23.12. 00:00,8.0602
23.12. 01:00,8.0599
23.12. 02:00,8.0596
23.12. 03:00,8.0594
23.12. 04:00,8.0591
23.12. 05:00,8.0588
23.12. 06:00,8.0585
23.12. 07:00,0
23.12. 08:00,0
23.12. 09:00,31.633
23.12. 10:00,59.95252
23.12. 11:00,26.146
23.12. 12:00,18.401
23.12. 13:00,18.401
23.12. 14:00,18.4019
23.12. 15:00,0
23.12. 16:00,0
23.12. 17:00,0
23.12. 18:00,0
23.12. 19:00,0
23.12. 20:00,0
23.12. 21:00,0
23.12. 22:00,0
23.12. 23:00,0
24.12. 00:00,0
24.12. 01:00,0
24.12. 02:00,0
24.12. 03:00,0
24.12. 04:00,0
24.12. 05:00,0
24.12. 06:00,0
24.12. 07:00,0
24.12. 08:00,0
24.12. 09:00,21.0864
24.12. 10:00,39.838
24.12. 11:00,28.73538
24.12. 12:00,0
24.12. 13:00,25.2402
24.12. 14:00,7.1681
24.12. 15:00,0
24.12. 16:00,0
24.12. 17:00,0
24.12. 18:00,0
24.12. 19:00,7.9581
24.12. 20:00,7.9579
24.12. 21:00,7.9577
24.12. 22:00,7.9575
24.12. 23:00,7.9572
25.12. 00:00,7.957
25.12. 01:00,7.9568
25.12. 02:00,7.9566
25.12. 03:00,7.9563
25.12. 04:00,25.098
25.12. 05:00,25.567
25.12. 06:00,73.402
25.12. 07:00,73.403
25.12. 08:00,0
25.12. 09:00,0
25.12. 10:00,66.425
25.12. 11:00,38.334
25.12. 12:00,66.106
25.12. 13:00,77.267
25.12. 14:00,61.157
25.12. 15:00,0
25.12. 16:00,0
25.12. 17:00,0
25.12. 18:00,22.001
25.12. 19:00,8.8329
25.12. 20:00,7.7073
25.12. 21:00,7.5671
25.12. 22:00,7.5613
25.12. 23:00,7.5605
26.12. 00:00,7.5603
26.12. 01:00,7.5601
26.12. 02:00,7.5598
26.12. 03:00,68.361
26.12. 04:00,69.376
26.12. 05:00,71.345
26.12. 06:00,73.402
26.12. 07:00,73.403
26.12. 08:00,0
26.12. 09:00,6.8963
26.12. 10:00,77.01
26.12. 11:00,60.711
26.12. 12:00,0
26.12. 13:00,0
26.12. 14:00,0
26.12. 15:00,0
26.12. 16:00,0
26.12. 17:00,0
26.12. 18:00,52.702
26.12. 19:00,73.371
26.12. 20:00,56.434
26.12. 21:00,0
26.12. 22:00,0
26.12. 23:00,0
27.12. 00:00,0
27.12. 01:00,0
27.12. 02:00,0
27.12. 03:00,0
27.12. 04:00,0
27.12. 05:00,53.292
27.12. 06:00,73.402
27.12. 07:00,73.403
27.12. 08:00,0
27.12. 09:00,77.62459
27.12. 10:00,55.001
27.12. 11:00,43.126
27.12. 12:00,22
27.12. 13:00,22.001
27.12. 14:00,22.002
27.12. 15:00,0
27.12. 16:00,0
27.12. 17:00,0
27.12. 18:00,52.703
27.12. 19:00,73.374
27.12. 20:00,54.194
27.12. 21:00,0
27.12. 22:00,0
27.12. 23:00,0
28.12. 00:00,0
28.12. 01:00,0
28.12. 02:00,0
28.12. 03:00,0
28.12. 04:00,0
28.12. 05:00,72.399
28.12. 06:00,73.402
28.12. 07:00,73.403
28.12. 08:00,0
28.12. 09:00,77.008
28.12. 10:00,77.015
28.12. 11:00,29.259
28.12. 12:00,0
28.12. 13:00,0
28.12. 14:00,0
28.12. 15:00,0
28.12. 16:00,0
28.12. 17:00,0
28.12. 18:00,52.702
28.12. 19:00,73.372
28.12. 20:00,71.795
28.12. 21:00,7.1937
28.12. 22:00,7.7865
28.12. 23:00,7.7863
29.12. 00:00,7.7861
29.12. 01:00,7.7859
29.12. 02:00,7.7856
29.12. 03:00,7.7854
29.12. 04:00,7.7852
29.12. 05:00,7.7849
29.12. 06:00,7.7847
29.12. 07:00,7.7844
29.12. 08:00,7.78421
29.12. 09:00,73.403
29.12. 10:00,73.404
29.12. 11:00,73.406
29.12. 12:00,60.256
29.12. 13:00,7.717
29.12. 14:00,0
29.12. 15:00,0
29.12. 16:00,0
29.12. 17:00,0
29.12. 18:00,0
29.12. 19:00,0
29.12. 20:00,0
29.12. 21:00,0
29.12. 22:00,0
29.12. 23:00,0
30.12. 00:00,0
30.12. 01:00,0
30.12. 02:00,0
30.12. 03:00,0
30.12. 04:00,0
30.12. 05:00,0
30.12. 06:00,0
30.12. 07:00,0
30.12. 08:00,0
30.12. 09:00,0
30.12. 10:00,0
30.12. 11:00,0
30.12. 12:00,0
30.12. 13:00,0
30.12. 14:00,0
30.12. 15:00,0
30.12. 16:00,0
30.12. 17:00,0
30.12. 18:00,0
30.12. 19:00,0
30.12. 20:00,0
30.12. 21:00,0
30.12. 22:00,0
30.12. 23:00,0
31.12. 00:00,0
31.12. 01:00,0
31.12. 02:00,0
31.12. 03:00,0
31.12. 04:00,0
31.12. 05:00,0
31.12. 06:00,0
31.12. 07:00,0
31.12. 08:00,0
31.12. 09:00,49.565
31.12. 10:00,77.016
31.12. 11:00,10.236
31.12. 12:00,0
31.12. 13:00,0
31.12. 14:00,0
31.12. 15:00,0
31.12. 16:00,0
31.12. 17:00,0
31.12. 18:00,0
31.12. 19:00,73.348
31.12. 20:00,73.402
31.12. 21:00,30.16
31.12. 22:00,7.4254
31.12. 23:00,7.8111
