timesteps,total_kwh
2025-01-01 00:00:00,5.043161535042857
2025-01-01 01:00:00,5.062264419645293
2025-01-01 02:00:00,5.081367304247727
2025-01-01 03:00:00,4.928544227428247
2025-01-01 04:00:00,4.565589419981981
2025-01-01 05:00:00,5.234190381067209
2025-01-01 06:00:00,6.323054803406006
2025-01-01 07:00:00,31.959125939873868
2025-01-01 08:00:00,81.37828840637337
2025-01-01 09:00:00,100.21389128289528
2025-01-01 10:00:00,141.2598460916883
2025-01-01 11:00:00,122.42450936207157
2025-01-01 12:00:00,102.20083552244432
2025-01-01 13:00:00,61.41577399682873
2025-01-01 14:00:00,59.390868228970625
2025-01-01 15:00:00,65.63751149396688
2025-01-01 16:00:00,53.67910573284254
2025-01-01 17:00:00,33.37273940045405
2025-01-01 18:00:00,18.262357679927923
2025-01-01 19:00:00,84.5794961462318
2025-01-01 20:00:00,81.06225672557646
2025-01-01 21:00:00,37.169215380057146
2025-01-01 22:00:00,13.23066538
2025-01-01 23:00:00,13.106487496464773
2025-01-02 00:00:00,12.705026919813637
2025-01-02 01:00:00,12.781238458223378
2025-01-02 02:00:00,12.80004134282581
2025-01-02 03:00:00,12.57060672759659
2025-01-02 04:00:00,12.551203842994155
2025-01-02 05:00:00,12.952064419645293
2025-01-02 06:00:00,13.353024996296428
2025-01-02 07:00:00,38.27814518851347
2025-01-02 08:00:00,7.3546105719375
2025-01-02 09:00:00,53.33626537803701
2025-01-02 10:00:00,91.83065441560504
2025-01-02 11:00:00,78.3133811465685
2025-01-02 12:00:00,55.87095672422971
2025-01-02 13:00:00,29.92969711001055
2025-01-02 14:00:00,23.32008364943036
2025-01-02 15:00:00,6.571392303237662
2025-01-02 16:00:00,6.284849034201136
2025-01-02 17:00:00,6.3039519188035715
2025-01-02 18:00:00,52.50918653403279
2025-01-02 19:00:00,79.9001865340328
2025-01-02 20:00:00,67.4424374957914
2025-01-02 21:00:00,5.329704804079383
2025-01-02 22:00:00,5.215087496464773
2025-01-02 23:00:00,5.329704804079383
2025-01-03 00:00:00,4.794824035211201
2025-01-03 01:00:00,4.890338458223377
2025-01-03 02:00:00,4.9094413428258115
2025-01-03 03:00:00,4.680206727596591
2025-01-03 04:00:00,4.661103842994156
2025-01-03 05:00:00,5.062264419645293
2025-01-03 06:00:00,78.88352788089887
2025-01-03 07:00:00,78.78901345788668
2025-01-03 08:00:00,5.597145188513474
2025-01-03 09:00:00,33.00747980374269
2025-01-03 10:00:00,53.10154538
2025-01-03 11:00:00,68.70530576516461
2025-01-03 12:00:00,33.091511536
2025-01-03 13:00:00,5.539836534706169
2025-01-03 14:00:00,5.558939419308604
2025-01-03 15:00:00,5.998305765164609
2025-01-03 16:00:00,6.189334611188961
2025-01-03 17:00:00,6.074717303574351
2025-01-03 18:00:00,59.27639230323766
2025-01-03 19:00:00,79.93528941863522
2025-01-03 20:00:00,61.175025957381656
2025-01-03 21:00:00,5.80727691914026
2025-01-03 22:00:00,5.387013457886688
2025-01-03 23:00:00,5.272396150272077
2025-01-04 00:00:00,5.043161535042857
2025-01-04 01:00:00,5.062264419645293
2025-01-04 02:00:00,5.081367304247727
2025-01-04 03:00:00,4.928544227428247
2025-01-04 04:00:00,4.565589419981981
2025-01-04 05:00:00,78.3851903810672
2025-01-04 06:00:00,79.72505480340601
2025-01-04 07:00:00,105.36212593987388
2025-01-04 08:00:00,81.37828840637337
2025-01-04 09:00:00,162.7725912828953
2025-01-04 10:00:00,125.17394609168832
2025-01-04 11:00:00,124.01218936207158
2025-01-04 12:00:00,97.11083552244432
2025-01-04 13:00:00,78.28677399682873
2025-01-04 14:00:00,66.29096822897063
2025-01-04 15:00:00,65.63751149396688
2025-01-04 16:00:00,75.68010573284253
2025-01-04 17:00:00,33.37273940045405
2025-01-04 18:00:00,18.262357679927923
2025-01-04 19:00:00,18.784596146231817
2025-01-04 20:00:00,15.72515672557646
2025-01-04 21:00:00,14.788915380057144
2025-01-04 22:00:00,13.79536538
2025-01-04 23:00:00,13.279387496464771
2025-01-05 00:00:00,13.107261535042856
2025-01-05 01:00:00,13.126264419645292
2025-01-05 02:00:00,13.145167304247728
2025-01-05 03:00:00,75.41454422742825
2025-01-05 04:00:00,76.02258941998197
2025-01-05 05:00:00,78.4601903810672
2025-01-05 06:00:00,79.72505480340601
2025-01-05 07:00:00,105.36212593987388
2025-01-05 08:00:00,81.37828840637337
2025-01-05 09:00:00,130.61815128289527
2025-01-05 10:00:00,168.70384609168832
2025-01-05 11:00:00,139.78068936207157
2025-01-05 12:00:00,88.68003552244431
2025-01-05 13:00:00,61.41577399682873
2025-01-05 14:00:00,59.390868228970625
2025-01-05 15:00:00,65.63751149396688
2025-01-05 16:00:00,53.67910573284254
2025-01-05 17:00:00,33.37273940045405
2025-01-05 18:00:00,70.96435767992793
2025-01-05 19:00:00,84.60449614623181
2025-01-05 20:00:00,81.00025672557646
2025-01-05 21:00:00,16.429015380057145
2025-01-05 22:00:00,13.89886538
2025-01-05 23:00:00,12.862987496464772
2025-01-06 00:00:00,12.631961535042857
2025-01-06 01:00:00,12.632164419645292
2025-01-06 02:00:00,12.633267304247727
2025-01-06 03:00:00,12.479744227428247
2025-01-06 04:00:00,12.11668941998198
2025-01-06 05:00:00,12.78519038106721
2025-01-06 06:00:00,14.387154803406005
2025-01-06 07:00:00,40.02292593987387
2025-01-06 08:00:00,89.44188840637337
2025-01-06 09:00:00,100.21619128289528
2025-01-06 10:00:00,137.95584609168833
2025-01-06 11:00:00,140.5556593620716
2025-01-06 12:00:00,153.77083552244432
2025-01-06 13:00:00,134.82277399682874
2025-01-06 14:00:00,65.42516822897062
2025-01-06 15:00:00,65.63751149396688
2025-01-06 16:00:00,53.67910573284254
2025-01-06 17:00:00,33.37273940045405
2025-01-06 18:00:00,18.262357679927923
2025-01-06 19:00:00,11.232496146231817
2025-01-06 20:00:00,7.66025672557646
2025-01-06 21:00:00,6.724215380057143
2025-01-06 22:00:00,5.73086538
2025-01-06 23:00:00,5.215087496464773
2025-01-07 00:00:00,5.043161535042857
2025-01-07 01:00:00,5.062264419645293
2025-01-07 02:00:00,5.081367304247727
2025-01-07 03:00:00,4.928544227428247
2025-01-07 04:00:00,4.565589419981981
2025-01-07 05:00:00,5.234190381067209
2025-01-07 06:00:00,6.323054803406006
2025-01-07 07:00:00,31.959125939873868
2025-01-07 08:00:00,81.37828840637337
2025-01-07 09:00:00,93.31759128289528
2025-01-07 10:00:00,91.69384609168831
2025-01-07 11:00:00,89.99368936207158
2025-01-07 12:00:00,80.36583552244431
2025-01-07 13:00:00,61.41577399682873
2025-01-07 14:00:00,59.390868228970625
2025-01-07 15:00:00,65.63751149396688
2025-01-07 16:00:00,53.67910573284254
2025-01-07 17:00:00,33.37273940045405
2025-01-07 18:00:00,18.262357679927923
2025-01-07 19:00:00,11.232496146231817
2025-01-07 20:00:00,7.66025672557646
2025-01-07 21:00:00,6.724215380057143
2025-01-07 22:00:00,5.73086538
2025-01-07 23:00:00,5.215087496464773
2025-01-08 00:00:00,5.043161535042857
2025-01-08 01:00:00,5.062264419645293
2025-01-08 02:00:00,5.081367304247727
2025-01-08 03:00:00,4.928544227428247
2025-01-08 04:00:00,4.565589419981981
2025-01-08 05:00:00,5.234190381067209
2025-01-08 06:00:00,6.323054803406006
2025-01-08 07:00:00,31.959125939873868
2025-01-08 08:00:00,81.37828840637337
2025-01-08 09:00:00,146.28159128289528
2025-01-08 10:00:00,168.70984609168832
2025-01-08 11:00:00,100.22368936207158
2025-01-08 12:00:00,80.36583552244431
2025-01-08 13:00:00,61.41577399682873
2025-01-08 14:00:00,59.390868228970625
2025-01-08 15:00:00,65.63751149396688
2025-01-08 16:00:00,53.67910573284254
2025-01-08 17:00:00,33.37273940045405
2025-01-08 18:00:00,18.262357679927923
2025-01-08 19:00:00,84.57649614623182
2025-01-08 20:00:00,81.06125672557646
2025-01-08 21:00:00,38.75721538005715
2025-01-08 22:00:00,13.69066538
2025-01-08 23:00:00,12.829587496464772
2025-01-09 00:00:00,12.376726919813636
2025-01-09 01:00:00,12.445238458223377
2025-01-09 02:00:00,12.46184134282581
2025-01-09 03:00:00,12.231706727596592
2025-01-09 04:00:00,12.211903842994156
2025-01-09 05:00:00,12.612664419645292
2025-01-09 06:00:00,13.013524996296429
2025-01-09 07:00:00,51.82014518851347
2025-01-09 08:00:00,7.3546105719375
2025-01-09 09:00:00,16.60056537803701
2025-01-09 10:00:00,17.91806441560503
2025-01-09 11:00:00,53.18092114656851
2025-01-09 12:00:00,42.769256724229706
2025-01-09 13:00:00,42.403697110010555
2025-01-09 14:00:00,39.03418364943036
2025-01-09 15:00:00,6.571392303237662
2025-01-09 16:00:00,28.266279034201133
2025-01-09 17:00:00,28.304951918803575
2025-01-09 18:00:00,28.53418653403279
2025-01-09 19:00:00,14.113286534032792
2025-01-09 20:00:00,13.767137495791395
2025-01-09 21:00:00,12.885404804079382
2025-01-09 22:00:00,12.768487496464772
2025-01-09 23:00:00,12.882304804079382
2025-01-10 00:00:00,12.347124035211202
2025-01-10 01:00:00,12.442538458223378
2025-01-10 02:00:00,12.46154134282581
2025-01-10 03:00:00,30.63020672759659
2025-01-10 04:00:00,77.82210384299415
2025-01-10 05:00:00,78.44626441964529
2025-01-10 06:00:00,78.88452788089887
2025-01-10 07:00:00,78.79001345788669
2025-01-10 08:00:00,5.597145188513474
2025-01-10 09:00:00,44.019379803742694
2025-01-10 10:00:00,82.73986538
2025-01-10 11:00:00,59.97630576516461
2025-01-10 12:00:00,24.134511535999998
2025-01-10 13:00:00,5.539836534706169
2025-01-10 14:00:00,5.558939419308604
2025-01-10 15:00:00,5.998305765164609
2025-01-10 16:00:00,6.189334611188961
2025-01-10 17:00:00,6.074717303574351
2025-01-10 18:00:00,59.27439230323766
2025-01-10 19:00:00,79.92828941863523
2025-01-10 20:00:00,62.68302595738166
2025-01-10 21:00:00,5.80727691914026
2025-01-10 22:00:00,5.387013457886688
2025-01-10 23:00:00,5.272396150272077
2025-01-11 00:00:00,5.043161535042857
2025-01-11 01:00:00,5.062264419645293
2025-01-11 02:00:00,5.081367304247727
2025-01-11 03:00:00,4.928544227428247
2025-01-11 04:00:00,4.565589419981981
2025-01-11 05:00:00,78.2931903810672
2025-01-11 06:00:00,79.72505480340601
2025-01-11 07:00:00,105.36212593987388
2025-01-11 08:00:00,81.37828840637337
2025-01-11 09:00:00,93.31759128289528
2025-01-11 10:00:00,190.70084609168833
2025-01-11 11:00:00,172.74068936207158
2025-01-11 12:00:00,112.59883552244432
2025-01-11 13:00:00,83.41677399682874
2025-01-11 14:00:00,67.66396822897062
2025-01-11 15:00:00,87.63859149396689
2025-01-11 16:00:00,75.68110573284254
2025-01-11 17:00:00,33.37273940045405
2025-01-11 18:00:00,70.96435767992793
2025-01-11 19:00:00,84.60449614623181
2025-01-11 20:00:00,7.66025672557646
2025-01-11 21:00:00,6.724215380057143
2025-01-11 22:00:00,5.73086538
2025-01-11 23:00:00,5.215087496464773
2025-01-12 00:00:00,5.043161535042857
2025-01-12 01:00:00,5.062264419645293
2025-01-12 02:00:00,5.081367304247727
2025-01-12 03:00:00,4.928544227428247
2025-01-12 04:00:00,55.31058941998198
2025-01-12 05:00:00,75.90419038106721
2025-01-12 06:00:00,79.72505480340601
2025-01-12 07:00:00,105.36212593987388
2025-01-12 08:00:00,81.37828840637337
2025-01-12 09:00:00,93.31759128289528
2025-01-12 10:00:00,133.5049160916883
2025-01-12 11:00:00,150.09705936207158
2025-01-12 12:00:00,100.26483552244432
2025-01-12 13:00:00,75.52177399682873
2025-01-12 14:00:00,59.390868228970625
2025-01-12 15:00:00,65.63751149396688
2025-01-12 16:00:00,53.67910573284254
2025-01-12 17:00:00,33.37273940045405
2025-01-12 18:00:00,64.60635767992792
2025-01-12 19:00:00,53.67749614623182
2025-01-12 20:00:00,17.86325672557646
2025-01-12 21:00:00,15.050115380057143
2025-01-12 22:00:00,13.52726538
2025-01-12 23:00:00,12.768787496464773
2025-01-13 00:00:00,13.102861535042855
2025-01-13 01:00:00,13.121764419645292
2025-01-13 02:00:00,13.140667304247728
2025-01-13 03:00:00,12.987644227428248
2025-01-13 04:00:00,12.62448941998198
2025-01-13 05:00:00,13.29279038106721
2025-01-13 06:00:00,14.381454803406006
2025-01-13 07:00:00,40.01732593987387
2025-01-13 08:00:00,89.43625840637337
2025-01-13 09:00:00,155.63659128289527
2025-01-13 10:00:00,165.09584609168832
2025-01-13 11:00:00,163.39668936207158
2025-01-13 12:00:00,153.77083552244432
2025-01-13 13:00:00,79.32877399682873
2025-01-13 14:00:00,59.390868228970625
2025-01-13 15:00:00,65.63751149396688
2025-01-13 16:00:00,53.67910573284254
2025-01-13 17:00:00,33.37273940045405
2025-01-13 18:00:00,18.262357679927923
2025-01-13 19:00:00,11.232496146231817
2025-01-13 20:00:00,7.66025672557646
2025-01-13 21:00:00,6.724215380057143
2025-01-13 22:00:00,5.73086538
2025-01-13 23:00:00,5.215087496464773
2025-01-14 00:00:00,5.043161535042857
2025-01-14 01:00:00,5.062264419645293
2025-01-14 02:00:00,5.081367304247727
2025-01-14 03:00:00,4.928544227428247
2025-01-14 04:00:00,4.565589419981981
2025-01-14 05:00:00,5.234190381067209
2025-01-14 06:00:00,6.323054803406006
2025-01-14 07:00:00,31.959125939873868
2025-01-14 08:00:00,81.37828840637337
2025-01-14 09:00:00,103.35259128289528
2025-01-14 10:00:00,110.09584609168832
2025-01-14 11:00:00,98.82418936207158
2025-01-14 12:00:00,80.36583552244431
2025-01-14 13:00:00,61.41577399682873
2025-01-14 14:00:00,59.390868228970625
2025-01-14 15:00:00,65.63751149396688
2025-01-14 16:00:00,53.67910573284254
2025-01-14 17:00:00,33.37273940045405
2025-01-14 18:00:00,18.262357679927923
2025-01-14 19:00:00,11.232496146231817
2025-01-14 20:00:00,7.66025672557646
2025-01-14 21:00:00,6.724215380057143
2025-01-14 22:00:00,5.73086538
2025-01-14 23:00:00,5.215087496464773
2025-01-15 00:00:00,5.043161535042857
2025-01-15 01:00:00,5.062264419645293
2025-01-15 02:00:00,5.081367304247727
2025-01-15 03:00:00,4.928544227428247
2025-01-15 04:00:00,4.565589419981981
2025-01-15 05:00:00,5.234190381067209
2025-01-15 06:00:00,6.323054803406006
2025-01-15 07:00:00,31.959125939873868
2025-01-15 08:00:00,81.37828840637337
2025-01-15 09:00:00,155.19659128289527
2025-01-15 10:00:00,168.70984609168832
2025-01-15 11:00:00,100.21668936207158
2025-01-15 12:00:00,80.36583552244431
2025-01-15 13:00:00,61.41577399682873
2025-01-15 14:00:00,59.390868228970625
2025-01-15 15:00:00,65.63751149396688
2025-01-15 16:00:00,53.67910573284254
2025-01-15 17:00:00,33.37273940045405
2025-01-15 18:00:00,18.262357679927923
2025-01-15 19:00:00,84.60049614623182
2025-01-15 20:00:00,81.06125672557646
2025-01-15 21:00:00,42.20421538005714
2025-01-15 22:00:00,14.67976538
2025-01-15 23:00:00,13.127087496464773
2025-01-16 00:00:00,12.468126919813637
2025-01-16 01:00:00,12.492838458223378
2025-01-16 02:00:00,12.466441342825812
2025-01-16 03:00:00,12.233506727596591
2025-01-16 04:00:00,12.212103842994157
2025-01-16 05:00:00,12.612864419645293
2025-01-16 06:00:00,13.013924996296428
2025-01-16 07:00:00,71.90014518851348
2025-01-16 08:00:00,7.3546105719375
2025-01-16 09:00:00,108.69826537803701
2025-01-16 10:00:00,66.03336441560504
2025-01-16 11:00:00,42.972821146568506
2025-01-16 12:00:00,31.647956724229708
2025-01-16 13:00:00,29.92969711001055
2025-01-16 14:00:00,6.514083649430358
2025-01-16 15:00:00,6.571392303237662
2025-01-16 16:00:00,6.284849034201136
2025-01-16 17:00:00,6.3039519188035715
2025-01-16 18:00:00,52.50918653403279
2025-01-16 19:00:00,79.9021865340328
2025-01-16 20:00:00,79.5624374957914
2025-01-16 21:00:00,13.205804804079383
2025-01-16 22:00:00,12.977587496464773
2025-01-16 23:00:00,12.978704804079383
2025-01-17 00:00:00,12.395924035211202
2025-01-17 01:00:00,12.445938458223377
2025-01-17 02:00:00,12.461341342825811
2025-01-17 03:00:00,12.231806727596592
2025-01-17 04:00:00,12.212403842994156
2025-01-17 05:00:00,12.613464419645293
2025-01-17 06:00:00,31.434527880898866
2025-01-17 07:00:00,78.79001345788669
2025-01-17 08:00:00,5.597145188513474
2025-01-17 09:00:00,82.83437980374269
2025-01-17 10:00:00,82.74586538
2025-01-17 11:00:00,37.49530576516461
2025-01-17 12:00:00,6.036511536
2025-01-17 13:00:00,5.539836534706169
2025-01-17 14:00:00,5.558939419308604
2025-01-17 15:00:00,5.998305765164609
2025-01-17 16:00:00,6.189334611188961
2025-01-17 17:00:00,6.074717303574351
2025-01-17 18:00:00,59.275392303237666
2025-01-17 19:00:00,79.93128941863523
2025-01-17 20:00:00,71.71002595738166
2025-01-17 21:00:00,5.80727691914026
2025-01-17 22:00:00,5.387013457886688
2025-01-17 23:00:00,5.272396150272077
2025-01-18 00:00:00,5.043161535042857
2025-01-18 01:00:00,5.062264419645293
2025-01-18 02:00:00,5.081367304247727
2025-01-18 03:00:00,4.928544227428247
2025-01-18 04:00:00,4.565589419981981
2025-01-18 05:00:00,60.235190381067206
2025-01-18 06:00:00,79.72505480340601
2025-01-18 07:00:00,105.36212593987388
2025-01-18 08:00:00,81.37828840637337
2025-01-18 09:00:00,179.42459128289528
2025-01-18 10:00:00,146.70384609168832
2025-01-18 11:00:00,127.03968936207158
2025-01-18 12:00:00,102.36683552244432
2025-01-18 13:00:00,69.69587399682874
2025-01-18 14:00:00,68.04596822897062
2025-01-18 15:00:00,73.91761149396689
2025-01-18 16:00:00,53.67910573284254
2025-01-18 17:00:00,33.37273940045405
2025-01-18 18:00:00,70.96635767992792
2025-01-18 19:00:00,84.61049614623181
2025-01-18 20:00:00,63.48825672557646
2025-01-18 21:00:00,6.724215380057143
2025-01-18 22:00:00,5.73086538
2025-01-18 23:00:00,5.215087496464773
2025-01-19 00:00:00,5.043161535042857
2025-01-19 01:00:00,5.062264419645293
2025-01-19 02:00:00,5.081367304247727
2025-01-19 03:00:00,4.928544227428247
2025-01-19 04:00:00,4.565589419981981
2025-01-19 05:00:00,78.6351903810672
2025-01-19 06:00:00,79.72505480340601
2025-01-19 07:00:00,105.36212593987388
2025-01-19 08:00:00,81.37828840637337
2025-01-19 09:00:00,147.85896128289528
2025-01-19 10:00:00,168.7068460916883
2025-01-19 11:00:00,138.84268936207158
2025-01-19 12:00:00,80.36583552244431
2025-01-19 13:00:00,61.41577399682873
2025-01-19 14:00:00,59.390868228970625
2025-01-19 15:00:00,65.63751149396688
2025-01-19 16:00:00,53.67910573284254
2025-01-19 17:00:00,33.37273940045405
2025-01-19 18:00:00,70.96535767992793
2025-01-19 19:00:00,84.60649614623182
2025-01-19 20:00:00,81.00325672557646
2025-01-19 21:00:00,15.814215380057142
2025-01-19 22:00:00,13.348065380000001
2025-01-19 23:00:00,12.769187496464774
2025-01-20 00:00:00,12.595961535042857
2025-01-20 01:00:00,12.614264419645291
2025-01-20 02:00:00,12.633067304247728
2025-01-20 03:00:00,12.480044227428248
2025-01-20 04:00:00,12.62998941998198
2025-01-20 05:00:00,13.298290381067208
2025-01-20 06:00:00,14.386954803406006
2025-01-20 07:00:00,40.022725939873865
2025-01-20 08:00:00,89.44158840637337
2025-01-20 09:00:00,135.82159128289527
2025-01-20 10:00:00,162.14760609168832
2025-01-20 11:00:00,163.3986893620716
2025-01-20 12:00:00,153.77283552244432
2025-01-20 13:00:00,61.41577399682873
2025-01-20 14:00:00,59.390868228970625
2025-01-20 15:00:00,65.63751149396688
2025-01-20 16:00:00,53.67910573284254
2025-01-20 17:00:00,33.37273940045405
2025-01-20 18:00:00,18.262357679927923
2025-01-20 19:00:00,11.232496146231817
2025-01-20 20:00:00,7.66025672557646
2025-01-20 21:00:00,6.724215380057143
2025-01-20 22:00:00,5.73086538
2025-01-20 23:00:00,5.215087496464773
2025-01-21 00:00:00,5.043161535042857
2025-01-21 01:00:00,5.062264419645293
2025-01-21 02:00:00,5.081367304247727
2025-01-21 03:00:00,4.928544227428247
2025-01-21 04:00:00,4.565589419981981
2025-01-21 05:00:00,5.234190381067209
2025-01-21 06:00:00,6.323054803406006
2025-01-21 07:00:00,31.959125939873868
2025-01-21 08:00:00,81.37828840637337
2025-01-21 09:00:00,93.31759128289528
2025-01-21 10:00:00,91.69384609168831
2025-01-21 11:00:00,89.99368936207158
2025-01-21 12:00:00,80.36583552244431
2025-01-21 13:00:00,61.41577399682873
2025-01-21 14:00:00,59.390868228970625
2025-01-21 15:00:00,65.63751149396688
2025-01-21 16:00:00,53.67910573284254
2025-01-21 17:00:00,33.37273940045405
2025-01-21 18:00:00,18.262357679927923
2025-01-21 19:00:00,11.232496146231817
2025-01-21 20:00:00,7.66025672557646
2025-01-21 21:00:00,6.724215380057143
2025-01-21 22:00:00,5.73086538
2025-01-21 23:00:00,5.215087496464773
2025-01-22 00:00:00,5.043161535042857
2025-01-22 01:00:00,5.062264419645293
2025-01-22 02:00:00,5.081367304247727
2025-01-22 03:00:00,4.928544227428247
2025-01-22 04:00:00,4.565589419981981
2025-01-22 05:00:00,5.234190381067209
2025-01-22 06:00:00,6.323054803406006
2025-01-22 07:00:00,31.959125939873868
2025-01-22 08:00:00,81.37828840637337
2025-01-22 09:00:00,170.3275912828953
2025-01-22 10:00:00,152.4388460916883
2025-01-22 11:00:00,100.22968936207158
2025-01-22 12:00:00,80.36583552244431
2025-01-22 13:00:00,61.41577399682873
2025-01-22 14:00:00,59.390868228970625
2025-01-22 15:00:00,65.63751149396688
2025-01-22 16:00:00,53.67910573284254
2025-01-22 17:00:00,33.37273940045405
2025-01-22 18:00:00,18.262357679927923
2025-01-22 19:00:00,84.57749614623182
2025-01-22 20:00:00,81.06125672557646
2025-01-22 21:00:00,49.270215380057145
2025-01-22 22:00:00,16.68786538
2025-01-22 23:00:00,13.052087496464772
2025-01-23 00:00:00,12.471526919813638
2025-01-23 01:00:00,12.441138458223378
2025-01-23 02:00:00,12.969641342825811
2025-01-23 03:00:00,12.740106727596592
2025-01-23 04:00:00,12.720803842994155
2025-01-23 05:00:00,13.121664419645292
2025-01-23 06:00:00,13.52252499629643
2025-01-23 07:00:00,40.27514518851347
2025-01-23 08:00:00,7.3546105719375
2025-01-23 09:00:00,50.60726537803701
2025-01-23 10:00:00,53.10536441560503
2025-01-23 11:00:00,38.52682114656851
2025-01-23 12:00:00,52.76395672422971
2025-01-23 13:00:00,38.16369711001055
2025-01-23 14:00:00,28.51508364943036
2025-01-23 15:00:00,19.234392303237662
2025-01-23 16:00:00,6.284849034201136
2025-01-23 17:00:00,6.3039519188035715
2025-01-23 18:00:00,52.51018653403279
2025-01-23 19:00:00,79.90418653403279
2025-01-23 20:00:00,79.4774374957914
2025-01-23 21:00:00,12.366704804079383
2025-01-23 22:00:00,12.853387496464773
2025-01-23 23:00:00,12.967804804079382
2025-01-24 00:00:00,12.432724035211201
2025-01-24 01:00:00,12.527938458223378
2025-01-24 02:00:00,12.546841342825811
2025-01-24 03:00:00,12.317406727596591
2025-01-24 04:00:00,12.298103842994156
2025-01-24 05:00:00,30.05226441964529
2025-01-24 06:00:00,31.402527880898866
2025-01-24 07:00:00,78.79001345788669
2025-01-24 08:00:00,5.597145188513474
2025-01-24 09:00:00,12.722679803742695
2025-01-24 10:00:00,51.547255379999996
2025-01-24 11:00:00,80.7562457651646
2025-01-24 12:00:00,25.048511536
2025-01-24 13:00:00,5.539836534706169
2025-01-24 14:00:00,5.558939419308604
2025-01-24 15:00:00,5.998305765164609
2025-01-24 16:00:00,6.189334611188961
2025-01-24 17:00:00,6.074717303574351
2025-01-24 18:00:00,59.27439230323766
2025-01-24 19:00:00,66.21528941863522
2025-01-24 20:00:00,6.1320259573816545
2025-01-24 21:00:00,5.80727691914026
2025-01-24 22:00:00,5.387013457886688
2025-01-24 23:00:00,5.272396150272077
2025-01-25 00:00:00,5.043161535042857
2025-01-25 01:00:00,5.062264419645293
2025-01-25 02:00:00,5.081367304247727
2025-01-25 03:00:00,4.928544227428247
2025-01-25 04:00:00,59.53558941998198
2025-01-25 05:00:00,78.6171903810672
2025-01-25 06:00:00,79.72505480340601
2025-01-25 07:00:00,105.36212593987388
2025-01-25 08:00:00,81.37828840637337
2025-01-25 09:00:00,93.31759128289528
2025-01-25 10:00:00,91.69384609168831
2025-01-25 11:00:00,96.88998936207157
2025-01-25 12:00:00,129.9488355224443
2025-01-25 13:00:00,106.20277399682874
2025-01-25 14:00:00,108.65386822897062
2025-01-25 15:00:00,94.53751149396689
2025-01-25 16:00:00,75.68019573284253
2025-01-25 17:00:00,33.37273940045405
2025-01-25 18:00:00,18.262357679927923
2025-01-25 19:00:00,18.796596146231817
2025-01-25 20:00:00,15.215656725576459
2025-01-25 21:00:00,14.277115380057143
2025-01-25 22:00:00,13.283565379999999
2025-01-25 23:00:00,12.767787496464774
2025-01-26 00:00:00,12.595761535042858
2025-01-26 01:00:00,12.614864419645293
2025-01-26 02:00:00,12.633967304247726
2025-01-26 03:00:00,30.878544227428247
2025-01-26 04:00:00,77.93458941998198
2025-01-26 05:00:00,78.5691903810672
2025-01-26 06:00:00,79.72505480340601
2025-01-26 07:00:00,105.36212593987388
2025-01-26 08:00:00,81.37828840637337
2025-01-26 09:00:00,119.49149128289528
2025-01-26 10:00:00,149.14321609168832
2025-01-26 11:00:00,167.00568936207156
2025-01-26 12:00:00,129.4888655224443
2025-01-26 13:00:00,70.67277399682874
2025-01-26 14:00:00,59.390868228970625
2025-01-26 15:00:00,65.63751149396688
2025-01-26 16:00:00,53.67910573284254
2025-01-26 17:00:00,33.37273940045405
2025-01-26 18:00:00,70.96735767992791
2025-01-26 19:00:00,84.61349614623182
2025-01-26 20:00:00,54.85025672557646
2025-01-26 21:00:00,19.039215380057144
2025-01-26 22:00:00,14.673865379999999
2025-01-26 23:00:00,13.136687496464774
2025-01-27 00:00:00,12.706461535042855
2025-01-27 01:00:00,12.615464419645292
2025-01-27 02:00:00,13.144067304247727
2025-01-27 03:00:00,12.991044227428247
2025-01-27 04:00:00,12.627889419981981
2025-01-27 05:00:00,13.296190381067209
2025-01-27 06:00:00,14.384854803406006
2025-01-27 07:00:00,40.02072593987387
2025-01-27 08:00:00,96.89018840637337
2025-01-27 09:00:00,163.90118128289527
2025-01-27 10:00:00,165.09684609168832
2025-01-27 11:00:00,163.3986893620716
2025-01-27 12:00:00,153.77183552244432
2025-01-27 13:00:00,74.49277399682873
2025-01-27 14:00:00,59.390868228970625
2025-01-27 15:00:00,65.63751149396688
2025-01-27 16:00:00,53.67910573284254
2025-01-27 17:00:00,33.37273940045405
2025-01-27 18:00:00,18.262357679927923
2025-01-27 19:00:00,11.232496146231817
2025-01-27 20:00:00,7.66025672557646
2025-01-27 21:00:00,6.724215380057143
2025-01-27 22:00:00,5.73086538
2025-01-27 23:00:00,5.215087496464773
2025-01-28 00:00:00,5.043161535042857
2025-01-28 01:00:00,5.062264419645293
2025-01-28 02:00:00,5.081367304247727
2025-01-28 03:00:00,4.928544227428247
2025-01-28 04:00:00,4.565589419981981
2025-01-28 05:00:00,5.234190381067209
2025-01-28 06:00:00,6.323054803406006
2025-01-28 07:00:00,31.959125939873868
2025-01-28 08:00:00,81.37828840637337
2025-01-28 09:00:00,98.83759128289527
2025-01-28 10:00:00,91.69384609168831
2025-01-28 11:00:00,89.99368936207158
2025-01-28 12:00:00,80.36583552244431
2025-01-28 13:00:00,61.41577399682873
2025-01-28 14:00:00,59.390868228970625
2025-01-28 15:00:00,65.63751149396688
2025-01-28 16:00:00,53.67910573284254
2025-01-28 17:00:00,33.37273940045405
2025-01-28 18:00:00,18.262357679927923
2025-01-28 19:00:00,11.232496146231817
2025-01-28 20:00:00,7.66025672557646
2025-01-28 21:00:00,6.724215380057143
2025-01-28 22:00:00,5.73086538
2025-01-28 23:00:00,5.215087496464773
2025-01-29 00:00:00,5.043161535042857
2025-01-29 01:00:00,5.062264419645293
2025-01-29 02:00:00,5.081367304247727
2025-01-29 03:00:00,4.928544227428247
2025-01-29 04:00:00,4.565589419981981
2025-01-29 05:00:00,5.234190381067209
2025-01-29 06:00:00,6.323054803406006
2025-01-29 07:00:00,31.959125939873868
2025-01-29 08:00:00,81.37828840637337
2025-01-29 09:00:00,170.3275912828953
2025-01-29 10:00:00,153.0518460916883
2025-01-29 11:00:00,100.21668936207158
2025-01-29 12:00:00,80.36583552244431
2025-01-29 13:00:00,61.41577399682873
2025-01-29 14:00:00,59.390868228970625
2025-01-29 15:00:00,65.63751149396688
2025-01-29 16:00:00,53.67910573284254
2025-01-29 17:00:00,33.37273940045405
2025-01-29 18:00:00,18.262357679927923
2025-01-29 19:00:00,84.57149614623182
2025-01-29 20:00:00,81.06125672557646
2025-01-29 21:00:00,49.26921538005715
2025-01-29 22:00:00,16.67886538
2025-01-29 23:00:00,13.045187496464774
2025-01-30 00:00:00,12.464726919813636
2025-01-30 01:00:00,12.493438458223377
2025-01-30 02:00:00,12.466941342825812
2025-01-30 03:00:00,12.23400672759659
2025-01-30 04:00:00,12.212603842994156
2025-01-30 05:00:00,12.612864419645293
2025-01-30 06:00:00,13.013724996296428
2025-01-30 07:00:00,44.45814518851347
2025-01-30 08:00:00,7.3546105719375
2025-01-30 09:00:00,108.70826537803701
2025-01-30 10:00:00,93.76836441560502
2025-01-30 11:00:00,42.972821146568506
2025-01-30 12:00:00,31.647956724229708
2025-01-30 13:00:00,29.928697110010553
2025-01-30 14:00:00,28.516083649430357
2025-01-30 15:00:00,6.571392303237662
2025-01-30 16:00:00,6.284849034201136
2025-01-30 17:00:00,6.3039519188035715
2025-01-30 18:00:00,52.50918653403279
2025-01-30 19:00:00,79.9001865340328
2025-01-30 20:00:00,79.5604374957914
2025-01-30 21:00:00,13.054904804079383
2025-01-30 22:00:00,12.823187496464772
2025-01-30 23:00:00,12.885704804079383
2025-01-31 00:00:00,12.347124035211202
2025-01-31 01:00:00,12.442338458223377
2025-01-31 02:00:00,12.461141342825812
2025-01-31 03:00:00,12.231706727596592
2025-01-31 04:00:00,12.212503842994156
2025-01-31 05:00:00,13.126364419645292
2025-01-31 06:00:00,31.946527880898863
2025-01-31 07:00:00,78.79001345788669
2025-01-31 08:00:00,22.157145188513475
2025-01-31 09:00:00,82.8363798037427
2025-01-31 10:00:00,38.74186538
2025-01-31 11:00:00,16.23430576516461
2025-01-31 12:00:00,6.036511536
2025-01-31 13:00:00,5.539836534706169
2025-01-31 14:00:00,5.558939419308604
2025-01-31 15:00:00,5.998305765164609
2025-01-31 16:00:00,6.189334611188961
2025-01-31 17:00:00,6.074717303574351
2025-01-31 18:00:00,59.275392303237666
2025-01-31 19:00:00,79.93028941863523
2025-01-31 20:00:00,72.92002595738165
2025-01-31 21:00:00,5.80727691914026
2025-01-31 22:00:00,12.333513457886689
2025-01-31 23:00:00,12.218696150272077
2025-02-01 00:00:00,11.989261535042857
2025-02-01 01:00:00,12.008264419645293
2025-02-01 02:00:00,12.027167304247726
2025-02-01 03:00:00,11.874144227428246
2025-02-01 04:00:00,11.510989419981982
2025-02-01 05:00:00,12.179390381067208
2025-02-01 06:00:00,79.72505480340601
2025-02-01 07:00:00,105.36212593987388
2025-02-01 08:00:00,81.37828840637337
2025-02-01 09:00:00,129.01419128289527
2025-02-01 10:00:00,148.9758460916883
2025-02-01 11:00:00,187.42168936207156
2025-02-01 12:00:00,102.36683552244432
2025-02-01 13:00:00,83.41677399682874
2025-02-01 14:00:00,81.39286822897063
2025-02-01 15:00:00,84.83451149396689
2025-02-01 16:00:00,53.67910573284254
2025-02-01 17:00:00,33.37273940045405
2025-02-01 18:00:00,70.96635767992792
2025-02-01 19:00:00,84.61149614623181
2025-02-01 20:00:00,73.94225672557646
2025-02-01 21:00:00,6.724215380057143
2025-02-01 22:00:00,5.73086538
2025-02-01 23:00:00,5.215087496464773
2025-02-02 00:00:00,5.043161535042857
2025-02-02 01:00:00,5.062264419645293
2025-02-02 02:00:00,5.081367304247727
2025-02-02 03:00:00,4.928544227428247
2025-02-02 04:00:00,4.565589419981981
2025-02-02 05:00:00,78.13119038106721
2025-02-02 06:00:00,79.72505480340601
2025-02-02 07:00:00,105.36212593987388
2025-02-02 08:00:00,97.93828840637337
2025-02-02 09:00:00,170.32659128289527
2025-02-02 10:00:00,124.70184609168831
2025-02-02 11:00:00,113.07368936207158
2025-02-02 12:00:00,80.36583552244431
2025-02-02 13:00:00,61.41577399682873
2025-02-02 14:00:00,59.390868228970625
2025-02-02 15:00:00,65.63751149396688
2025-02-02 16:00:00,53.67910573284254
2025-02-02 17:00:00,33.37273940045405
2025-02-02 18:00:00,70.96435767992793
2025-02-02 19:00:00,84.60449614623181
2025-02-02 20:00:00,81.01925672557645
2025-02-02 21:00:00,16.476815380057143
2025-02-02 22:00:00,13.94196538
2025-02-02 23:00:00,12.903887496464773
2025-02-03 00:00:00,12.613061535042856
2025-02-03 01:00:00,12.622364419645294
2025-02-03 02:00:00,12.634867304247727
2025-02-03 03:00:00,12.481044227428248
2025-02-03 04:00:00,12.117389419981981
2025-02-03 05:00:00,12.785790381067208
2025-02-03 06:00:00,13.874554803406006
2025-02-03 07:00:00,39.510525939873865
2025-02-03 08:00:00,100.01088840637337
2025-02-03 09:00:00,151.33378128289527
2025-02-03 10:00:00,136.58556609168832
2025-02-03 11:00:00,133.68352936207157
2025-02-03 12:00:00,129.49937552244432
2025-02-03 13:00:00,117.06366399682874
2025-02-03 14:00:00,71.83286822897063
2025-02-03 15:00:00,65.63751149396688
2025-02-03 16:00:00,53.67910573284254
2025-02-03 17:00:00,33.37273940045405
2025-02-03 18:00:00,18.262357679927923
2025-02-03 19:00:00,11.232496146231817
2025-02-03 20:00:00,7.66025672557646
2025-02-03 21:00:00,6.724215380057143
2025-02-03 22:00:00,5.73086538
2025-02-03 23:00:00,5.215087496464773
2025-02-04 00:00:00,5.043161535042857
2025-02-04 01:00:00,5.062264419645293
2025-02-04 02:00:00,5.081367304247727
2025-02-04 03:00:00,4.928544227428247
2025-02-04 04:00:00,4.565589419981981
2025-02-04 05:00:00,5.234190381067209
2025-02-04 06:00:00,6.323054803406006
2025-02-04 07:00:00,31.959125939873868
2025-02-04 08:00:00,81.37828840637337
2025-02-04 09:00:00,93.31759128289528
2025-02-04 10:00:00,91.69384609168831
2025-02-04 11:00:00,89.99368936207158
2025-02-04 12:00:00,80.36583552244431
2025-02-04 13:00:00,61.41577399682873
2025-02-04 14:00:00,59.390868228970625
2025-02-04 15:00:00,65.63751149396688
2025-02-04 16:00:00,53.67910573284254
2025-02-04 17:00:00,33.37273940045405
2025-02-04 18:00:00,18.262357679927923
2025-02-04 19:00:00,11.232496146231817
2025-02-04 20:00:00,7.66025672557646
2025-02-04 21:00:00,6.724215380057143
2025-02-04 22:00:00,5.73086538
2025-02-04 23:00:00,5.215087496464773
2025-02-05 00:00:00,5.043161535042857
2025-02-05 01:00:00,5.062264419645293
2025-02-05 02:00:00,5.081367304247727
2025-02-05 03:00:00,4.928544227428247
2025-02-05 04:00:00,4.565589419981981
2025-02-05 05:00:00,5.234190381067209
2025-02-05 06:00:00,6.323054803406006
2025-02-05 07:00:00,31.959125939873868
2025-02-05 08:00:00,81.37828840637337
2025-02-05 09:00:00,170.32659128289527
2025-02-05 10:00:00,118.11384609168832
2025-02-05 11:00:00,89.99368936207158
2025-02-05 12:00:00,80.36583552244431
2025-02-05 13:00:00,61.41577399682873
2025-02-05 14:00:00,59.390868228970625
2025-02-05 15:00:00,65.63751149396688
2025-02-05 16:00:00,53.67910573284254
2025-02-05 17:00:00,33.37273940045405
2025-02-05 18:00:00,18.262357679927923
2025-02-05 19:00:00,84.58749614623181
2025-02-05 20:00:00,81.06125672557646
2025-02-05 21:00:00,42.856215380057144
2025-02-05 22:00:00,14.872065379999999
2025-02-05 23:00:00,13.309187496464773
2025-02-06 00:00:00,12.410826919813637
2025-02-06 01:00:00,12.455238458223377
2025-02-06 02:00:00,12.467241342825812
2025-02-06 03:00:00,12.231306727596591
2025-02-06 04:00:00,12.211903842994156
2025-02-06 05:00:00,12.612864419645293
2025-02-06 06:00:00,13.013924996296428
2025-02-06 07:00:00,47.047145188513475
2025-02-06 08:00:00,7.3546105719375
2025-02-06 09:00:00,108.71126537803701
2025-02-06 10:00:00,110.03536441560504
2025-02-06 11:00:00,78.26982114656852
2025-02-06 12:00:00,31.648956724229706
2025-02-06 13:00:00,29.930697110010552
2025-02-06 14:00:00,6.514083649430358
2025-02-06 15:00:00,6.571392303237662
2025-02-06 16:00:00,6.284849034201136
2025-02-06 17:00:00,6.3039519188035715
2025-02-06 18:00:00,52.50918653403279
2025-02-06 19:00:00,79.9001865340328
2025-02-06 20:00:00,79.5614374957914
2025-02-06 21:00:00,15.791704804079384
2025-02-06 22:00:00,12.880887496464773
2025-02-06 23:00:00,12.904404804079384
2025-02-07 00:00:00,12.351424035211203
2025-02-07 01:00:00,12.444138458223378
2025-02-07 02:00:00,12.462341342825813
2025-02-07 03:00:00,12.23230672759659
2025-02-07 04:00:00,12.213003842994155
2025-02-07 05:00:00,12.613864419645292
2025-02-07 06:00:00,31.434527880898866
2025-02-07 07:00:00,78.79001345788669
2025-02-07 08:00:00,27.829145188513472
2025-02-07 09:00:00,82.8363798037427
2025-02-07 10:00:00,38.74186538
2025-02-07 11:00:00,16.23430576516461
2025-02-07 12:00:00,6.036511536
2025-02-07 13:00:00,5.539836534706169
2025-02-07 14:00:00,5.558939419308604
2025-02-07 15:00:00,5.998305765164609
2025-02-07 16:00:00,6.189334611188961
2025-02-07 17:00:00,6.074717303574351
2025-02-07 18:00:00,59.275392303237666
2025-02-07 19:00:00,79.92928941863522
2025-02-07 20:00:00,76.18002595738166
2025-02-07 21:00:00,5.80727691914026
2025-02-07 22:00:00,12.684613457886687
2025-02-07 23:00:00,12.569796150272076
2025-02-08 00:00:00,12.340361535042856
2025-02-08 01:00:00,12.359264419645292
2025-02-08 02:00:00,12.378167304247727
2025-02-08 03:00:00,12.225144227428247
2025-02-08 04:00:00,11.861989419981981
2025-02-08 05:00:00,12.530390381067209
2025-02-08 06:00:00,79.72505480340601
2025-02-08 07:00:00,105.36212593987388
2025-02-08 08:00:00,81.37828840637337
2025-02-08 09:00:00,138.3085912828953
2025-02-08 10:00:00,163.8098460916883
2025-02-08 11:00:00,171.73868936207157
2025-02-08 12:00:00,102.36683552244432
2025-02-08 13:00:00,83.41777399682873
2025-02-08 14:00:00,81.39386822897063
2025-02-08 15:00:00,65.63751149396688
2025-02-08 16:00:00,53.67910573284254
2025-02-08 17:00:00,33.37273940045405
2025-02-08 18:00:00,70.96535767992793
2025-02-08 19:00:00,84.6094961462318
2025-02-08 20:00:00,74.84225672557646
2025-02-08 21:00:00,6.724215380057143
2025-02-08 22:00:00,12.72226538
2025-02-08 23:00:00,12.206287496464773
2025-02-09 00:00:00,12.034161535042855
2025-02-09 01:00:00,12.053064419645292
2025-02-09 02:00:00,12.072067304247728
2025-02-09 03:00:00,11.919044227428248
2025-02-09 04:00:00,11.55588941998198
2025-02-09 05:00:00,29.85419038106721
2025-02-09 06:00:00,79.72505480340601
2025-02-09 07:00:00,105.36212593987388
2025-02-09 08:00:00,113.57528840637337
2025-02-09 09:00:00,126.32159128289527
2025-02-09 10:00:00,124.70384609168832
2025-02-09 11:00:00,104.67068936207158
2025-02-09 12:00:00,80.36583552244431
2025-02-09 13:00:00,61.41577399682873
2025-02-09 14:00:00,59.390868228970625
2025-02-09 15:00:00,65.63751149396688
2025-02-09 16:00:00,53.67910573284254
2025-02-09 17:00:00,33.37273940045405
2025-02-09 18:00:00,70.96435767992793
2025-02-09 19:00:00,84.60449614623181
2025-02-09 20:00:00,81.01925672557645
2025-02-09 21:00:00,18.100215380057143
2025-02-09 22:00:00,14.201165379999999
2025-02-09 23:00:00,13.125087496464772
2025-02-10 00:00:00,12.707661535042856
2025-02-10 01:00:00,12.616664419645293
2025-02-10 02:00:00,13.144967304247725
2025-02-10 03:00:00,12.991944227428247
2025-02-10 04:00:00,12.628689419981981
2025-02-10 05:00:00,13.29709038106721
2025-02-10 06:00:00,14.385654803406005
2025-02-10 07:00:00,40.02152593987387
2025-02-10 08:00:00,103.38128840637337
2025-02-10 09:00:00,166.72059128289527
2025-02-10 10:00:00,165.09784609168833
2025-02-10 11:00:00,163.39968936207157
2025-02-10 12:00:00,128.89083552244432
2025-02-10 13:00:00,61.41577399682873
2025-02-10 14:00:00,59.390868228970625
2025-02-10 15:00:00,65.63751149396688
2025-02-10 16:00:00,53.67910573284254
2025-02-10 17:00:00,33.37273940045405
2025-02-10 18:00:00,18.262357679927923
2025-02-10 19:00:00,11.232496146231817
2025-02-10 20:00:00,7.66025672557646
2025-02-10 21:00:00,6.724215380057143
2025-02-10 22:00:00,5.73086538
2025-02-10 23:00:00,5.215087496464773
2025-02-11 00:00:00,5.043161535042857
2025-02-11 01:00:00,5.062264419645293
2025-02-11 02:00:00,5.081367304247727
2025-02-11 03:00:00,4.928544227428247
2025-02-11 04:00:00,4.565589419981981
2025-02-11 05:00:00,5.234190381067209
2025-02-11 06:00:00,6.323054803406006
2025-02-11 07:00:00,31.959125939873868
2025-02-11 08:00:00,81.37828840637337
2025-02-11 09:00:00,93.31759128289528
2025-02-11 10:00:00,91.69384609168831
2025-02-11 11:00:00,89.99368936207158
2025-02-11 12:00:00,80.36583552244431
2025-02-11 13:00:00,61.41577399682873
2025-02-11 14:00:00,59.390868228970625
2025-02-11 15:00:00,65.63751149396688
2025-02-11 16:00:00,53.67910573284254
2025-02-11 17:00:00,33.37273940045405
2025-02-11 18:00:00,18.262357679927923
2025-02-11 19:00:00,11.232496146231817
2025-02-11 20:00:00,7.66025672557646
2025-02-11 21:00:00,6.724215380057143
2025-02-11 22:00:00,5.73086538
2025-02-11 23:00:00,5.215087496464773
2025-02-12 00:00:00,5.043161535042857
2025-02-12 01:00:00,5.062264419645293
2025-02-12 02:00:00,5.081367304247727
2025-02-12 03:00:00,4.928544227428247
2025-02-12 04:00:00,4.565589419981981
2025-02-12 05:00:00,5.234190381067209
2025-02-12 06:00:00,6.323054803406006
2025-02-12 07:00:00,31.959125939873868
2025-02-12 08:00:00,81.37828840637337
2025-02-12 09:00:00,165.33099128289527
2025-02-12 10:00:00,168.70884609168832
2025-02-12 11:00:00,127.08668936207158
2025-02-12 12:00:00,80.36583552244431
2025-02-12 13:00:00,61.41577399682873
2025-02-12 14:00:00,59.390868228970625
2025-02-12 15:00:00,65.63751149396688
2025-02-12 16:00:00,53.67910573284254
2025-02-12 17:00:00,33.37273940045405
2025-02-12 18:00:00,18.262357679927923
2025-02-12 19:00:00,84.58049614623181
2025-02-12 20:00:00,81.06225672557646
2025-02-12 21:00:00,41.953215380057145
2025-02-12 22:00:00,14.613365380000001
2025-02-12 23:00:00,13.064687496464773
2025-02-13 00:00:00,12.407326919813636
2025-02-13 01:00:00,12.458938458223377
2025-02-13 02:00:00,12.459941342825811
2025-02-13 03:00:00,12.742406727596592
2025-02-13 04:00:00,12.723003842994157
2025-02-13 05:00:00,13.123864419645294
2025-02-13 06:00:00,13.524824996296429
2025-02-13 07:00:00,34.89714518851348
2025-02-13 08:00:00,25.9606105719375
2025-02-13 09:00:00,47.15626537803701
2025-02-13 10:00:00,22.32926441560503
2025-02-13 11:00:00,28.45782114656851
2025-02-13 12:00:00,64.6579567242297
2025-02-13 13:00:00,42.37869711001055
2025-02-13 14:00:00,28.516083649430357
2025-02-13 15:00:00,28.57339230323766
2025-02-13 16:00:00,14.564949034201135
2025-02-13 17:00:00,6.3039519188035715
2025-02-13 18:00:00,52.50918653403279
2025-02-13 19:00:00,79.9001865340328
2025-02-13 20:00:00,79.5594374957914
2025-02-13 21:00:00,12.470804804079382
2025-02-13 22:00:00,12.961287496464774
2025-02-13 23:00:00,13.075604804079383
2025-02-14 00:00:00,12.540524035211202
2025-02-14 01:00:00,12.635838458223377
2025-02-14 02:00:00,12.654741342825812
2025-02-14 03:00:00,12.425206727596592
2025-02-14 04:00:00,12.405903842994157
2025-02-14 05:00:00,12.806764419645294
2025-02-14 06:00:00,31.627527880898864
2025-02-14 07:00:00,78.79001345788669
2025-02-14 08:00:00,23.641145188513477
2025-02-14 09:00:00,82.8353798037427
2025-02-14 10:00:00,82.74686538
2025-02-14 11:00:00,16.221305765164608
2025-02-14 12:00:00,6.036511536
2025-02-14 13:00:00,5.539836534706169
2025-02-14 14:00:00,5.558939419308604
2025-02-14 15:00:00,5.998305765164609
2025-02-14 16:00:00,6.189334611188961
2025-02-14 17:00:00,6.074717303574351
2025-02-14 18:00:00,59.275392303237666
2025-02-14 19:00:00,79.92928941863522
2025-02-14 20:00:00,73.12202595738165
2025-02-14 21:00:00,5.80727691914026
2025-02-14 22:00:00,12.357213457886688
2025-02-14 23:00:00,12.242396150272077
2025-02-15 00:00:00,12.012961535042857
2025-02-15 01:00:00,12.031864419645292
2025-02-15 02:00:00,12.050767304247728
2025-02-15 03:00:00,11.897744227428248
2025-02-15 04:00:00,11.53458941998198
2025-02-15 05:00:00,12.20299038106721
2025-02-15 06:00:00,79.72505480340601
2025-02-15 07:00:00,105.36212593987388
2025-02-15 08:00:00,81.37828840637337
2025-02-15 09:00:00,192.3275912828953
2025-02-15 10:00:00,177.08784609168833
2025-02-15 11:00:00,122.23068936207159
2025-02-15 12:00:00,102.36783552244431
2025-02-15 13:00:00,83.41877399682873
2025-02-15 14:00:00,59.390868228970625
2025-02-15 15:00:00,65.63751149396688
2025-02-15 16:00:00,53.67910573284254
2025-02-15 17:00:00,33.37273940045405
2025-02-15 18:00:00,70.96635767992792
2025-02-15 19:00:00,84.61049614623181
2025-02-15 20:00:00,81.01025672557645
2025-02-15 21:00:00,14.227615380057143
2025-02-15 22:00:00,13.29456538
2025-02-15 23:00:00,12.770787496464774
2025-02-16 00:00:00,12.596361535042856
2025-02-16 01:00:00,12.614664419645292
2025-02-16 02:00:00,12.633667304247727
2025-02-16 03:00:00,12.480744227428247
2025-02-16 04:00:00,12.117689419981982
2025-02-16 05:00:00,30.230190381067207
2025-02-16 06:00:00,78.390054803406
2025-02-16 07:00:00,105.36312593987387
2025-02-16 08:00:00,121.63128840637337
2025-02-16 09:00:00,157.9505912828953
2025-02-16 10:00:00,124.70484609168832
2025-02-16 11:00:00,100.22968936207158
2025-02-16 12:00:00,80.36583552244431
2025-02-16 13:00:00,61.41577399682873
2025-02-16 14:00:00,59.390868228970625
2025-02-16 15:00:00,65.63751149396688
2025-02-16 16:00:00,53.67910573284254
2025-02-16 17:00:00,33.37273940045405
2025-02-16 18:00:00,70.96335767992792
2025-02-16 19:00:00,84.60149614623182
2025-02-16 20:00:00,81.01525672557646
2025-02-16 21:00:00,18.042215380057144
2025-02-16 22:00:00,14.154265380000002
2025-02-16 23:00:00,13.080387496464773
2025-02-17 00:00:00,12.664061535042856
2025-02-17 01:00:00,12.632064419645292
2025-02-17 02:00:00,12.643267304247725
2025-02-17 03:00:00,12.483844227428246
2025-02-17 04:00:00,12.11838941998198
2025-02-17 05:00:00,12.786190381067208
2025-02-17 06:00:00,13.874754803406006
2025-02-17 07:00:00,39.510725939873865
2025-02-17 08:00:00,97.48538840637337
2025-02-17 09:00:00,166.72059128289527
2025-02-17 10:00:00,165.09784609168833
2025-02-17 11:00:00,163.39968936207157
2025-02-17 12:00:00,121.02983552244432
2025-02-17 13:00:00,69.04367399682873
2025-02-17 14:00:00,59.390868228970625
2025-02-17 15:00:00,65.63751149396688
2025-02-17 16:00:00,53.67910573284254
2025-02-17 17:00:00,33.37273940045405
2025-02-17 18:00:00,18.262357679927923
2025-02-17 19:00:00,11.232496146231817
2025-02-17 20:00:00,7.66025672557646
2025-02-17 21:00:00,6.724215380057143
2025-02-17 22:00:00,5.73086538
2025-02-17 23:00:00,5.215087496464773
2025-02-18 00:00:00,5.043161535042857
2025-02-18 01:00:00,5.062264419645293
2025-02-18 02:00:00,5.081367304247727
2025-02-18 03:00:00,4.928544227428247
2025-02-18 04:00:00,4.565589419981981
2025-02-18 05:00:00,5.234190381067209
2025-02-18 06:00:00,6.323054803406006
2025-02-18 07:00:00,31.959125939873868
2025-02-18 08:00:00,81.37828840637337
2025-02-18 09:00:00,93.31759128289528
2025-02-18 10:00:00,91.69384609168831
2025-02-18 11:00:00,89.99368936207158
2025-02-18 12:00:00,80.36583552244431
2025-02-18 13:00:00,61.41577399682873
2025-02-18 14:00:00,59.390868228970625
2025-02-18 15:00:00,65.63751149396688
2025-02-18 16:00:00,53.67910573284254
2025-02-18 17:00:00,33.37273940045405
2025-02-18 18:00:00,18.262357679927923
2025-02-18 19:00:00,11.232496146231817
2025-02-18 20:00:00,7.66025672557646
2025-02-18 21:00:00,6.724215380057143
2025-02-18 22:00:00,5.73086538
2025-02-18 23:00:00,5.215087496464773
2025-02-19 00:00:00,5.043161535042857
2025-02-19 01:00:00,5.062264419645293
2025-02-19 02:00:00,5.081367304247727
2025-02-19 03:00:00,4.928544227428247
2025-02-19 04:00:00,4.565589419981981
2025-02-19 05:00:00,5.234190381067209
2025-02-19 06:00:00,6.323054803406006
2025-02-19 07:00:00,31.959125939873868
2025-02-19 08:00:00,112.82128840637337
2025-02-19 09:00:00,167.05559128289528
2025-02-19 10:00:00,124.70484609168832
2025-02-19 11:00:00,100.22968936207158
2025-02-19 12:00:00,80.36583552244431
2025-02-19 13:00:00,61.41577399682873
2025-02-19 14:00:00,59.390868228970625
2025-02-19 15:00:00,65.63751149396688
2025-02-19 16:00:00,53.67910573284254
2025-02-19 17:00:00,33.37273940045405
2025-02-19 18:00:00,18.262357679927923
2025-02-19 19:00:00,84.58049614623181
2025-02-19 20:00:00,81.06225672557646
2025-02-19 21:00:00,53.80521538005715
2025-02-19 22:00:00,17.95086538
2025-02-19 23:00:00,14.064287496464772
2025-02-20 00:00:00,12.652026919813636
2025-02-20 01:00:00,12.473538458223377
2025-02-20 02:00:00,12.467941342825812
2025-02-20 03:00:00,12.231606727596592
2025-02-20 04:00:00,12.212003842994157
2025-02-20 05:00:00,12.612864419645293
2025-02-20 06:00:00,13.013824996296428
2025-02-20 07:00:00,29.86314518851347
2025-02-20 08:00:00,45.3596105719375
2025-02-20 09:00:00,64.70926537803702
2025-02-20 10:00:00,66.03336441560504
2025-02-20 11:00:00,42.972821146568506
2025-02-20 12:00:00,31.648956724229706
2025-02-20 13:00:00,29.930697110010552
2025-02-20 14:00:00,6.514083649430358
2025-02-20 15:00:00,6.571392303237662
2025-02-20 16:00:00,6.284849034201136
2025-02-20 17:00:00,6.3039519188035715
2025-02-20 18:00:00,18.058186534032792
2025-02-20 19:00:00,79.9081865340328
2025-02-20 20:00:00,79.5724374957914
2025-02-20 21:00:00,42.945704804079384
2025-02-20 22:00:00,14.780487496464772
2025-02-20 23:00:00,13.097704804079383
2025-02-21 00:00:00,12.410924035211202
2025-02-21 01:00:00,12.458938458223377
2025-02-21 02:00:00,12.470141342825812
2025-02-21 03:00:00,12.234206727596591
2025-02-21 04:00:00,12.214103842994156
2025-02-21 05:00:00,12.614464419645293
2025-02-21 06:00:00,13.034427880898864
2025-02-21 07:00:00,78.79001345788669
2025-02-21 08:00:00,34.017145188513474
2025-02-21 09:00:00,82.8353798037427
2025-02-21 10:00:00,70.52586538
2025-02-21 11:00:00,16.23430576516461
2025-02-21 12:00:00,6.036511536
2025-02-21 13:00:00,5.539836534706169
2025-02-21 14:00:00,5.558939419308604
2025-02-21 15:00:00,5.998305765164609
2025-02-21 16:00:00,6.189334611188961
2025-02-21 17:00:00,6.074717303574351
2025-02-21 18:00:00,59.275392303237666
2025-02-21 19:00:00,79.93328941863523
2025-02-21 20:00:00,78.96402595738165
2025-02-21 21:00:00,12.79047691914026
2025-02-21 22:00:00,12.967013457886688
2025-02-21 23:00:00,12.852196150272077
2025-02-22 00:00:00,12.622761535042857
2025-02-22 01:00:00,12.641664419645291
2025-02-22 02:00:00,12.660567304247728
2025-02-22 03:00:00,12.507544227428248
2025-02-22 04:00:00,12.14438941998198
2025-02-22 05:00:00,30.52619038106721
2025-02-22 06:00:00,79.72505480340601
2025-02-22 07:00:00,105.36212593987388
2025-02-22 08:00:00,108.72828840637337
2025-02-22 09:00:00,192.32859128289527
2025-02-22 10:00:00,146.70484609168832
2025-02-22 11:00:00,122.23068936207159
2025-02-22 12:00:00,102.36783552244431
2025-02-22 13:00:00,83.41877399682873
2025-02-22 14:00:00,59.390868228970625
2025-02-22 15:00:00,65.63751149396688
2025-02-22 16:00:00,53.67910573284254
2025-02-22 17:00:00,33.37273940045405
2025-02-22 18:00:00,70.96435767992793
2025-02-22 19:00:00,84.6034961462318
2025-02-22 20:00:00,81.01825672557646
2025-02-22 21:00:00,14.299715380057144
2025-02-22 22:00:00,13.30916538
2025-02-22 23:00:00,12.772187496464774
2025-02-23 00:00:00,12.597461535042857
2025-02-23 01:00:00,12.615764419645291
2025-02-23 02:00:00,12.634067304247726
2025-02-23 03:00:00,12.480944227428246
2025-02-23 04:00:00,12.117789419981982
2025-02-23 05:00:00,12.786290381067209
2025-02-23 06:00:00,32.276054803406005
2025-02-23 07:00:00,105.36212593987388
2025-02-23 08:00:00,107.61128840637338
2025-02-23 09:00:00,170.3275912828953
2025-02-23 10:00:00,124.70484609168832
2025-02-23 11:00:00,100.22968936207158
2025-02-23 12:00:00,80.36583552244431
2025-02-23 13:00:00,61.41577399682873
2025-02-23 14:00:00,59.390868228970625
2025-02-23 15:00:00,65.63751149396688
2025-02-23 16:00:00,53.67910573284254
2025-02-23 17:00:00,33.37273940045405
2025-02-23 18:00:00,70.96635767992792
2025-02-23 19:00:00,84.61349614623182
2025-02-23 20:00:00,81.01425672557646
2025-02-23 21:00:00,18.074215380057144
2025-02-23 22:00:00,14.17956538
2025-02-23 23:00:00,13.104487496464774
2025-02-24 00:00:00,12.687561535042857
2025-02-24 01:00:00,12.655464419645293
2025-02-24 02:00:00,12.655567304247727
2025-02-24 03:00:00,12.484844227428248
2025-02-24 04:00:00,12.11908941998198
2025-02-24 05:00:00,12.78689038106721
2025-02-24 06:00:00,13.875454803406004
2025-02-24 07:00:00,39.51142593987387
2025-02-24 08:00:00,144.87046840637336
2025-02-24 09:00:00,166.72059128289527
2025-02-24 10:00:00,165.0988460916883
2025-02-24 11:00:00,163.40068936207157
2025-02-24 12:00:00,118.20483552244431
2025-02-24 13:00:00,61.41577399682873
2025-02-24 14:00:00,59.390868228970625
2025-02-24 15:00:00,65.63751149396688
2025-02-24 16:00:00,53.67910573284254
2025-02-24 17:00:00,33.37273940045405
2025-02-24 18:00:00,18.262357679927923
2025-02-24 19:00:00,11.232496146231817
2025-02-24 20:00:00,7.66025672557646
2025-02-24 21:00:00,6.724215380057143
2025-02-24 22:00:00,5.73086538
2025-02-24 23:00:00,5.215087496464773
2025-02-25 00:00:00,5.043161535042857
2025-02-25 01:00:00,5.062264419645293
2025-02-25 02:00:00,5.081367304247727
2025-02-25 03:00:00,4.928544227428247
2025-02-25 04:00:00,4.565589419981981
2025-02-25 05:00:00,5.234190381067209
2025-02-25 06:00:00,6.323054803406006
2025-02-25 07:00:00,31.959125939873868
2025-02-25 08:00:00,81.37828840637337
2025-02-25 09:00:00,93.31759128289528
2025-02-25 10:00:00,91.69384609168831
2025-02-25 11:00:00,89.99368936207158
2025-02-25 12:00:00,80.36583552244431
2025-02-25 13:00:00,61.41577399682873
2025-02-25 14:00:00,59.390868228970625
2025-02-25 15:00:00,65.63751149396688
2025-02-25 16:00:00,53.67910573284254
2025-02-25 17:00:00,33.37273940045405
2025-02-25 18:00:00,18.262357679927923
2025-02-25 19:00:00,11.232496146231817
2025-02-25 20:00:00,7.66025672557646
2025-02-25 21:00:00,6.724215380057143
2025-02-25 22:00:00,5.73086538
2025-02-25 23:00:00,5.215087496464773
2025-02-26 00:00:00,5.043161535042857
2025-02-26 01:00:00,5.062264419645293
2025-02-26 02:00:00,5.081367304247727
2025-02-26 03:00:00,4.928544227428247
2025-02-26 04:00:00,4.565589419981981
2025-02-26 05:00:00,5.234190381067209
2025-02-26 06:00:00,6.323054803406006
2025-02-26 07:00:00,31.959125939873868
2025-02-26 08:00:00,115.70428840637337
2025-02-26 09:00:00,166.91359128289528
2025-02-26 10:00:00,124.70484609168832
2025-02-26 11:00:00,100.22968936207158
2025-02-26 12:00:00,80.36583552244431
2025-02-26 13:00:00,61.41577399682873
2025-02-26 14:00:00,59.390868228970625
2025-02-26 15:00:00,65.63751149396688
2025-02-26 16:00:00,53.67910573284254
2025-02-26 17:00:00,33.37273940045405
2025-02-26 18:00:00,18.262357679927923
2025-02-26 19:00:00,84.58049614623181
2025-02-26 20:00:00,81.06225672557646
2025-02-26 21:00:00,55.82321538005714
2025-02-26 22:00:00,18.50986538
2025-02-26 23:00:00,12.799387496464773
2025-02-27 00:00:00,12.806726919813636
2025-02-27 01:00:00,12.882938458223379
2025-02-27 02:00:00,12.901741342825812
2025-02-27 03:00:00,12.672206727596592
2025-02-27 04:00:00,12.652803842994157
2025-02-27 05:00:00,13.053764419645294
2025-02-27 06:00:00,13.454624996296427
2025-02-27 07:00:00,22.528145188513477
2025-02-27 08:00:00,40.7686105719375
2025-02-27 09:00:00,64.70926537803702
2025-02-27 10:00:00,66.03336441560504
2025-02-27 11:00:00,42.972821146568506
2025-02-27 12:00:00,17.927056724229708
2025-02-27 13:00:00,29.92969711001055
2025-02-27 14:00:00,6.514083649430358
2025-02-27 15:00:00,6.571392303237662
2025-02-27 16:00:00,6.284849034201136
2025-02-27 17:00:00,6.3039519188035715
2025-02-27 18:00:00,18.058186534032792
2025-02-27 19:00:00,79.9081865340328
2025-02-27 20:00:00,79.5734374957914
2025-02-27 21:00:00,42.95970480407939
2025-02-27 22:00:00,14.784287496464774
2025-02-27 23:00:00,13.101104804079384
2025-02-28 00:00:00,12.414324035211202
2025-02-28 01:00:00,12.462238458223379
2025-02-28 02:00:00,12.462441342825812
2025-02-28 03:00:00,12.23240672759659
2025-02-28 04:00:00,12.725303842994155
2025-02-28 05:00:00,13.126264419645292
2025-02-28 06:00:00,13.546227880898865
2025-02-28 07:00:00,78.79001345788669
2025-02-28 08:00:00,49.60014518851347
2025-02-28 09:00:00,82.8363798037427
2025-02-28 10:00:00,58.82786538
2025-02-28 11:00:00,16.23430576516461
2025-02-28 12:00:00,6.036511536
2025-02-28 13:00:00,5.539836534706169
2025-02-28 14:00:00,5.558939419308604
2025-02-28 15:00:00,5.998305765164609
2025-02-28 16:00:00,6.189334611188961
2025-02-28 17:00:00,6.074717303574351
2025-02-28 18:00:00,59.27639230323766
2025-02-28 19:00:00,79.93328941863523
2025-02-28 20:00:00,79.48602595738166
2025-02-28 21:00:00,13.35757691914026
2025-02-28 22:00:00,12.939213457886687
2025-02-28 23:00:00,13.333396150272076
2025-03-01 00:00:00,13.103961535042856
2025-03-01 01:00:00,13.122764419645293
2025-03-01 02:00:00,13.141667304247726
2025-03-01 03:00:00,12.988644227428248
2025-03-01 04:00:00,12.62538941998198
2025-03-01 05:00:00,30.95019038106721
2025-03-01 06:00:00,79.72505480340601
2025-03-01 07:00:00,105.36242593987387
2025-03-01 08:00:00,97.93828840637337
2025-03-01 09:00:00,192.31259128289528
2025-03-01 10:00:00,146.70484609168832
2025-03-01 11:00:00,122.23068936207159
2025-03-01 12:00:00,102.36683552244432
2025-03-01 13:00:00,83.41777399682873
2025-03-01 14:00:00,59.390868228970625
2025-03-01 15:00:00,65.63751149396688
2025-03-01 16:00:00,53.67910573284254
2025-03-01 17:00:00,33.37273940045405
2025-03-01 18:00:00,70.96435767992793
2025-03-01 19:00:00,84.60249614623183
2025-03-01 20:00:00,81.01725672557646
2025-03-01 21:00:00,14.119315380057143
2025-03-01 22:00:00,13.739365379999999
2025-03-01 23:00:00,13.223387496464774
2025-03-02 00:00:00,13.051261535042858
2025-03-02 01:00:00,13.070064419645291
2025-03-02 02:00:00,13.088967304247728
2025-03-02 03:00:00,12.935844227428248
2025-03-02 04:00:00,12.57268941998198
2025-03-02 05:00:00,13.24099038106721
2025-03-02 06:00:00,32.730054803406006
2025-03-02 07:00:00,105.36212593987388
2025-03-02 08:00:00,81.37828840637337
2025-03-02 09:00:00,126.32259128289527
2025-03-02 10:00:00,124.70484609168832
2025-03-02 11:00:00,100.22968936207158
2025-03-02 12:00:00,80.36583552244431
2025-03-02 13:00:00,61.41577399682873
2025-03-02 14:00:00,59.390868228970625
2025-03-02 15:00:00,65.63751149396688
2025-03-02 16:00:00,53.67910573284254
2025-03-02 17:00:00,33.37273940045405
2025-03-02 18:00:00,70.96635767992792
2025-03-02 19:00:00,84.61149614623181
2025-03-02 20:00:00,81.01125672557646
2025-03-02 21:00:00,16.452715380057143
2025-03-02 22:00:00,13.92056538
2025-03-02 23:00:00,12.883587496464774
2025-03-03 00:00:00,12.593061535042857
2025-03-03 01:00:00,13.120964419645293
2025-03-03 02:00:00,13.139867304247726
2025-03-03 03:00:00,12.986744227428247
2025-03-03 04:00:00,12.62358941998198
2025-03-03 05:00:00,13.291890381067208
2025-03-03 06:00:00,14.380554803406005
2025-03-03 07:00:00,62.01212593987387
2025-03-03 08:00:00,154.78028840637336
2025-03-03 09:00:00,166.72159128289528
2025-03-03 10:00:00,165.09984609168833
2025-03-03 11:00:00,108.39568936207158
2025-03-03 12:00:00,80.36583552244431
2025-03-03 13:00:00,61.41577399682873
2025-03-03 14:00:00,59.390868228970625
2025-03-03 15:00:00,65.63751149396688
2025-03-03 16:00:00,53.67910573284254
2025-03-03 17:00:00,33.37273940045405
2025-03-03 18:00:00,18.262357679927923
2025-03-03 19:00:00,11.232496146231817
2025-03-03 20:00:00,7.66025672557646
2025-03-03 21:00:00,6.724215380057143
2025-03-03 22:00:00,5.73086538
2025-03-03 23:00:00,5.215087496464773
2025-03-04 00:00:00,5.043161535042857
2025-03-04 01:00:00,5.062264419645293
2025-03-04 02:00:00,5.081367304247727
2025-03-04 03:00:00,4.928544227428247
2025-03-04 04:00:00,4.565589419981981
2025-03-04 05:00:00,5.234190381067209
2025-03-04 06:00:00,6.323054803406006
2025-03-04 07:00:00,31.959125939873868
2025-03-04 08:00:00,81.37828840637337
2025-03-04 09:00:00,93.31759128289528
2025-03-04 10:00:00,91.69384609168831
2025-03-04 11:00:00,89.99368936207158
2025-03-04 12:00:00,80.36583552244431
2025-03-04 13:00:00,61.41577399682873
2025-03-04 14:00:00,59.390868228970625
2025-03-04 15:00:00,65.63751149396688
2025-03-04 16:00:00,53.67910573284254
2025-03-04 17:00:00,33.37273940045405
2025-03-04 18:00:00,18.262357679927923
2025-03-04 19:00:00,11.232496146231817
2025-03-04 20:00:00,7.66025672557646
2025-03-04 21:00:00,6.724215380057143
2025-03-04 22:00:00,5.73086538
2025-03-04 23:00:00,5.215087496464773
2025-03-05 00:00:00,5.043161535042857
2025-03-05 01:00:00,5.062264419645293
2025-03-05 02:00:00,5.081367304247727
2025-03-05 03:00:00,4.928544227428247
2025-03-05 04:00:00,4.565589419981981
2025-03-05 05:00:00,5.234190381067209
2025-03-05 06:00:00,6.323054803406006
2025-03-05 07:00:00,48.50612593987387
2025-03-05 08:00:00,125.38128840637337
2025-03-05 09:00:00,170.32659128289527
2025-03-05 10:00:00,168.70984609168832
2025-03-05 11:00:00,100.22968936207158
2025-03-05 12:00:00,80.36583552244431
2025-03-05 13:00:00,61.41577399682873
2025-03-05 14:00:00,59.390868228970625
2025-03-05 15:00:00,65.63751149396688
2025-03-05 16:00:00,53.67910573284254
2025-03-05 17:00:00,33.37273940045405
2025-03-05 18:00:00,18.262357679927923
2025-03-05 19:00:00,84.58349614623182
2025-03-05 20:00:00,81.06125672557646
2025-03-05 21:00:00,55.75621538005714
2025-03-05 22:00:00,18.49286538
2025-03-05 23:00:00,12.786887496464772
2025-03-06 00:00:00,12.794426919813636
2025-03-06 01:00:00,12.870538458223377
2025-03-06 02:00:00,12.889341342825812
2025-03-06 03:00:00,12.659906727596592
2025-03-06 04:00:00,12.640503842994157
2025-03-06 05:00:00,13.041364419645292
2025-03-06 06:00:00,13.442324996296428
2025-03-06 07:00:00,57.62014518851347
2025-03-06 08:00:00,7.3546105719375
2025-03-06 09:00:00,64.69326537803701
2025-03-06 10:00:00,66.03336441560504
2025-03-06 11:00:00,42.972821146568506
2025-03-06 12:00:00,31.647956724229708
2025-03-06 13:00:00,29.92969711001055
2025-03-06 14:00:00,6.514083649430358
2025-03-06 15:00:00,6.571392303237662
2025-03-06 16:00:00,6.284849034201136
2025-03-06 17:00:00,6.3039519188035715
2025-03-06 18:00:00,52.50918653403279
2025-03-06 19:00:00,79.90118653403279
2025-03-06 20:00:00,79.5614374957914
2025-03-06 21:00:00,71.77670480407939
2025-03-06 22:00:00,5.215087496464773
2025-03-06 23:00:00,5.329704804079383
2025-03-07 00:00:00,4.794824035211201
2025-03-07 01:00:00,4.890338458223377
2025-03-07 02:00:00,4.9094413428258115
2025-03-07 03:00:00,4.680206727596591
2025-03-07 04:00:00,4.661103842994156
2025-03-07 05:00:00,5.062264419645293
2025-03-07 06:00:00,5.482527880898864
2025-03-07 07:00:00,78.79001345788669
2025-03-07 08:00:00,49.599145188513475
2025-03-07 09:00:00,82.8353798037427
2025-03-07 10:00:00,82.74686538
2025-03-07 11:00:00,16.23430576516461
2025-03-07 12:00:00,6.036511536
2025-03-07 13:00:00,5.539836534706169
2025-03-07 14:00:00,5.558939419308604
2025-03-07 15:00:00,5.998305765164609
2025-03-07 16:00:00,6.189334611188961
2025-03-07 17:00:00,6.074717303574351
2025-03-07 18:00:00,59.27639230323766
2025-03-07 19:00:00,79.93428941863523
2025-03-07 20:00:00,79.48802595738165
2025-03-07 21:00:00,13.291376919140259
2025-03-07 22:00:00,12.958013457886688
2025-03-07 23:00:00,12.825096150272078
2025-03-08 00:00:00,13.107261535042856
2025-03-08 01:00:00,13.126164419645292
2025-03-08 02:00:00,13.144967304247725
2025-03-08 03:00:00,12.991944227428247
2025-03-08 04:00:00,12.628789419981981
2025-03-08 05:00:00,13.29709038106721
2025-03-08 06:00:00,79.72505480340601
2025-03-08 07:00:00,105.36222593987387
2025-03-08 08:00:00,81.37828840637337
2025-03-08 09:00:00,148.30559128289528
2025-03-08 10:00:00,146.70484609168832
2025-03-08 11:00:00,122.23068936207159
2025-03-08 12:00:00,102.36683552244432
2025-03-08 13:00:00,71.52877399682873
2025-03-08 14:00:00,81.39386822897063
2025-03-08 15:00:00,65.63751149396688
2025-03-08 16:00:00,53.67910573284254
2025-03-08 17:00:00,33.37273940045405
2025-03-08 18:00:00,70.96635767992792
2025-03-08 19:00:00,84.61049614623181
2025-03-08 20:00:00,81.00925672557646
2025-03-08 21:00:00,14.288815380057144
2025-03-08 22:00:00,13.29796538
2025-03-08 23:00:00,12.772187496464774
2025-03-09 00:00:00,12.597861535042856
2025-03-09 01:00:00,12.616164419645292
2025-03-09 02:00:00,12.634467304247726
2025-03-09 03:00:00,12.481344227428249
2025-03-09 04:00:00,12.118089419981981
2025-03-09 05:00:00,29.992190381067207
2025-03-09 06:00:00,77.742054803406
2025-03-09 07:00:00,105.36212593987388
2025-03-09 08:00:00,125.38028840637338
2025-03-09 09:00:00,170.3255912828953
2025-03-09 10:00:00,168.70984609168832
2025-03-09 11:00:00,100.22968936207158
2025-03-09 12:00:00,80.36583552244431
2025-03-09 13:00:00,61.41577399682873
2025-03-09 14:00:00,59.390868228970625
2025-03-09 15:00:00,65.63751149396688
2025-03-09 16:00:00,53.67910573284254
2025-03-09 17:00:00,33.37273940045405
2025-03-09 18:00:00,70.96335767992792
2025-03-09 19:00:00,84.60149614623182
2025-03-09 20:00:00,81.01525672557646
2025-03-09 21:00:00,18.009215380057142
2025-03-09 22:00:00,14.12796538
2025-03-09 23:00:00,13.055387496464773
2025-03-10 00:00:00,12.639761535042856
2025-03-10 01:00:00,12.634164419645293
2025-03-10 02:00:00,12.635267304247726
2025-03-10 03:00:00,12.481144227428247
2025-03-10 04:00:00,12.117989419981981
2025-03-10 05:00:00,12.786490381067209
2025-03-10 06:00:00,13.875254803406005
2025-03-10 07:00:00,95.83265593987387
2025-03-10 08:00:00,154.78228840637337
2025-03-10 09:00:00,166.72259128289528
2025-03-10 10:00:00,110.09584609168832
2025-03-10 11:00:00,97.22288936207158
2025-03-10 12:00:00,80.36583552244431
2025-03-10 13:00:00,61.41577399682873
2025-03-10 14:00:00,59.390868228970625
2025-03-10 15:00:00,65.63751149396688
2025-03-10 16:00:00,53.67910573284254
2025-03-10 17:00:00,33.37273940045405
2025-03-10 18:00:00,18.262357679927923
2025-03-10 19:00:00,11.232496146231817
2025-03-10 20:00:00,7.66025672557646
2025-03-10 21:00:00,6.724215380057143
2025-03-10 22:00:00,5.73086538
2025-03-10 23:00:00,5.215087496464773
2025-03-11 00:00:00,5.043161535042857
2025-03-11 01:00:00,5.062264419645293
2025-03-11 02:00:00,5.081367304247727
2025-03-11 03:00:00,4.928544227428247
2025-03-11 04:00:00,4.565589419981981
2025-03-11 05:00:00,5.234190381067209
2025-03-11 06:00:00,6.323054803406006
2025-03-11 07:00:00,31.959125939873868
2025-03-11 08:00:00,81.37828840637337
2025-03-11 09:00:00,93.31759128289528
2025-03-11 10:00:00,91.69384609168831
2025-03-11 11:00:00,89.99368936207158
2025-03-11 12:00:00,80.36583552244431
2025-03-11 13:00:00,61.41577399682873
2025-03-11 14:00:00,59.390868228970625
2025-03-11 15:00:00,65.63751149396688
2025-03-11 16:00:00,53.67910573284254
2025-03-11 17:00:00,33.37273940045405
2025-03-11 18:00:00,18.262357679927923
2025-03-11 19:00:00,11.232496146231817
2025-03-11 20:00:00,7.66025672557646
2025-03-11 21:00:00,6.724215380057143
2025-03-11 22:00:00,5.73086538
2025-03-11 23:00:00,5.215087496464773
2025-03-12 00:00:00,5.043161535042857
2025-03-12 01:00:00,5.062264419645293
2025-03-12 02:00:00,5.081367304247727
2025-03-12 03:00:00,4.928544227428247
2025-03-12 04:00:00,4.565589419981981
2025-03-12 05:00:00,5.234190381067209
2025-03-12 06:00:00,6.323054803406006
2025-03-12 07:00:00,31.959125939873868
2025-03-12 08:00:00,81.37828840637337
2025-03-12 09:00:00,126.32259128289527
2025-03-12 10:00:00,124.70484609168832
2025-03-12 11:00:00,100.22968936207158
2025-03-12 12:00:00,80.36583552244431
2025-03-12 13:00:00,61.41577399682873
2025-03-12 14:00:00,59.390868228970625
2025-03-12 15:00:00,65.63751149396688
2025-03-12 16:00:00,53.67910573284254
2025-03-12 17:00:00,33.37273940045405
2025-03-12 18:00:00,18.262357679927923
2025-03-12 19:00:00,84.60149614623182
2025-03-12 20:00:00,81.06125672557646
2025-03-12 21:00:00,55.70521538005715
2025-03-12 22:00:00,18.47986538
2025-03-12 23:00:00,12.777587496464772
2025-03-13 00:00:00,12.784926919813635
2025-03-13 01:00:00,12.861138458223376
2025-03-13 02:00:00,12.879941342825813
2025-03-13 03:00:00,12.650506727596591
2025-03-13 04:00:00,12.631103842994156
2025-03-13 05:00:00,13.031964419645291
2025-03-13 06:00:00,13.432924996296428
2025-03-13 07:00:00,57.70514518851347
2025-03-13 08:00:00,35.8886105719375
2025-03-13 09:00:00,108.712265378037
2025-03-13 10:00:00,110.03736441560503
2025-03-13 11:00:00,42.972821146568506
2025-03-13 12:00:00,31.648956724229706
2025-03-13 13:00:00,29.930697110010552
2025-03-13 14:00:00,6.514083649430358
2025-03-13 15:00:00,6.571392303237662
2025-03-13 16:00:00,6.284849034201136
2025-03-13 17:00:00,6.3039519188035715
2025-03-13 18:00:00,52.50918653403279
2025-03-13 19:00:00,79.9001865340328
2025-03-13 20:00:00,79.5614374957914
2025-03-13 21:00:00,71.80070480407939
2025-03-13 22:00:00,5.215087496464773
2025-03-13 23:00:00,5.329704804079383
2025-03-14 00:00:00,4.794824035211201
2025-03-14 01:00:00,4.890338458223377
2025-03-14 02:00:00,4.9094413428258115
2025-03-14 03:00:00,4.680206727596591
2025-03-14 04:00:00,4.661103842994156
2025-03-14 05:00:00,5.062264419645293
2025-03-14 06:00:00,5.482527880898864
2025-03-14 07:00:00,78.78961345788667
2025-03-14 08:00:00,5.597145188513474
2025-03-14 09:00:00,33.80337980374269
2025-03-14 10:00:00,82.74386538
2025-03-14 11:00:00,50.00330576516461
2025-03-14 12:00:00,24.696511536
2025-03-14 13:00:00,5.539836534706169
2025-03-14 14:00:00,5.558939419308604
2025-03-14 15:00:00,5.998305765164609
2025-03-14 16:00:00,6.189334611188961
2025-03-14 17:00:00,6.074717303574351
2025-03-14 18:00:00,59.27639230323766
2025-03-14 19:00:00,79.93428941863523
2025-03-14 20:00:00,76.52702595738165
2025-03-14 21:00:00,5.80727691914026
2025-03-14 22:00:00,12.716613457886687
2025-03-14 23:00:00,12.601796150272076
2025-03-15 00:00:00,12.372461535042856
2025-03-15 01:00:00,12.391364419645292
2025-03-15 02:00:00,12.410267304247727
2025-03-15 03:00:00,12.257244227428249
2025-03-15 04:00:00,11.89408941998198
2025-03-15 05:00:00,12.562490381067208
2025-03-15 06:00:00,79.72505480340601
2025-03-15 07:00:00,105.36182593987387
2025-03-15 08:00:00,81.37828840637337
2025-03-15 09:00:00,148.32159128289527
2025-03-15 10:00:00,146.70284609168831
2025-03-15 11:00:00,135.55468936207157
2025-03-15 12:00:00,102.36783552244431
2025-03-15 13:00:00,83.41877399682873
2025-03-15 14:00:00,59.390868228970625
2025-03-15 15:00:00,65.63751149396688
2025-03-15 16:00:00,53.67910573284254
2025-03-15 17:00:00,33.37273940045405
2025-03-15 18:00:00,70.96735767992791
2025-03-15 19:00:00,84.61349614623182
2025-03-15 20:00:00,81.01425672557646
2025-03-15 21:00:00,14.299015380057142
2025-03-15 22:00:00,13.30866538
2025-03-15 23:00:00,12.771687496464773
2025-03-16 00:00:00,12.596961535042857
2025-03-16 01:00:00,12.615264419645293
2025-03-16 02:00:00,12.634267304247727
2025-03-16 03:00:00,12.481344227428249
2025-03-16 04:00:00,12.11838941998198
2025-03-16 05:00:00,29.972190381067207
2025-03-16 06:00:00,79.440654803406
2025-03-16 07:00:00,121.90812593987387
2025-03-16 08:00:00,125.38128840637337
2025-03-16 09:00:00,170.32659128289527
2025-03-16 10:00:00,124.70484609168832
2025-03-16 11:00:00,100.22968936207158
2025-03-16 12:00:00,80.36583552244431
2025-03-16 13:00:00,61.41577399682873
2025-03-16 14:00:00,59.390868228970625
2025-03-16 15:00:00,65.63751149396688
2025-03-16 16:00:00,53.67910573284254
2025-03-16 17:00:00,33.37273940045405
2025-03-16 18:00:00,70.96435767992793
2025-03-16 19:00:00,84.6034961462318
2025-03-16 20:00:00,81.01925672557645
2025-03-16 21:00:00,17.954215380057143
2025-03-16 22:00:00,14.08366538
2025-03-16 23:00:00,13.013287496464773
2025-03-17 00:00:00,12.598661535042858
2025-03-17 01:00:00,13.122364419645294
2025-03-17 02:00:00,13.141167304247727
2025-03-17 03:00:00,12.988144227428247
2025-03-17 04:00:00,12.624889419981981
2025-03-17 05:00:00,13.293290381067209
2025-03-17 06:00:00,14.381854803406005
2025-03-17 07:00:00,38.85782593987387
2025-03-17 08:00:00,154.7812884063734
2025-03-17 09:00:00,166.72159128289528
2025-03-17 10:00:00,165.09984609168833
2025-03-17 11:00:00,153.78968936207158
2025-03-17 12:00:00,80.36583552244431
2025-03-17 13:00:00,61.41577399682873
2025-03-17 14:00:00,59.390868228970625
2025-03-17 15:00:00,65.63751149396688
2025-03-17 16:00:00,53.67910573284254
2025-03-17 17:00:00,33.37273940045405
2025-03-17 18:00:00,18.262357679927923
2025-03-17 19:00:00,11.232496146231817
2025-03-17 20:00:00,7.66025672557646
2025-03-17 21:00:00,6.724215380057143
2025-03-17 22:00:00,5.73086538
2025-03-17 23:00:00,5.215087496464773
2025-03-18 00:00:00,5.043161535042857
2025-03-18 01:00:00,5.062264419645293
2025-03-18 02:00:00,5.081367304247727
2025-03-18 03:00:00,4.928544227428247
2025-03-18 04:00:00,4.565589419981981
2025-03-18 05:00:00,5.234190381067209
2025-03-18 06:00:00,6.323054803406006
2025-03-18 07:00:00,31.959125939873868
2025-03-18 08:00:00,81.37828840637337
2025-03-18 09:00:00,93.31759128289528
2025-03-18 10:00:00,91.69384609168831
2025-03-18 11:00:00,89.99368936207158
2025-03-18 12:00:00,80.36583552244431
2025-03-18 13:00:00,61.41577399682873
2025-03-18 14:00:00,59.390868228970625
2025-03-18 15:00:00,65.63751149396688
2025-03-18 16:00:00,53.67910573284254
2025-03-18 17:00:00,33.37273940045405
2025-03-18 18:00:00,18.262357679927923
2025-03-18 19:00:00,11.232496146231817
2025-03-18 20:00:00,7.66025672557646
2025-03-18 21:00:00,6.724215380057143
2025-03-18 22:00:00,5.73086538
2025-03-18 23:00:00,5.215087496464773
2025-03-19 00:00:00,5.043161535042857
2025-03-19 01:00:00,5.062264419645293
2025-03-19 02:00:00,5.081367304247727
2025-03-19 03:00:00,4.928544227428247
2025-03-19 04:00:00,4.565589419981981
2025-03-19 05:00:00,5.234190381067209
2025-03-19 06:00:00,6.323054803406006
2025-03-19 07:00:00,31.959125939873868
2025-03-19 08:00:00,81.37828840637337
2025-03-19 09:00:00,126.32259128289527
2025-03-19 10:00:00,168.7078460916883
2025-03-19 11:00:00,144.23468936207158
2025-03-19 12:00:00,97.68083552244431
2025-03-19 13:00:00,61.41577399682873
2025-03-19 14:00:00,59.390868228970625
2025-03-19 15:00:00,65.63751149396688
2025-03-19 16:00:00,53.67910573284254
2025-03-19 17:00:00,33.37273940045405
2025-03-19 18:00:00,18.262357679927923
2025-03-19 19:00:00,84.56449614623182
2025-03-19 20:00:00,81.06225672557646
2025-03-19 21:00:00,56.05221538005715
2025-03-19 22:00:00,18.57386538
2025-03-19 23:00:00,12.843687496464772
2025-03-20 00:00:00,12.850226919813636
2025-03-20 01:00:00,12.926338458223377
2025-03-20 02:00:00,12.945141342825812
2025-03-20 03:00:00,12.715706727596592
2025-03-20 04:00:00,12.696303842994155
2025-03-20 05:00:00,13.097164419645292
2025-03-20 06:00:00,13.498124996296427
2025-03-20 07:00:00,54.486145188513476
2025-03-20 08:00:00,7.3546105719375
2025-03-20 09:00:00,64.68726537803701
2025-03-20 10:00:00,66.03336441560504
2025-03-20 11:00:00,42.972821146568506
2025-03-20 12:00:00,31.648956724229706
2025-03-20 13:00:00,29.930697110010552
2025-03-20 14:00:00,6.514083649430358
2025-03-20 15:00:00,6.571392303237662
2025-03-20 16:00:00,6.284849034201136
2025-03-20 17:00:00,6.3039519188035715
2025-03-20 18:00:00,18.05864653403279
2025-03-20 19:00:00,79.90118653403279
2025-03-20 20:00:00,79.5614374957914
2025-03-20 21:00:00,43.94270480407938
2025-03-20 22:00:00,15.069487496464774
2025-03-20 23:00:00,13.353104804079383
2025-03-21 00:00:00,11.92693172793328
2025-03-21 01:00:00,11.379065382077272
2025-03-21 02:00:00,11.352168266679707
2025-03-21 03:00:00,11.620411535716233
2025-03-21 04:00:00,11.316468266679708
2025-03-21 05:00:00,11.315568266679707
2025-03-21 06:00:00,28.9050986511138
2025-03-21 07:00:00,98.59837115128215
2025-03-21 08:00:00,47.594342304
2025-03-21 09:00:00,79.01194807446265
2025-03-21 10:00:00,68.835342304
2025-03-21 11:00:00,14.018371151282143
2025-03-21 12:00:00,4.049811535716233
2025-03-21 13:00:00,3.7632682666797073
2025-03-21 14:00:00,3.7632682666797073
2025-03-21 15:00:00,4.030708651113799
2025-03-21 16:00:00,3.801474035884579
2025-03-21 17:00:00,3.534033651450487
2025-03-21 18:00:00,56.694302881908925
2025-03-21 19:00:00,77.76266345856007
2025-03-21 20:00:00,77.71145768935519
2025-03-21 21:00:00,71.47342884333084
2025-03-21 22:00:00,3.935194228
2025-03-21 23:00:00,4.011605766511363
2025-03-22 00:00:00,3.7632682666797073
2025-03-22 01:00:00,3.591342304
2025-03-22 02:00:00,3.610445189860227
2025-03-22 03:00:00,3.6486509590650975
2025-03-22 04:00:00,3.553136536052922
2025-03-22 05:00:00,5.062264419645293
2025-03-22 06:00:00,57.094639419308606
2025-03-22 07:00:00,98.94355671345568
2025-03-22 08:00:00,64.58685284083296
2025-03-22 09:00:00,129.88641052614787
2025-03-22 10:00:00,130.10443937217224
2025-03-22 11:00:00,107.55967398740148
2025-03-22 12:00:00,91.38367687604416
2025-03-22 13:00:00,75.79572304045715
2025-03-22 14:00:00,60.595398041467206
2025-03-22 15:00:00,57.82443169157096
2025-03-22 16:00:00,46.93578746818295
2025-03-22 17:00:00,28.13854901938685
2025-03-22 18:00:00,65.78747595266802
2025-03-22 19:00:00,81.83257787887874
2025-03-22 20:00:00,79.77567211102061
2025-03-22 21:00:00,14.481884611862338
2025-03-22 22:00:00,12.270174996969805
2025-03-22 23:00:00,11.83473172793328
2025-03-23 00:00:00,11.367768266679708
2025-03-23 01:00:00,11.151542304
2025-03-23 02:00:00,11.167045189860227
2025-03-23 03:00:00,11.203050959065099
2025-03-23 04:00:00,11.106736536052923
2025-03-23 05:00:00,12.615064419645293
2025-03-23 06:00:00,31.511509419308602
2025-03-23 07:00:00,120.66055671345569
2025-03-23 08:00:00,108.58985284083296
2025-03-23 09:00:00,151.91141052614788
2025-03-23 10:00:00,138.34643937217226
2025-03-23 11:00:00,85.55867398740148
2025-03-23 12:00:00,69.38167687604417
2025-03-23 13:00:00,53.793723040457145
2025-03-23 14:00:00,52.30369804146721
2025-03-23 15:00:00,57.82443169157096
2025-03-23 16:00:00,46.93578746818295
2025-03-23 17:00:00,28.13854901938685
2025-03-23 18:00:00,65.78967595266802
2025-03-23 19:00:00,81.84257787887873
2025-03-23 20:00:00,79.78967211102062
2025-03-23 21:00:00,76.68298461186234
2025-03-23 22:00:00,4.470074996969806
2025-03-23 23:00:00,4.183531727933279
2025-03-24 00:00:00,3.7632682666797073
2025-03-24 01:00:00,3.591342304
2025-03-24 02:00:00,3.610445189860227
2025-03-24 03:00:00,3.6486509590650975
2025-03-24 04:00:00,3.553136536052922
2025-03-24 05:00:00,5.062264419645293
2025-03-24 06:00:00,13.449139419308604
2025-03-24 07:00:00,98.94255671345569
2025-03-24 08:00:00,137.99085284083296
2025-03-24 09:00:00,148.30741052614786
2025-03-24 10:00:00,130.09843937217224
2025-03-24 11:00:00,98.86467398740147
2025-03-24 12:00:00,69.38167687604417
2025-03-24 13:00:00,53.793723040457145
2025-03-24 14:00:00,52.30369804146721
2025-03-24 15:00:00,57.82443169157096
2025-03-24 16:00:00,46.93578746818295
2025-03-24 17:00:00,28.13854901938685
2025-03-24 18:00:00,13.085475952668018
2025-03-24 19:00:00,8.462577878878731
2025-03-24 20:00:00,6.4376721110206185
2025-03-24 21:00:00,5.195984611862338
2025-03-24 22:00:00,4.470074996969806
2025-03-24 23:00:00,4.183531727933279
2025-03-25 00:00:00,3.7632682666797073
2025-03-25 01:00:00,3.591342304
2025-03-25 02:00:00,3.610445189860227
2025-03-25 03:00:00,3.6486509590650975
2025-03-25 04:00:00,3.553136536052922
2025-03-25 05:00:00,5.062264419645293
2025-03-25 06:00:00,5.558939419308604
2025-03-25 07:00:00,25.540556713455686
2025-03-25 08:00:00,64.58685284083296
2025-03-25 09:00:00,74.90241052614788
2025-03-25 10:00:00,75.09343937217224
2025-03-25 11:00:00,75.32267398740147
2025-03-25 12:00:00,69.38167687604417
2025-03-25 13:00:00,53.793723040457145
2025-03-25 14:00:00,52.30369804146721
2025-03-25 15:00:00,57.82443169157096
2025-03-25 16:00:00,46.93578746818295
2025-03-25 17:00:00,28.13854901938685
2025-03-25 18:00:00,13.085475952668018
2025-03-25 19:00:00,8.462577878878731
2025-03-25 20:00:00,6.4376721110206185
2025-03-25 21:00:00,5.195984611862338
2025-03-25 22:00:00,4.470074996969806
2025-03-25 23:00:00,4.183531727933279
2025-03-26 00:00:00,3.7632682666797073
2025-03-26 01:00:00,3.591342304
2025-03-26 02:00:00,3.610445189860227
2025-03-26 03:00:00,3.6486509590650975
2025-03-26 04:00:00,3.553136536052922
2025-03-26 05:00:00,5.062264419645293
2025-03-26 06:00:00,5.558939419308604
2025-03-26 07:00:00,25.540556713455686
2025-03-26 08:00:00,64.58685284083296
2025-03-26 09:00:00,107.90741052614788
2025-03-26 10:00:00,108.10443937217224
2025-03-26 11:00:00,85.55867398740148
2025-03-26 12:00:00,69.38167687604417
2025-03-26 13:00:00,53.793723040457145
2025-03-26 14:00:00,52.30369804146721
2025-03-26 15:00:00,57.82443169157096
2025-03-26 16:00:00,46.93578746818295
2025-03-26 17:00:00,28.13854901938685
2025-03-26 18:00:00,13.085475952668018
2025-03-26 19:00:00,81.79857787887873
2025-03-26 20:00:00,79.83867211102061
2025-03-26 21:00:00,60.22798461186233
2025-03-26 22:00:00,4.470074996969806
2025-03-26 23:00:00,4.183531727933279
2025-03-27 00:00:00,3.9733999973064935
2025-03-27 01:00:00,3.820576920487013
2025-03-27 02:00:00,3.553136536052922
2025-03-27 03:00:00,3.8396798050894487
2025-03-27 04:00:00,3.7632682666797073
2025-03-27 05:00:00,3.9542971127040576
2025-03-27 06:00:00,4.33635480475276
2025-03-27 07:00:00,73.14705865044041
2025-03-27 08:00:00,28.545355764
2025-03-27 09:00:00,110.928199992
2025-03-27 10:00:00,110.89799422271462
2025-03-27 11:00:00,76.73519999199999
2025-03-27 12:00:00,32.47038076213442
2025-03-27 13:00:00,29.62505095637159
2025-03-27 14:00:00,6.017408649767045
2025-03-27 15:00:00,5.616248073115909
2025-03-27 16:00:00,5.253293265669643
2025-03-27 17:00:00,4.852132689018506
2025-03-27 18:00:00,50.638103842994155
2025-03-27 19:00:00,78.08941249680146
2025-03-27 20:00:00,77.96189807378929
2025-03-27 21:00:00,78.5205730734526
2025-03-27 22:00:00,5.138675958055032
2025-03-27 23:00:00,4.470074996969806
2025-03-28 00:00:00,4.183531727933279
2025-03-28 01:00:00,3.7441653820772727
2025-03-28 02:00:00,3.7632682666797073
2025-03-28 03:00:00,4.049811535716233
2025-03-28 04:00:00,3.7632682666797073
2025-03-28 05:00:00,3.7632682666797073
2025-03-28 06:00:00,21.680608651113797
2025-03-28 07:00:00,77.18537115128215
2025-03-28 08:00:00,3.591342304
2025-03-28 09:00:00,36.634548074462664
2025-03-28 10:00:00,36.602342304000004
2025-03-28 11:00:00,14.018371151282143
2025-03-28 12:00:00,4.049811535716233
2025-03-28 13:00:00,3.7632682666797073
2025-03-28 14:00:00,3.7632682666797073
2025-03-28 15:00:00,4.030708651113799
2025-03-28 16:00:00,3.801474035884579
2025-03-28 17:00:00,3.534033651450487
2025-03-28 18:00:00,56.696402881908924
2025-03-28 19:00:00,77.77266345856007
2025-03-28 20:00:00,77.70645768935519
2025-03-28 21:00:00,71.23342884333084
2025-03-28 22:00:00,3.935194228
2025-03-28 23:00:00,4.011605766511363
2025-03-29 00:00:00,3.7632682666797073
2025-03-29 01:00:00,3.591342304
2025-03-29 02:00:00,3.610445189860227
2025-03-29 03:00:00,3.6486509590650975
2025-03-29 04:00:00,3.553136536052922
2025-03-29 05:00:00,5.062264419645293
2025-03-29 06:00:00,66.0769394193086
2025-03-29 07:00:00,142.95055671345568
2025-03-29 08:00:00,108.59085284083295
2025-03-29 09:00:00,173.91341052614786
2025-03-29 10:00:00,130.10443937217224
2025-03-29 11:00:00,107.55967398740148
2025-03-29 12:00:00,91.38367687604416
2025-03-29 13:00:00,75.79672304045715
2025-03-29 14:00:00,52.30369804146721
2025-03-29 15:00:00,57.82443169157096
2025-03-29 16:00:00,46.93578746818295
2025-03-29 17:00:00,28.13854901938685
2025-03-29 18:00:00,33.19717595266802
2025-03-29 19:00:00,81.84757787887874
2025-03-29 20:00:00,79.79867211102062
2025-03-29 21:00:00,53.66998461186233
2025-03-29 22:00:00,17.275074996969806
2025-03-29 23:00:00,11.877031727933279
2025-03-30 00:00:00,11.336968266679706
2025-03-30 01:00:00,11.147442304
2025-03-30 02:00:00,7.5534
2025-03-30 03:00:00,11.163445189860226
2025-03-30 04:00:00,11.201650959065098
2025-03-30 05:00:00,11.61753653605292
2025-03-30 06:00:00,75.61116441964529
2025-03-30 07:00:00,78.9629394193086
2025-03-30 08:00:00,25.540556713455686
2025-03-30 09:00:00,97.59185284083296
2025-03-30 10:00:00,107.91341052614789
2025-03-30 11:00:00,85.32943937217225
2025-03-30 12:00:00,75.32267398740147
2025-03-30 13:00:00,69.38167687604417
2025-03-30 14:00:00,53.793723040457145
2025-03-30 15:00:00,52.30369804146721
2025-03-30 16:00:00,57.82443169157096
2025-03-30 17:00:00,46.93578746818295
2025-03-30 18:00:00,48.249349019386855
2025-03-30 19:00:00,86.46447595266802
2025-03-30 20:00:00,81.83157787887873
2025-03-30 21:00:00,54.58367211102062
2025-03-30 22:00:00,17.87798461186234
2025-03-30 23:00:00,12.031374996969806
2025-03-31 00:00:00,12.15393172793328
2025-03-31 01:00:00,11.733368266679708
2025-03-31 02:00:00,11.561242304
2025-03-31 03:00:00,11.580045189860227
2025-03-31 04:00:00,11.618050959065098
2025-03-31 05:00:00,11.522236536052922
2025-03-31 06:00:00,11.961024419645293
2025-03-31 07:00:00,68.4744994193086
2025-03-31 08:00:00,98.94455671345568
2025-03-31 09:00:00,137.99285284083297
2025-03-31 10:00:00,74.90241052614788
2025-03-31 11:00:00,75.09343937217224
2025-03-31 12:00:00,75.32267398740147
2025-03-31 13:00:00,69.38167687604417
2025-03-31 14:00:00,53.793723040457145
2025-03-31 15:00:00,52.30369804146721
2025-03-31 16:00:00,57.82443169157096
2025-03-31 17:00:00,46.93578746818295
2025-03-31 18:00:00,28.13854901938685
2025-03-31 19:00:00,13.085475952668018
2025-03-31 20:00:00,8.462577878878731
2025-03-31 21:00:00,6.4376721110206185
2025-03-31 22:00:00,5.195984611862338
2025-03-31 23:00:00,4.470074996969806
2025-04-01 00:00:00,4.183531727933279
2025-04-01 01:00:00,3.7632682666797073
2025-04-01 02:00:00,3.591342304
2025-04-01 03:00:00,3.610445189860227
2025-04-01 04:00:00,3.6486509590650975
2025-04-01 05:00:00,3.553136536052922
2025-04-01 06:00:00,5.062264419645293
2025-04-01 07:00:00,5.558939419308604
2025-04-01 08:00:00,25.540556713455686
2025-04-01 09:00:00,64.58685284083296
2025-04-01 10:00:00,74.90241052614788
2025-04-01 11:00:00,75.09343937217224
2025-04-01 12:00:00,75.32267398740147
2025-04-01 13:00:00,69.38167687604417
2025-04-01 14:00:00,53.793723040457145
2025-04-01 15:00:00,52.30369804146721
2025-04-01 16:00:00,57.82443169157096
2025-04-01 17:00:00,46.93578746818295
2025-04-01 18:00:00,28.13854901938685
2025-04-01 19:00:00,13.085475952668018
2025-04-01 20:00:00,8.462577878878731
2025-04-01 21:00:00,6.4376721110206185
2025-04-01 22:00:00,5.195984611862338
2025-04-01 23:00:00,4.470074996969806
2025-04-02 00:00:00,4.183531727933279
2025-04-02 01:00:00,3.7632682666797073
2025-04-02 02:00:00,3.591342304
2025-04-02 03:00:00,3.610445189860227
2025-04-02 04:00:00,3.6486509590650975
2025-04-02 05:00:00,3.553136536052922
2025-04-02 06:00:00,5.062264419645293
2025-04-02 07:00:00,49.56093941930861
2025-04-02 08:00:00,69.54455671345568
2025-04-02 09:00:00,141.59685284083298
2025-04-02 10:00:00,107.91341052614789
2025-04-02 11:00:00,85.32943937217225
2025-04-02 12:00:00,75.32267398740147
2025-04-02 13:00:00,69.38167687604417
2025-04-02 14:00:00,53.793723040457145
2025-04-02 15:00:00,52.30369804146721
2025-04-02 16:00:00,57.82443169157096
2025-04-02 17:00:00,46.93578746818295
2025-04-02 18:00:00,28.13854901938685
2025-04-02 19:00:00,86.44347595266802
2025-04-02 20:00:00,81.86357787887873
2025-04-02 21:00:00,61.118672111020615
2025-04-02 22:00:00,5.195984611862338
2025-04-02 23:00:00,4.470074996969806
2025-04-03 00:00:00,4.183531727933279
2025-04-03 01:00:00,3.9733999973064935
2025-04-03 02:00:00,3.820576920487013
2025-04-03 03:00:00,3.553136536052922
2025-04-03 04:00:00,3.8396798050894487
2025-04-03 05:00:00,3.7632682666797073
2025-04-03 06:00:00,10.852997112704058
2025-04-03 07:00:00,77.73935480475276
2025-04-03 08:00:00,5.0240586504404225
2025-04-03 09:00:00,63.983355764
2025-04-03 10:00:00,66.931199992
2025-04-03 11:00:00,44.11899422271461
2025-04-03 12:00:00,33.922199992
2025-04-03 13:00:00,32.471380762134416
2025-04-03 14:00:00,7.622050956371591
2025-04-03 15:00:00,6.017408649767045
2025-04-03 16:00:00,5.616248073115909
2025-04-03 17:00:00,5.253293265669643
2025-04-03 18:00:00,23.278132689018506
2025-04-03 19:00:00,78.04810384299415
2025-04-03 20:00:00,78.08241249680147
2025-04-03 21:00:00,59.35989807378929
2025-04-03 22:00:00,5.119573073452598
2025-04-03 23:00:00,5.138675958055032
2025-04-04 00:00:00,4.470074996969806
2025-04-04 01:00:00,4.183531727933279
2025-04-04 02:00:00,3.7441653820772727
2025-04-04 03:00:00,3.7632682666797073
2025-04-04 04:00:00,4.049811535716233
2025-04-04 05:00:00,56.76826826667971
2025-04-04 06:00:00,77.1652682666797
2025-04-04 07:00:00,108.2297086511138
2025-04-04 08:00:00,47.78537115128214
2025-04-04 09:00:00,80.600342304
2025-04-04 10:00:00,69.64154807446266
2025-04-04 11:00:00,13.827342304
2025-04-04 12:00:00,3.7823711512821423
2025-04-04 13:00:00,4.049811535716233
2025-04-04 14:00:00,3.7632682666797073
2025-04-04 15:00:00,3.7632682666797073
2025-04-04 16:00:00,4.030708651113799
2025-04-04 17:00:00,3.801474035884579
2025-04-04 18:00:00,64.2560336514505
2025-04-04 19:00:00,77.35950288190894
2025-04-04 20:00:00,77.74666345856006
2025-04-04 21:00:00,13.379557689355195
2025-04-04 22:00:00,11.857428843330844
2025-04-04 23:00:00,11.539594228
2025-04-05 00:00:00,11.571405766511363
2025-04-05 01:00:00,11.319568266679708
2025-04-05 02:00:00,11.145342304
2025-04-05 03:00:00,11.163645189860228
2025-04-05 04:00:00,11.201550959065099
2025-04-05 05:00:00,11.105936536052923
2025-04-05 06:00:00,54.56946441964529
2025-04-05 07:00:00,78.9619394193086
2025-04-05 08:00:00,25.540556713455686
2025-04-05 09:00:00,119.59185284083296
2025-04-05 10:00:00,129.91341052614789
2025-04-05 11:00:00,107.33043937217224
2025-04-05 12:00:00,97.32467398740147
2025-04-05 13:00:00,91.38467687604417
2025-04-05 14:00:00,53.793723040457145
2025-04-05 15:00:00,52.30369804146721
2025-04-05 16:00:00,57.82443169157096
2025-04-05 17:00:00,46.93578746818295
2025-04-05 18:00:00,80.84094901938684
2025-04-05 19:00:00,86.45647595266801
2025-04-05 20:00:00,81.80157787887873
2025-04-05 21:00:00,73.08567211102061
2025-04-05 22:00:00,5.195984611862338
2025-04-05 23:00:00,4.470074996969806
2025-04-06 00:00:00,4.183531727933279
2025-04-06 01:00:00,3.7632682666797073
2025-04-06 02:00:00,3.591342304
2025-04-06 03:00:00,3.610445189860227
2025-04-06 04:00:00,3.6486509590650975
2025-04-06 05:00:00,3.553136536052922
2025-04-06 06:00:00,61.526264419645294
2025-04-06 07:00:00,99.5539394193086
2025-04-06 08:00:00,69.54355671345569
2025-04-06 09:00:00,141.59585284083295
2025-04-06 10:00:00,139.37941052614786
2025-04-06 11:00:00,85.32943937217225
2025-04-06 12:00:00,75.32267398740147
2025-04-06 13:00:00,69.38167687604417
2025-04-06 14:00:00,53.793723040457145
2025-04-06 15:00:00,52.30369804146721
2025-04-06 16:00:00,57.82443169157096
2025-04-06 17:00:00,46.93578746818295
2025-04-06 18:00:00,88.64654901938685
2025-04-06 19:00:00,86.45247595266802
2025-04-06 20:00:00,81.85257787887873
2025-04-06 21:00:00,45.25667211102062
2025-04-06 22:00:00,15.260984611862337
2025-04-06 23:00:00,12.698174996969804
2025-04-07 00:00:00,11.896731727933279
2025-04-07 01:00:00,11.360368266679707
2025-04-07 02:00:00,11.168242304
2025-04-07 03:00:00,11.169745189860228
2025-04-07 04:00:00,11.201050959065096
2025-04-07 05:00:00,11.616536536052921
2025-04-07 06:00:00,39.48726441964529
2025-04-07 07:00:00,78.9629394193086
2025-04-07 08:00:00,98.94555671345569
2025-04-07 09:00:00,125.83885284083297
2025-04-07 10:00:00,93.30441052614788
2025-04-07 11:00:00,75.09343937217224
2025-04-07 12:00:00,75.32267398740147
2025-04-07 13:00:00,69.38167687604417
2025-04-07 14:00:00,53.793723040457145
2025-04-07 15:00:00,52.30369804146721
2025-04-07 16:00:00,57.82443169157096
2025-04-07 17:00:00,46.93578746818295
2025-04-07 18:00:00,28.13854901938685
2025-04-07 19:00:00,13.085475952668018
2025-04-07 20:00:00,8.462577878878731
2025-04-07 21:00:00,6.4376721110206185
2025-04-07 22:00:00,5.195984611862338
2025-04-07 23:00:00,4.470074996969806
2025-04-08 00:00:00,4.183531727933279
2025-04-08 01:00:00,3.7632682666797073
2025-04-08 02:00:00,3.591342304
2025-04-08 03:00:00,3.610445189860227
2025-04-08 04:00:00,3.6486509590650975
2025-04-08 05:00:00,3.553136536052922
2025-04-08 06:00:00,5.062264419645293
2025-04-08 07:00:00,5.558939419308604
2025-04-08 08:00:00,25.540556713455686
2025-04-08 09:00:00,64.58685284083296
2025-04-08 10:00:00,74.90241052614788
2025-04-08 11:00:00,75.09343937217224
2025-04-08 12:00:00,75.32267398740147
2025-04-08 13:00:00,69.38167687604417
2025-04-08 14:00:00,53.793723040457145
2025-04-08 15:00:00,52.30369804146721
2025-04-08 16:00:00,57.82443169157096
2025-04-08 17:00:00,46.93578746818295
2025-04-08 18:00:00,28.13854901938685
2025-04-08 19:00:00,13.085475952668018
2025-04-08 20:00:00,8.462577878878731
2025-04-08 21:00:00,6.4376721110206185
2025-04-08 22:00:00,5.195984611862338
2025-04-08 23:00:00,4.470074996969806
2025-04-09 00:00:00,4.183531727933279
2025-04-09 01:00:00,3.7632682666797073
2025-04-09 02:00:00,3.591342304
2025-04-09 03:00:00,3.610445189860227
2025-04-09 04:00:00,3.6486509590650975
2025-04-09 05:00:00,3.553136536052922
2025-04-09 06:00:00,5.062264419645293
2025-04-09 07:00:00,5.558939419308604
2025-04-09 08:00:00,25.540556713455686
2025-04-09 09:00:00,97.59185284083296
2025-04-09 10:00:00,107.91341052614789
2025-04-09 11:00:00,85.32943937217225
2025-04-09 12:00:00,75.32267398740147
2025-04-09 13:00:00,69.38167687604417
2025-04-09 14:00:00,53.793723040457145
2025-04-09 15:00:00,52.30369804146721
2025-04-09 16:00:00,57.82443169157096
2025-04-09 17:00:00,46.93578746818295
2025-04-09 18:00:00,28.13854901938685
2025-04-09 19:00:00,86.41547595266802
2025-04-09 20:00:00,81.86457787887873
2025-04-09 21:00:00,61.10167211102062
2025-04-09 22:00:00,5.195984611862338
2025-04-09 23:00:00,4.470074996969806
2025-04-10 00:00:00,4.183531727933279
2025-04-10 01:00:00,3.9733999973064935
2025-04-10 02:00:00,3.820576920487013
2025-04-10 03:00:00,3.553136536052922
2025-04-10 04:00:00,3.8396798050894487
2025-04-10 05:00:00,3.7632682666797073
2025-04-10 06:00:00,20.93089711270406
2025-04-10 07:00:00,86.17385480475276
2025-04-10 08:00:00,49.02705865044042
2025-04-10 09:00:00,107.988355764
2025-04-10 10:00:00,91.06019999200001
2025-04-10 11:00:00,44.11899422271461
2025-04-10 12:00:00,33.922199992
2025-04-10 13:00:00,32.471380762134416
2025-04-10 14:00:00,7.622050956371591
2025-04-10 15:00:00,6.017408649767045
2025-04-10 16:00:00,5.616248073115909
2025-04-10 17:00:00,5.253293265669643
2025-04-10 18:00:00,53.3191326890185
2025-04-10 19:00:00,78.02810384299416
2025-04-10 20:00:00,78.05041249680146
2025-04-10 21:00:00,36.35689807378929
2025-04-10 22:00:00,13.165973073452598
2025-04-10 23:00:00,12.845075958055032
2025-04-11 00:00:00,12.067574996969807
2025-04-11 01:00:00,11.76073172793328
2025-04-11 02:00:00,11.303965382077273
2025-04-11 03:00:00,11.316268266679707
2025-04-11 04:00:00,12.113711535716234
2025-04-11 05:00:00,11.826868266679707
2025-04-11 06:00:00,50.59386826667971
2025-04-11 07:00:00,77.4347086511138
2025-04-11 08:00:00,3.7823711512821423
2025-04-11 09:00:00,36.596342304000004
2025-04-11 10:00:00,36.640548074462664
2025-04-11 11:00:00,13.827342304
2025-04-11 12:00:00,3.7823711512821423
2025-04-11 13:00:00,4.049811535716233
2025-04-11 14:00:00,3.7632682666797073
2025-04-11 15:00:00,3.7632682666797073
2025-04-11 16:00:00,4.030708651113799
2025-04-11 17:00:00,3.801474035884579
2025-04-11 18:00:00,23.833033651450485
2025-04-11 19:00:00,77.36850288190894
2025-04-11 20:00:00,77.73966345856007
2025-04-11 21:00:00,58.6564576893552
2025-04-11 22:00:00,4.164428843330844
2025-04-11 23:00:00,3.935194228
2025-04-12 00:00:00,4.011605766511363
2025-04-12 01:00:00,3.7632682666797073
2025-04-12 02:00:00,3.591342304
2025-04-12 03:00:00,3.610445189860227
2025-04-12 04:00:00,3.6486509590650975
2025-04-12 05:00:00,3.553136536052922
2025-04-12 06:00:00,78.4639644196453
2025-04-12 07:00:00,122.9689394193086
2025-04-12 08:00:00,69.54455671345568
2025-04-12 09:00:00,163.59785284083296
2025-04-12 10:00:00,129.91341052614789
2025-04-12 11:00:00,107.33043937217224
2025-04-12 12:00:00,97.32467398740147
2025-04-12 13:00:00,91.38467687604417
2025-04-12 14:00:00,53.793723040457145
2025-04-12 15:00:00,52.30369804146721
2025-04-12 16:00:00,57.82443169157096
2025-04-12 17:00:00,46.93578746818295
2025-04-12 18:00:00,101.52554901938686
2025-04-12 19:00:00,86.45047595266801
2025-04-12 20:00:00,81.81457787887874
2025-04-12 21:00:00,55.92267211102062
2025-04-12 22:00:00,18.281984611862338
2025-04-12 23:00:00,12.358174996969804
2025-04-13 00:00:00,11.74563172793328
2025-04-13 01:00:00,11.317568266679707
2025-04-13 02:00:00,11.144842303999999
2025-04-13 03:00:00,11.163145189860227
2025-04-13 04:00:00,11.712350959065098
2025-04-13 05:00:00,11.616636536052921
2025-04-13 06:00:00,70.08348441964529
2025-04-13 07:00:00,78.9639394193086
2025-04-13 08:00:00,25.540556713455686
2025-04-13 09:00:00,97.59185284083296
2025-04-13 10:00:00,107.91341052614789
2025-04-13 11:00:00,85.32943937217225
2025-04-13 12:00:00,75.32267398740147
2025-04-13 13:00:00,69.38167687604417
2025-04-13 14:00:00,53.793723040457145
2025-04-13 15:00:00,52.30369804146721
2025-04-13 16:00:00,57.82443169157096
2025-04-13 17:00:00,46.93578746818295
2025-04-13 18:00:00,54.61454901938685
2025-04-13 19:00:00,86.44547595266802
2025-04-13 20:00:00,81.86357787887873
2025-04-13 21:00:00,61.783672111020614
2025-04-13 22:00:00,5.195984611862338
2025-04-13 23:00:00,4.470074996969806
2025-04-14 00:00:00,4.183531727933279
2025-04-14 01:00:00,3.7632682666797073
2025-04-14 02:00:00,3.591342304
2025-04-14 03:00:00,3.610445189860227
2025-04-14 04:00:00,3.6486509590650975
2025-04-14 05:00:00,3.553136536052922
2025-04-14 06:00:00,43.324554419645295
2025-04-14 07:00:00,78.9619394193086
2025-04-14 08:00:00,98.94555671345569
2025-04-14 09:00:00,137.99385284083297
2025-04-14 10:00:00,74.90241052614788
2025-04-14 11:00:00,75.09343937217224
2025-04-14 12:00:00,75.32267398740147
2025-04-14 13:00:00,69.38167687604417
2025-04-14 14:00:00,53.793723040457145
2025-04-14 15:00:00,52.30369804146721
2025-04-14 16:00:00,57.82443169157096
2025-04-14 17:00:00,46.93578746818295
2025-04-14 18:00:00,28.13854901938685
2025-04-14 19:00:00,13.085475952668018
2025-04-14 20:00:00,8.462577878878731
2025-04-14 21:00:00,6.4376721110206185
2025-04-14 22:00:00,5.195984611862338
2025-04-14 23:00:00,4.470074996969806
2025-04-15 00:00:00,4.183531727933279
2025-04-15 01:00:00,3.7632682666797073
2025-04-15 02:00:00,3.591342304
2025-04-15 03:00:00,3.610445189860227
2025-04-15 04:00:00,3.6486509590650975
2025-04-15 05:00:00,3.553136536052922
2025-04-15 06:00:00,5.062264419645293
2025-04-15 07:00:00,5.558939419308604
2025-04-15 08:00:00,25.540556713455686
2025-04-15 09:00:00,64.58685284083296
2025-04-15 10:00:00,74.90241052614788
2025-04-15 11:00:00,75.09343937217224
2025-04-15 12:00:00,75.32267398740147
2025-04-15 13:00:00,69.38167687604417
2025-04-15 14:00:00,53.793723040457145
2025-04-15 15:00:00,52.30369804146721
2025-04-15 16:00:00,57.82443169157096
2025-04-15 17:00:00,46.93578746818295
2025-04-15 18:00:00,28.13854901938685
2025-04-15 19:00:00,13.085475952668018
2025-04-15 20:00:00,8.462577878878731
2025-04-15 21:00:00,6.4376721110206185
2025-04-15 22:00:00,5.195984611862338
2025-04-15 23:00:00,4.470074996969806
2025-04-16 00:00:00,4.183531727933279
2025-04-16 01:00:00,3.7632682666797073
2025-04-16 02:00:00,3.591342304
2025-04-16 03:00:00,3.610445189860227
2025-04-16 04:00:00,3.6486509590650975
2025-04-16 05:00:00,3.553136536052922
2025-04-16 06:00:00,5.062264419645293
2025-04-16 07:00:00,49.56093941930861
2025-04-16 08:00:00,69.54455671345568
2025-04-16 09:00:00,141.59685284083298
2025-04-16 10:00:00,107.91341052614789
2025-04-16 11:00:00,85.32943937217225
2025-04-16 12:00:00,75.32267398740147
2025-04-16 13:00:00,69.38167687604417
2025-04-16 14:00:00,53.793723040457145
2025-04-16 15:00:00,52.30369804146721
2025-04-16 16:00:00,57.82443169157096
2025-04-16 17:00:00,46.93578746818295
2025-04-16 18:00:00,28.13854901938685
2025-04-16 19:00:00,86.42469595266802
2025-04-16 20:00:00,81.86357787887873
2025-04-16 21:00:00,61.42767211102062
2025-04-16 22:00:00,5.195984611862338
2025-04-16 23:00:00,4.470074996969806
2025-04-17 00:00:00,4.183531727933279
2025-04-17 01:00:00,3.9733999973064935
2025-04-17 02:00:00,3.820576920487013
2025-04-17 03:00:00,3.553136536052922
2025-04-17 04:00:00,3.8396798050894487
2025-04-17 05:00:00,3.7632682666797073
2025-04-17 06:00:00,77.35829711270405
2025-04-17 07:00:00,77.74135480475276
2025-04-17 08:00:00,5.0240586504404225
2025-04-17 09:00:00,63.983355764
2025-04-17 10:00:00,66.931199992
2025-04-17 11:00:00,44.11899422271461
2025-04-17 12:00:00,33.922199992
2025-04-17 13:00:00,32.471380762134416
2025-04-17 14:00:00,7.622050956371591
2025-04-17 15:00:00,6.017408649767045
2025-04-17 16:00:00,5.616248073115909
2025-04-17 17:00:00,5.253293265669643
2025-04-17 18:00:00,4.852132689018506
2025-04-17 19:00:00,78.02510384299416
2025-04-17 20:00:00,78.07141249680146
2025-04-17 21:00:00,58.970898073789286
2025-04-17 22:00:00,5.119573073452598
2025-04-17 23:00:00,5.138675958055032
2025-04-18 00:00:00,4.470074996969806
2025-04-18 01:00:00,4.183531727933279
2025-04-18 02:00:00,3.7441653820772727
2025-04-18 03:00:00,3.7632682666797073
2025-04-18 04:00:00,4.049811535716233
2025-04-18 05:00:00,3.7632682666797073
2025-04-18 06:00:00,67.2512682666797
2025-04-18 07:00:00,121.4407086511138
2025-04-18 08:00:00,47.78537115128214
2025-04-18 09:00:00,80.601342304
2025-04-18 10:00:00,55.98654807446266
2025-04-18 11:00:00,13.827342304
2025-04-18 12:00:00,3.7823711512821423
2025-04-18 13:00:00,4.049811535716233
2025-04-18 14:00:00,3.7632682666797073
2025-04-18 15:00:00,3.7632682666797073
2025-04-18 16:00:00,4.030708651113799
2025-04-18 17:00:00,3.801474035884579
2025-04-18 18:00:00,23.64413365145049
2025-04-18 19:00:00,77.36850288190894
2025-04-18 20:00:00,77.76366345856007
2025-04-18 21:00:00,53.5444576893552
2025-04-18 22:00:00,17.161428843330846
2025-04-18 23:00:00,11.761694228
2025-04-19 00:00:00,11.633005766511364
2025-04-19 01:00:00,11.338568266679708
2025-04-19 02:00:00,11.148342304
2025-04-19 03:00:00,11.164745189860227
2025-04-19 04:00:00,11.202150959065097
2025-04-19 05:00:00,11.106336536052922
2025-04-19 06:00:00,23.136664419645292
2025-04-19 07:00:00,78.9619394193086
2025-04-19 08:00:00,25.540556713455686
2025-04-19 09:00:00,119.56985284083297
2025-04-19 10:00:00,129.91341052614789
2025-04-19 11:00:00,107.33043937217224
2025-04-19 12:00:00,97.32467398740147
2025-04-19 13:00:00,91.38467687604417
2025-04-19 14:00:00,53.793723040457145
2025-04-19 15:00:00,52.30369804146721
2025-04-19 16:00:00,57.82443169157096
2025-04-19 17:00:00,46.93578746818295
2025-04-19 18:00:00,101.52754901938684
2025-04-19 19:00:00,86.45423595266801
2025-04-19 20:00:00,81.81957787887873
2025-04-19 21:00:00,61.34567211102062
2025-04-19 22:00:00,5.195984611862338
2025-04-19 23:00:00,4.470074996969806
2025-04-20 00:00:00,4.183531727933279
2025-04-20 01:00:00,3.7632682666797073
2025-04-20 02:00:00,3.591342304
2025-04-20 03:00:00,3.610445189860227
2025-04-20 04:00:00,3.6486509590650975
2025-04-20 05:00:00,3.553136536052922
2025-04-20 06:00:00,77.35266441964528
2025-04-20 07:00:00,122.9689394193086
2025-04-20 08:00:00,69.54455671345568
2025-04-20 09:00:00,141.59685284083298
2025-04-20 10:00:00,107.91341052614789
2025-04-20 11:00:00,85.32943937217225
2025-04-20 12:00:00,75.32267398740147
2025-04-20 13:00:00,69.38167687604417
2025-04-20 14:00:00,53.793723040457145
2025-04-20 15:00:00,52.30369804146721
2025-04-20 16:00:00,57.82443169157096
2025-04-20 17:00:00,46.93578746818295
2025-04-20 18:00:00,88.64854901938685
2025-04-20 19:00:00,86.44962595266801
2025-04-20 20:00:00,81.81157787887874
2025-04-20 21:00:00,45.28567211102062
2025-04-20 22:00:00,15.270984611862337
2025-04-20 23:00:00,12.706374996969807
2025-04-21 00:00:00,11.904631727933278
2025-04-21 01:00:00,11.368168266679707
2025-04-21 02:00:00,11.150242304
2025-04-21 03:00:00,11.165745189860226
2025-04-21 04:00:00,11.201650959065098
2025-04-21 05:00:00,11.105936536052923
2025-04-21 06:00:00,63.3366744196453
2025-04-21 07:00:00,78.9629394193086
2025-04-21 08:00:00,98.94655671345569
2025-04-21 09:00:00,96.57485284083296
2025-04-21 10:00:00,74.90241052614788
2025-04-21 11:00:00,75.09343937217224
2025-04-21 12:00:00,75.32267398740147
2025-04-21 13:00:00,69.38167687604417
2025-04-21 14:00:00,53.793723040457145
2025-04-21 15:00:00,52.30369804146721
2025-04-21 16:00:00,57.82443169157096
2025-04-21 17:00:00,46.93578746818295
2025-04-21 18:00:00,43.73954901938685
2025-04-21 19:00:00,13.085475952668018
2025-04-21 20:00:00,8.462577878878731
2025-04-21 21:00:00,6.4376721110206185
2025-04-21 22:00:00,5.195984611862338
2025-04-21 23:00:00,4.470074996969806
2025-04-22 00:00:00,4.183531727933279
2025-04-22 01:00:00,3.7632682666797073
2025-04-22 02:00:00,3.591342304
2025-04-22 03:00:00,3.610445189860227
2025-04-22 04:00:00,3.6486509590650975
2025-04-22 05:00:00,3.553136536052922
2025-04-22 06:00:00,5.062264419645293
2025-04-22 07:00:00,5.558939419308604
2025-04-22 08:00:00,25.540556713455686
2025-04-22 09:00:00,64.58685284083296
2025-04-22 10:00:00,74.90241052614788
2025-04-22 11:00:00,75.09343937217224
2025-04-22 12:00:00,75.32267398740147
2025-04-22 13:00:00,69.38167687604417
2025-04-22 14:00:00,53.793723040457145
2025-04-22 15:00:00,52.30369804146721
2025-04-22 16:00:00,57.82443169157096
2025-04-22 17:00:00,46.93578746818295
2025-04-22 18:00:00,28.13854901938685
2025-04-22 19:00:00,13.085475952668018
2025-04-22 20:00:00,8.462577878878731
2025-04-22 21:00:00,6.4376721110206185
2025-04-22 22:00:00,5.195984611862338
2025-04-22 23:00:00,4.470074996969806
2025-04-23 00:00:00,4.183531727933279
2025-04-23 01:00:00,3.7632682666797073
2025-04-23 02:00:00,3.591342304
2025-04-23 03:00:00,3.610445189860227
2025-04-23 04:00:00,3.6486509590650975
2025-04-23 05:00:00,3.553136536052922
2025-04-23 06:00:00,5.062264419645293
2025-04-23 07:00:00,5.558939419308604
2025-04-23 08:00:00,25.540556713455686
2025-04-23 09:00:00,97.59185284083296
2025-04-23 10:00:00,107.91341052614789
2025-04-23 11:00:00,85.32943937217225
2025-04-23 12:00:00,75.32267398740147
2025-04-23 13:00:00,69.38167687604417
2025-04-23 14:00:00,53.793723040457145
2025-04-23 15:00:00,52.30369804146721
2025-04-23 16:00:00,57.82443169157096
2025-04-23 17:00:00,46.93578746818295
2025-04-23 18:00:00,28.13854901938685
2025-04-23 19:00:00,86.41504595266802
2025-04-23 20:00:00,81.86457787887873
2025-04-23 21:00:00,64.40467211102062
2025-04-23 22:00:00,5.195984611862338
2025-04-23 23:00:00,4.470074996969806
2025-04-24 00:00:00,4.183531727933279
2025-04-24 01:00:00,3.9733999973064935
2025-04-24 02:00:00,3.820576920487013
2025-04-24 03:00:00,3.553136536052922
2025-04-24 04:00:00,3.8396798050894487
2025-04-24 05:00:00,10.661468266679707
2025-04-24 06:00:00,77.35829711270405
2025-04-24 07:00:00,121.74635480475276
2025-04-24 08:00:00,49.02805865044042
2025-04-24 09:00:00,107.967355764
2025-04-24 10:00:00,66.931199992
2025-04-24 11:00:00,44.11899422271461
2025-04-24 12:00:00,33.922199992
2025-04-24 13:00:00,32.47038076213442
2025-04-24 14:00:00,15.838550956371591
2025-04-24 15:00:00,6.017408649767045
2025-04-24 16:00:00,5.616248073115909
2025-04-24 17:00:00,5.253293265669643
2025-04-24 18:00:00,13.864432689018507
2025-04-24 19:00:00,78.01120384299415
2025-04-24 20:00:00,78.11941249680146
2025-04-24 21:00:00,60.660898073789284
2025-04-24 22:00:00,5.119573073452598
2025-04-24 23:00:00,5.138675958055032
2025-04-25 00:00:00,4.470074996969806
2025-04-25 01:00:00,4.183531727933279
2025-04-25 02:00:00,3.7441653820772727
2025-04-25 03:00:00,3.7632682666797073
2025-04-25 04:00:00,4.049811535716233
2025-04-25 05:00:00,10.661968266679708
2025-04-25 06:00:00,77.16626826667971
2025-04-25 07:00:00,77.4357086511138
2025-04-25 08:00:00,3.7823711512821423
2025-04-25 09:00:00,36.596342304000004
2025-04-25 10:00:00,36.640548074462664
2025-04-25 11:00:00,13.827342304
2025-04-25 12:00:00,3.7823711512821423
2025-04-25 13:00:00,4.049811535716233
2025-04-25 14:00:00,3.7632682666797073
2025-04-25 15:00:00,3.7632682666797073
2025-04-25 16:00:00,4.030708651113799
2025-04-25 17:00:00,3.801474035884579
2025-04-25 18:00:00,56.42003365145049
2025-04-25 19:00:00,77.36010288190893
2025-04-25 20:00:00,77.79466345856007
2025-04-25 21:00:00,65.3634576893552
2025-04-25 22:00:00,4.164428843330844
2025-04-25 23:00:00,3.935194228
2025-04-26 00:00:00,4.011605766511363
2025-04-26 01:00:00,3.7632682666797073
2025-04-26 02:00:00,3.591342304
2025-04-26 03:00:00,3.610445189860227
2025-04-26 04:00:00,3.6486509590650975
2025-04-26 05:00:00,3.553136536052922
2025-04-26 06:00:00,65.77104441964529
2025-04-26 07:00:00,122.9689394193086
2025-04-26 08:00:00,69.54355671345569
2025-04-26 09:00:00,163.59685284083298
2025-04-26 10:00:00,149.2604105261479
2025-04-26 11:00:00,107.33043937217224
2025-04-26 12:00:00,97.32467398740147
2025-04-26 13:00:00,91.38467687604417
2025-04-26 14:00:00,53.793723040457145
2025-04-26 15:00:00,52.30369804146721
2025-04-26 16:00:00,57.82443169157096
2025-04-26 17:00:00,46.93578746818295
2025-04-26 18:00:00,71.00554901938685
2025-04-26 19:00:00,86.45993595266803
2025-04-26 20:00:00,81.81257787887873
2025-04-26 21:00:00,61.380672111020615
2025-04-26 22:00:00,5.195984611862338
2025-04-26 23:00:00,4.470074996969806
2025-04-27 00:00:00,4.183531727933279
2025-04-27 01:00:00,3.7632682666797073
2025-04-27 02:00:00,3.591342304
2025-04-27 03:00:00,3.610445189860227
2025-04-27 04:00:00,3.6486509590650975
2025-04-27 05:00:00,3.553136536052922
2025-04-27 06:00:00,78.4652644196453
2025-04-27 07:00:00,78.9639394193086
2025-04-27 08:00:00,25.540556713455686
2025-04-27 09:00:00,97.59185284083296
2025-04-27 10:00:00,107.91341052614789
2025-04-27 11:00:00,85.32943937217225
2025-04-27 12:00:00,75.32267398740147
2025-04-27 13:00:00,69.38167687604417
2025-04-27 14:00:00,53.793723040457145
2025-04-27 15:00:00,52.30369804146721
2025-04-27 16:00:00,57.82443169157096
2025-04-27 17:00:00,46.93578746818295
2025-04-27 18:00:00,91.59154901938686
2025-04-27 19:00:00,86.45475595266802
2025-04-27 20:00:00,81.86357787887873
2025-04-27 21:00:00,62.92167211102062
2025-04-27 22:00:00,5.195984611862338
2025-04-27 23:00:00,4.470074996969806
2025-04-28 00:00:00,4.183531727933279
2025-04-28 01:00:00,3.7632682666797073
2025-04-28 02:00:00,3.591342304
2025-04-28 03:00:00,3.610445189860227
2025-04-28 04:00:00,3.6486509590650975
2025-04-28 05:00:00,10.451836536052921
2025-04-28 06:00:00,78.4652644196453
2025-04-28 07:00:00,78.9639394193086
2025-04-28 08:00:00,90.38255671345568
2025-04-28 09:00:00,107.50385284083296
2025-04-28 10:00:00,74.90241052614788
2025-04-28 11:00:00,75.09343937217224
2025-04-28 12:00:00,75.32267398740147
2025-04-28 13:00:00,69.38167687604417
2025-04-28 14:00:00,53.793723040457145
2025-04-28 15:00:00,52.30369804146721
2025-04-28 16:00:00,57.82443169157096
2025-04-28 17:00:00,46.93578746818295
2025-04-28 18:00:00,28.13854901938685
2025-04-28 19:00:00,13.085475952668018
2025-04-28 20:00:00,8.462577878878731
2025-04-28 21:00:00,6.4376721110206185
2025-04-28 22:00:00,5.195984611862338
2025-04-28 23:00:00,4.470074996969806
2025-04-29 00:00:00,4.183531727933279
2025-04-29 01:00:00,3.7632682666797073
2025-04-29 02:00:00,3.591342304
2025-04-29 03:00:00,3.610445189860227
2025-04-29 04:00:00,3.6486509590650975
2025-04-29 05:00:00,3.553136536052922
2025-04-29 06:00:00,5.062264419645293
2025-04-29 07:00:00,5.558939419308604
2025-04-29 08:00:00,25.540556713455686
2025-04-29 09:00:00,64.58685284083296
2025-04-29 10:00:00,74.90241052614788
2025-04-29 11:00:00,75.09343937217224
2025-04-29 12:00:00,75.32267398740147
2025-04-29 13:00:00,69.38167687604417
2025-04-29 14:00:00,53.793723040457145
2025-04-29 15:00:00,52.30369804146721
2025-04-29 16:00:00,57.82443169157096
2025-04-29 17:00:00,46.93578746818295
2025-04-29 18:00:00,28.13854901938685
2025-04-29 19:00:00,13.085475952668018
2025-04-29 20:00:00,8.462577878878731
2025-04-29 21:00:00,6.4376721110206185
2025-04-29 22:00:00,5.195984611862338
2025-04-29 23:00:00,4.470074996969806
2025-04-30 00:00:00,4.183531727933279
2025-04-30 01:00:00,3.7632682666797073
2025-04-30 02:00:00,3.591342304
2025-04-30 03:00:00,3.610445189860227
2025-04-30 04:00:00,3.6486509590650975
2025-04-30 05:00:00,3.553136536052922
2025-04-30 06:00:00,5.062264419645293
2025-04-30 07:00:00,49.56093941930861
2025-04-30 08:00:00,69.54455671345568
2025-04-30 09:00:00,141.59685284083298
2025-04-30 10:00:00,107.91341052614789
2025-04-30 11:00:00,85.32943937217225
2025-04-30 12:00:00,75.32267398740147
2025-04-30 13:00:00,69.38167687604417
2025-04-30 14:00:00,53.793723040457145
2025-04-30 15:00:00,52.30369804146721
2025-04-30 16:00:00,57.82443169157096
2025-04-30 17:00:00,46.93578746818295
2025-04-30 18:00:00,28.13854901938685
2025-04-30 19:00:00,86.43337595266803
2025-04-30 20:00:00,81.86457787887873
2025-04-30 21:00:00,65.25967211102062
2025-04-30 22:00:00,5.195984611862338
2025-04-30 23:00:00,4.470074996969806
2025-05-01 00:00:00,4.183531727933279
2025-05-01 01:00:00,3.9733999973064935
2025-05-01 02:00:00,3.820576920487013
2025-05-01 03:00:00,3.553136536052922
2025-05-01 04:00:00,3.8396798050894487
2025-05-01 05:00:00,17.740168266679706
2025-05-01 06:00:00,77.35829711270405
2025-05-01 07:00:00,77.74235480475276
2025-05-01 08:00:00,5.0240586504404225
2025-05-01 09:00:00,63.983355764
2025-05-01 10:00:00,66.931199992
2025-05-01 11:00:00,44.11899422271461
2025-05-01 12:00:00,33.922199992
2025-05-01 13:00:00,32.471380762134416
2025-05-01 14:00:00,7.622050956371591
2025-05-01 15:00:00,6.017408649767045
2025-05-01 16:00:00,5.616248073115909
2025-05-01 17:00:00,5.253293265669643
2025-05-01 18:00:00,4.852132689018506
2025-05-01 19:00:00,78.01310384299416
2025-05-01 20:00:00,78.11941249680146
2025-05-01 21:00:00,58.92989807378929
2025-05-01 22:00:00,5.119573073452598
2025-05-01 23:00:00,5.138675958055032
2025-05-02 00:00:00,4.470074996969806
2025-05-02 01:00:00,4.183531727933279
2025-05-02 02:00:00,3.7441653820772727
2025-05-02 03:00:00,3.7632682666797073
2025-05-02 04:00:00,4.049811535716233
2025-05-02 05:00:00,26.639268266679707
2025-05-02 06:00:00,77.1672682666797
2025-05-02 07:00:00,121.4407086511138
2025-05-02 08:00:00,47.78637115128214
2025-05-02 09:00:00,80.601342304
2025-05-02 10:00:00,36.640548074462664
2025-05-02 11:00:00,13.827342304
2025-05-02 12:00:00,3.7823711512821423
2025-05-02 13:00:00,4.049811535716233
2025-05-02 14:00:00,3.7632682666797073
2025-05-02 15:00:00,3.7632682666797073
2025-05-02 16:00:00,4.030708651113799
2025-05-02 17:00:00,3.801474035884579
2025-05-02 18:00:00,47.66603365145048
2025-05-02 19:00:00,77.35956288190893
2025-05-02 20:00:00,77.79466345856007
2025-05-02 21:00:00,59.4504576893552
2025-05-02 22:00:00,4.164428843330844
2025-05-02 23:00:00,3.935194228
2025-05-03 00:00:00,4.011605766511363
2025-05-03 01:00:00,3.7632682666797073
2025-05-03 02:00:00,3.591342304
2025-05-03 03:00:00,3.610445189860227
2025-05-03 04:00:00,3.6486509590650975
2025-05-03 05:00:00,24.657176536052923
2025-05-03 06:00:00,78.46626441964528
2025-05-03 07:00:00,78.9639394193086
2025-05-03 08:00:00,25.540556713455686
2025-05-03 09:00:00,119.59185284083296
2025-05-03 10:00:00,129.91341052614789
2025-05-03 11:00:00,107.33043937217224
2025-05-03 12:00:00,97.32467398740147
2025-05-03 13:00:00,91.38467687604417
2025-05-03 14:00:00,53.793723040457145
2025-05-03 15:00:00,52.30369804146721
2025-05-03 16:00:00,57.82443169157096
2025-05-03 17:00:00,46.93578746818295
2025-05-03 18:00:00,47.41954901938685
2025-05-03 19:00:00,86.44116595266802
2025-05-03 20:00:00,81.80957787887873
2025-05-03 21:00:00,63.03767211102062
2025-05-03 22:00:00,5.195984611862338
2025-05-03 23:00:00,4.470074996969806
2025-05-04 00:00:00,4.183531727933279
2025-05-04 01:00:00,3.7632682666797073
2025-05-04 02:00:00,3.591342304
2025-05-04 03:00:00,3.610445189860227
2025-05-04 04:00:00,3.6486509590650975
2025-05-04 05:00:00,25.21663653605292
2025-05-04 06:00:00,78.4652644196453
2025-05-04 07:00:00,122.9689394193086
2025-05-04 08:00:00,69.54355671345569
2025-05-04 09:00:00,141.59685284083298
2025-05-04 10:00:00,127.25941052614787
2025-05-04 11:00:00,85.32943937217225
2025-05-04 12:00:00,75.32267398740147
2025-05-04 13:00:00,69.38167687604417
2025-05-04 14:00:00,53.793723040457145
2025-05-04 15:00:00,52.30369804146721
2025-05-04 16:00:00,57.82443169157096
2025-05-04 17:00:00,46.93578746818295
2025-05-04 18:00:00,71.74154901938685
2025-05-04 19:00:00,86.45677595266801
2025-05-04 20:00:00,81.86357787887873
2025-05-04 21:00:00,64.95167211102063
2025-05-04 22:00:00,5.195984611862338
2025-05-04 23:00:00,4.470074996969806
2025-05-05 00:00:00,4.183531727933279
2025-05-05 01:00:00,3.7632682666797073
2025-05-05 02:00:00,3.591342304
2025-05-05 03:00:00,3.610445189860227
2025-05-05 04:00:00,3.6486509590650975
2025-05-05 05:00:00,22.31123653605292
2025-05-05 06:00:00,78.46626441964528
2025-05-05 07:00:00,78.9639394193086
2025-05-05 08:00:00,80.54455671345568
2025-05-05 09:00:00,105.33385284083296
2025-05-05 10:00:00,74.90241052614788
2025-05-05 11:00:00,75.09343937217224
2025-05-05 12:00:00,75.32267398740147
2025-05-05 13:00:00,69.38167687604417
2025-05-05 14:00:00,53.793723040457145
2025-05-05 15:00:00,52.30369804146721
2025-05-05 16:00:00,57.82443169157096
2025-05-05 17:00:00,46.93578746818295
2025-05-05 18:00:00,28.13854901938685
2025-05-05 19:00:00,13.085475952668018
2025-05-05 20:00:00,8.462577878878731
2025-05-05 21:00:00,6.4376721110206185
2025-05-05 22:00:00,5.195984611862338
2025-05-05 23:00:00,4.470074996969806
2025-05-06 00:00:00,4.183531727933279
2025-05-06 01:00:00,3.7632682666797073
2025-05-06 02:00:00,3.591342304
2025-05-06 03:00:00,3.610445189860227
2025-05-06 04:00:00,3.6486509590650975
2025-05-06 05:00:00,3.553136536052922
2025-05-06 06:00:00,5.062264419645293
2025-05-06 07:00:00,5.558939419308604
2025-05-06 08:00:00,25.540556713455686
2025-05-06 09:00:00,64.58685284083296
2025-05-06 10:00:00,74.90241052614788
2025-05-06 11:00:00,75.09343937217224
2025-05-06 12:00:00,75.32267398740147
2025-05-06 13:00:00,69.38167687604417
2025-05-06 14:00:00,53.793723040457145
2025-05-06 15:00:00,52.30369804146721
2025-05-06 16:00:00,57.82443169157096
2025-05-06 17:00:00,46.93578746818295
2025-05-06 18:00:00,28.13854901938685
2025-05-06 19:00:00,13.085475952668018
2025-05-06 20:00:00,8.462577878878731
2025-05-06 21:00:00,6.4376721110206185
2025-05-06 22:00:00,5.195984611862338
2025-05-06 23:00:00,4.470074996969806
2025-05-07 00:00:00,4.183531727933279
2025-05-07 01:00:00,3.7632682666797073
2025-05-07 02:00:00,3.591342304
2025-05-07 03:00:00,3.610445189860227
2025-05-07 04:00:00,3.6486509590650975
2025-05-07 05:00:00,3.553136536052922
2025-05-07 06:00:00,5.062264419645293
2025-05-07 07:00:00,5.558939419308604
2025-05-07 08:00:00,25.540556713455686
2025-05-07 09:00:00,97.59185284083296
2025-05-07 10:00:00,107.91341052614789
2025-05-07 11:00:00,85.32943937217225
2025-05-07 12:00:00,75.32267398740147
2025-05-07 13:00:00,69.38167687604417
2025-05-07 14:00:00,53.793723040457145
2025-05-07 15:00:00,52.30369804146721
2025-05-07 16:00:00,57.82443169157096
2025-05-07 17:00:00,46.93578746818295
2025-05-07 18:00:00,28.13854901938685
2025-05-07 19:00:00,86.41557595266802
2025-05-07 20:00:00,81.86457787887873
2025-05-07 21:00:00,66.80467211102062
2025-05-07 22:00:00,5.195984611862338
2025-05-07 23:00:00,4.470074996969806
2025-05-08 00:00:00,4.183531727933279
2025-05-08 01:00:00,3.9733999973064935
2025-05-08 02:00:00,3.820576920487013
2025-05-08 03:00:00,3.553136536052922
2025-05-08 04:00:00,3.8396798050894487
2025-05-08 05:00:00,11.529068266679706
2025-05-08 06:00:00,77.35829711270405
2025-05-08 07:00:00,121.74635480475276
2025-05-08 08:00:00,49.02805865044042
2025-05-08 09:00:00,107.989355764
2025-05-08 10:00:00,66.931199992
2025-05-08 11:00:00,44.11899422271461
2025-05-08 12:00:00,33.922199992
2025-05-08 13:00:00,32.471380762134416
2025-05-08 14:00:00,7.622050956371591
2025-05-08 15:00:00,6.017408649767045
2025-05-08 16:00:00,5.616248073115909
2025-05-08 17:00:00,5.253293265669643
2025-05-08 18:00:00,4.852132689018506
2025-05-08 19:00:00,78.01510384299415
2025-05-08 20:00:00,78.11941249680146
2025-05-08 21:00:00,58.90589807378929
2025-05-08 22:00:00,5.119573073452598
2025-05-08 23:00:00,5.138675958055032
2025-05-09 00:00:00,4.470074996969806
2025-05-09 01:00:00,4.183531727933279
2025-05-09 02:00:00,3.7441653820772727
2025-05-09 03:00:00,3.7632682666797073
2025-05-09 04:00:00,4.049811535716233
2025-05-09 05:00:00,24.693158266679703
2025-05-09 06:00:00,77.16626826667971
2025-05-09 07:00:00,77.4357086511138
2025-05-09 08:00:00,3.7823711512821423
2025-05-09 09:00:00,36.596342304000004
2025-05-09 10:00:00,36.640548074462664
2025-05-09 11:00:00,13.827342304
2025-05-09 12:00:00,3.7823711512821423
2025-05-09 13:00:00,4.049811535716233
2025-05-09 14:00:00,3.7632682666797073
2025-05-09 15:00:00,3.7632682666797073
2025-05-09 16:00:00,4.030708651113799
2025-05-09 17:00:00,3.801474035884579
2025-05-09 18:00:00,49.26403365145048
2025-05-09 19:00:00,29.28110288190893
2025-05-09 20:00:00,77.75266345856006
2025-05-09 21:00:00,77.75745768935519
2025-05-09 22:00:00,37.872428843330844
2025-05-09 23:00:00,12.624694228000001
2025-05-10 00:00:00,11.705705766511363
2025-05-10 01:00:00,11.330268266679708
2025-05-10 02:00:00,11.148942304
2025-05-10 03:00:00,11.165645189860227
2025-05-10 04:00:00,11.203050959065099
2025-05-10 05:00:00,21.441236536052923
2025-05-10 06:00:00,78.46626441964528
2025-05-10 07:00:00,122.9689394193086
2025-05-10 08:00:00,69.54455671345568
2025-05-10 09:00:00,163.59685284083298
2025-05-10 10:00:00,129.91341052614789
2025-05-10 11:00:00,107.33043937217224
2025-05-10 12:00:00,97.32467398740147
2025-05-10 13:00:00,91.38467687604417
2025-05-10 14:00:00,53.793723040457145
2025-05-10 15:00:00,52.30369804146721
2025-05-10 16:00:00,57.82443169157096
2025-05-10 17:00:00,46.93578746818295
2025-05-10 18:00:00,28.13854901938685
2025-05-10 19:00:00,38.37007595266802
2025-05-10 20:00:00,81.82657787887874
2025-05-10 21:00:00,79.83967211102062
2025-05-10 22:00:00,40.116984611862335
2025-05-10 23:00:00,13.508174996969807
2025-05-11 00:00:00,12.206631727933278
2025-05-11 01:00:00,11.306268266679707
2025-05-11 02:00:00,11.631042304
2025-05-11 03:00:00,11.649945189860228
2025-05-11 04:00:00,11.687850959065097
2025-05-11 05:00:00,46.708806536052926
2025-05-11 06:00:00,78.46726441964529
2025-05-11 07:00:00,71.5359394193086
2025-05-11 08:00:00,25.540556713455686
2025-05-11 09:00:00,97.59185284083296
2025-05-11 10:00:00,107.91341052614789
2025-05-11 11:00:00,85.32943937217225
2025-05-11 12:00:00,75.32267398740147
2025-05-11 13:00:00,69.38167687604417
2025-05-11 14:00:00,53.793723040457145
2025-05-11 15:00:00,52.30369804146721
2025-05-11 16:00:00,57.82443169157096
2025-05-11 17:00:00,46.93578746818295
2025-05-11 18:00:00,76.56154901938686
2025-05-11 19:00:00,86.48677595266803
2025-05-11 20:00:00,81.86457787887873
2025-05-11 21:00:00,73.31667211102062
2025-05-11 22:00:00,5.195984611862338
2025-05-11 23:00:00,11.841574996969806
2025-05-12 00:00:00,11.55473172793328
2025-05-12 01:00:00,11.134268266679708
2025-05-12 02:00:00,10.962142304
2025-05-12 03:00:00,10.980945189860227
2025-05-12 04:00:00,3.6486509590650975
2025-05-12 05:00:00,46.58001653605293
2025-05-12 06:00:00,78.46926441964528
2025-05-12 07:00:00,29.664939419308606
2025-05-12 08:00:00,25.540556713455686
2025-05-12 09:00:00,64.58685284083296
2025-05-12 10:00:00,74.90241052614788
2025-05-12 11:00:00,75.09343937217224
2025-05-12 12:00:00,75.32267398740147
2025-05-12 13:00:00,69.38167687604417
2025-05-12 14:00:00,53.793723040457145
2025-05-12 15:00:00,52.30369804146721
2025-05-12 16:00:00,57.82443169157096
2025-05-12 17:00:00,46.93578746818295
2025-05-12 18:00:00,28.13854901938685
2025-05-12 19:00:00,13.085475952668018
2025-05-12 20:00:00,8.462577878878731
2025-05-12 21:00:00,6.4376721110206185
2025-05-12 22:00:00,5.195984611862338
2025-05-12 23:00:00,4.470074996969806
2025-05-13 00:00:00,4.183531727933279
2025-05-13 01:00:00,3.7632682666797073
2025-05-13 02:00:00,3.591342304
2025-05-13 03:00:00,3.610445189860227
2025-05-13 04:00:00,3.6486509590650975
2025-05-13 05:00:00,3.553136536052922
2025-05-13 06:00:00,5.062264419645293
2025-05-13 07:00:00,5.558939419308604
2025-05-13 08:00:00,25.540556713455686
2025-05-13 09:00:00,64.58685284083296
2025-05-13 10:00:00,74.90241052614788
2025-05-13 11:00:00,75.09343937217224
2025-05-13 12:00:00,75.32267398740147
2025-05-13 13:00:00,69.38167687604417
2025-05-13 14:00:00,53.793723040457145
2025-05-13 15:00:00,52.30369804146721
2025-05-13 16:00:00,57.82443169157096
2025-05-13 17:00:00,46.93578746818295
2025-05-13 18:00:00,28.13854901938685
2025-05-13 19:00:00,13.085475952668018
2025-05-13 20:00:00,8.462577878878731
2025-05-13 21:00:00,6.4376721110206185
2025-05-13 22:00:00,5.195984611862338
2025-05-13 23:00:00,4.470074996969806
2025-05-14 00:00:00,4.183531727933279
2025-05-14 01:00:00,3.7632682666797073
2025-05-14 02:00:00,3.591342304
2025-05-14 03:00:00,3.610445189860227
2025-05-14 04:00:00,3.6486509590650975
2025-05-14 05:00:00,3.553136536052922
2025-05-14 06:00:00,5.062264419645293
2025-05-14 07:00:00,49.56093941930861
2025-05-14 08:00:00,69.54355671345569
2025-05-14 09:00:00,141.59685284083298
2025-05-14 10:00:00,127.25941052614787
2025-05-14 11:00:00,85.32943937217225
2025-05-14 12:00:00,75.32267398740147
2025-05-14 13:00:00,69.38167687604417
2025-05-14 14:00:00,53.793723040457145
2025-05-14 15:00:00,52.30369804146721
2025-05-14 16:00:00,57.82443169157096
2025-05-14 17:00:00,46.93578746818295
2025-05-14 18:00:00,28.13854901938685
2025-05-14 19:00:00,38.37377595266802
2025-05-14 20:00:00,81.86357787887873
2025-05-14 21:00:00,79.83967211102062
2025-05-14 22:00:00,42.665984611862335
2025-05-14 23:00:00,14.221574996969807
2025-05-15 00:00:00,12.16453172793328
2025-05-15 01:00:00,12.009349035547888
2025-05-15 02:00:00,11.538894228
2025-05-15 03:00:00,11.550402881908928
2025-05-15 04:00:00,11.527699997306494
2025-05-15 05:00:00,10.852097112704058
2025-05-15 06:00:00,77.53122307412598
2025-05-15 07:00:00,77.95348653537954
2025-05-15 08:00:00,4.833029804416072
2025-05-15 09:00:00,60.64035095771835
2025-05-15 10:00:00,62.65215384097403
2025-05-15 11:00:00,41.444590378373704
2025-05-15 12:00:00,31.209590378373697
2025-05-15 13:00:00,29.62505095637159
2025-05-15 14:00:00,5.826379803742695
2025-05-15 15:00:00,5.234190381067209
2025-05-15 16:00:00,4.852132689018506
2025-05-15 17:00:00,4.718412496801461
2025-05-15 18:00:00,10.396477879999999
2025-05-15 19:00:00,77.84828076617468
2025-05-15 20:00:00,77.96658941998197
2025-05-15 21:00:00,58.71694326634302
2025-05-15 22:00:00,4.565589419981981
2025-05-15 23:00:00,4.546486535379546
2025-05-16 00:00:00,4.33635480475276
2025-05-16 01:00:00,4.164428843330844
2025-05-16 02:00:00,3.935194228
2025-05-16 03:00:00,3.992502881908928
2025-05-16 04:00:00,3.9733999973064935
2025-05-16 05:00:00,51.824107112704056
2025-05-16 06:00:00,77.55032595872841
2025-05-16 07:00:00,121.84186922776493
2025-05-16 08:00:00,47.97739999730649
2025-05-16 09:00:00,80.54403365145049
2025-05-16 10:00:00,36.83157692048702
2025-05-16 11:00:00,14.228502881908929
2025-05-16 12:00:00,4.107120189523538
2025-05-16 13:00:00,4.584692304584416
2025-05-16 14:00:00,4.546486535379546
2025-05-16 15:00:00,4.298149035547889
2025-05-16 16:00:00,4.3554576893551955
2025-05-16 17:00:00,4.298149035547889
2025-05-16 18:00:00,11.465289419981982
2025-05-16 19:00:00,77.85333076617468
2025-05-16 20:00:00,77.9283836507771
2025-05-16 21:00:00,59.89838365077711
2025-05-16 22:00:00,4.508280766174675
2025-05-16 23:00:00,4.546486535379546
2025-05-17 00:00:00,4.33635480475276
2025-05-17 01:00:00,4.298149035547889
2025-05-17 02:00:00,3.916091344
2025-05-17 03:00:00,4.011605766511363
2025-05-17 04:00:00,3.916091344
2025-05-17 05:00:00,22.913843266343022
2025-05-17 06:00:00,77.45381153571623
2025-05-17 07:00:00,82.09681249410795
2025-05-17 08:00:00,27.660976904325977
2025-05-17 09:00:00,109.08526630949368
2025-05-17 10:00:00,119.92260187907436
2025-05-17 11:00:00,96.2507663027599
2025-05-17 12:00:00,85.28985668786737
2025-05-17 13:00:00,78.20368650036397
2025-05-17 14:00:00,45.29293939237353
2025-05-17 15:00:00,46.859375929773215
2025-05-17 16:00:00,46.66834708374886
2025-05-17 17:00:00,33.96492882312955
2025-05-17 18:00:00,94.16504133205177
2025-05-17 19:00:00,71.51246730020746
2025-05-17 20:00:00,81.00494807176916
2025-05-17 21:00:00,79.45861441897192
2025-05-17 22:00:00,75.74801345788669
2025-05-17 23:00:00,5.0240586504404225
2025-05-18 00:00:00,11.857747112030681
2025-05-18 01:00:00,4.298149035547889
2025-05-18 02:00:00,3.916091344
2025-05-18 03:00:00,4.011605766511363
2025-05-18 04:00:00,3.916091344
2025-05-18 05:00:00,4.25994326634302
2025-05-18 06:00:00,53.67742153571623
2025-05-18 07:00:00,107.69881249410795
2025-05-18 08:00:00,71.66497690432598
2025-05-18 09:00:00,131.09026630949367
2025-05-18 10:00:00,97.92260187907436
2025-05-18 11:00:00,74.24976630275991
2025-05-18 12:00:00,63.287856687867375
2025-05-18 13:00:00,56.200686500363965
2025-05-18 14:00:00,45.29293939237353
2025-05-18 15:00:00,46.859375929773215
2025-05-18 16:00:00,46.66834708374886
2025-05-18 17:00:00,33.96492882312955
2025-05-18 18:00:00,20.803041332051784
2025-05-18 19:00:00,71.51546730020746
2025-05-18 20:00:00,80.98994807176916
2025-05-18 21:00:00,79.45761441897191
2025-05-18 22:00:00,75.28401345788669
2025-05-18 23:00:00,5.0240586504404225
2025-05-19 00:00:00,4.9476471120306815
2025-05-19 01:00:00,4.298149035547889
2025-05-19 02:00:00,3.916091344
2025-05-19 03:00:00,4.011605766511363
2025-05-19 04:00:00,3.916091344
2025-05-19 05:00:00,42.70751326634303
2025-05-19 06:00:00,77.45581153571624
2025-05-19 07:00:00,60.280812494107956
2025-05-19 08:00:00,27.660976904325977
2025-05-19 09:00:00,54.08026630949367
2025-05-19 10:00:00,64.91160187907435
2025-05-19 11:00:00,64.0137663027599
2025-05-19 12:00:00,63.287856687867375
2025-05-19 13:00:00,56.200686500363965
2025-05-19 14:00:00,45.29293939237353
2025-05-19 15:00:00,46.859375929773215
2025-05-19 16:00:00,46.66834708374886
2025-05-19 17:00:00,33.96492882312955
2025-05-19 18:00:00,20.803041332051784
2025-05-19 19:00:00,11.041467300207467
2025-05-19 20:00:00,7.602948071769156
2025-05-19 21:00:00,6.055614418971915
2025-05-19 22:00:00,5.387013457886688
2025-05-19 23:00:00,5.0240586504404225
2025-05-20 00:00:00,4.9476471120306815
2025-05-20 01:00:00,4.298149035547889
2025-05-20 02:00:00,3.916091344
2025-05-20 03:00:00,4.011605766511363
2025-05-20 04:00:00,3.916091344
2025-05-20 05:00:00,4.25994326634302
2025-05-20 06:00:00,4.049811535716233
2025-05-20 07:00:00,8.691812494107955
2025-05-20 08:00:00,27.660976904325977
2025-05-20 09:00:00,54.08026630949367
2025-05-20 10:00:00,64.91160187907435
2025-05-20 11:00:00,64.0137663027599
2025-05-20 12:00:00,63.287856687867375
2025-05-20 13:00:00,56.200686500363965
2025-05-20 14:00:00,45.29293939237353
2025-05-20 15:00:00,46.859375929773215
2025-05-20 16:00:00,46.66834708374886
2025-05-20 17:00:00,33.96492882312955
2025-05-20 18:00:00,20.803041332051784
2025-05-20 19:00:00,11.041467300207467
2025-05-20 20:00:00,7.602948071769156
2025-05-20 21:00:00,6.055614418971915
2025-05-20 22:00:00,5.387013457886688
2025-05-20 23:00:00,5.0240586504404225
2025-05-21 00:00:00,4.9476471120306815
2025-05-21 01:00:00,4.298149035547889
2025-05-21 02:00:00,3.916091344
2025-05-21 03:00:00,4.011605766511363
2025-05-21 04:00:00,3.916091344
2025-05-21 05:00:00,4.25994326634302
2025-05-21 06:00:00,4.049811535716233
2025-05-21 07:00:00,8.691812494107955
2025-05-21 08:00:00,27.660976904325977
2025-05-21 09:00:00,87.08526630949368
2025-05-21 10:00:00,97.92260187907436
2025-05-21 11:00:00,74.24976630275991
2025-05-21 12:00:00,63.287856687867375
2025-05-21 13:00:00,56.200686500363965
2025-05-21 14:00:00,45.29293939237353
2025-05-21 15:00:00,46.859375929773215
2025-05-21 16:00:00,46.66834708374886
2025-05-21 17:00:00,33.96492882312955
2025-05-21 18:00:00,20.803041332051784
2025-05-21 19:00:00,36.32536730020747
2025-05-21 20:00:00,81.00394807176916
2025-05-21 21:00:00,79.45761441897191
2025-05-21 22:00:00,42.940013457886685
2025-05-21 23:00:00,14.79955865044042
2025-05-22 00:00:00,12.949947112030681
2025-05-22 01:00:00,12.03014903554789
2025-05-22 02:00:00,11.559394228
2025-05-22 03:00:00,11.570802881908929
2025-05-22 04:00:00,11.533189997306494
2025-05-22 05:00:00,68.14143711270405
2025-05-22 06:00:00,77.53322307412597
2025-05-22 07:00:00,82.36248653537955
2025-05-22 08:00:00,48.83602980441607
2025-05-22 09:00:00,104.62335095771834
2025-05-22 10:00:00,81.99815384097403
2025-05-22 11:00:00,41.532590378373705
2025-05-22 12:00:00,31.209590378373697
2025-05-22 13:00:00,21.97105095637159
2025-05-22 14:00:00,21.651379803742692
2025-05-22 15:00:00,5.234190381067209
2025-05-22 16:00:00,4.852132689018506
2025-05-22 17:00:00,4.718412496801461
2025-05-22 18:00:00,4.48917788
2025-05-22 19:00:00,77.83911076617467
2025-05-22 20:00:00,77.96758941998198
2025-05-22 21:00:00,58.70794326634302
2025-05-22 22:00:00,4.565589419981981
2025-05-22 23:00:00,4.546486535379546
2025-05-23 00:00:00,4.33635480475276
2025-05-23 01:00:00,4.164428843330844
2025-05-23 02:00:00,3.935194228
2025-05-23 03:00:00,3.992502881908928
2025-05-23 04:00:00,3.9733999973064935
2025-05-23 05:00:00,21.97689711270406
2025-05-23 06:00:00,77.5493259587284
2025-05-23 07:00:00,77.83786922776494
2025-05-23 08:00:00,3.9733999973064935
2025-05-23 09:00:00,36.53903365145049
2025-05-23 10:00:00,36.83157692048702
2025-05-23 11:00:00,14.228502881908929
2025-05-23 12:00:00,4.107120189523538
2025-05-23 13:00:00,4.584692304584416
2025-05-23 14:00:00,4.546486535379546
2025-05-23 15:00:00,4.298149035547889
2025-05-23 16:00:00,4.3554576893551955
2025-05-23 17:00:00,4.298149035547889
2025-05-23 18:00:00,22.95158941998198
2025-05-23 19:00:00,77.87528076617468
2025-05-23 20:00:00,77.9283836507771
2025-05-23 21:00:00,77.93038365077712
2025-05-23 22:00:00,26.585280766174677
2025-05-23 23:00:00,13.196986535379544
2025-05-24 00:00:00,11.973454804752759
2025-05-24 01:00:00,11.865849035547889
2025-05-24 02:00:00,11.476091344
2025-05-24 03:00:00,11.565205766511363
2025-05-24 04:00:00,11.469191343999999
2025-05-24 05:00:00,77.66494326634302
2025-05-24 06:00:00,68.49881153571623
2025-05-24 07:00:00,84.04381249410795
2025-05-24 08:00:00,71.66497690432598
2025-05-24 09:00:00,153.09126630949368
2025-05-24 10:00:00,119.92260187907436
2025-05-24 11:00:00,96.2507663027599
2025-05-24 12:00:00,85.28985668786737
2025-05-24 13:00:00,78.20368650036397
2025-05-24 14:00:00,45.29293939237353
2025-05-24 15:00:00,46.859375929773215
2025-05-24 16:00:00,46.66834708374886
2025-05-24 17:00:00,33.96492882312955
2025-05-24 18:00:00,20.803041332051784
2025-05-24 19:00:00,71.50746730020747
2025-05-24 20:00:00,81.00394807176916
2025-05-24 21:00:00,79.45861441897192
2025-05-24 22:00:00,74.7620134578867
2025-05-24 23:00:00,5.0240586504404225
2025-05-25 00:00:00,4.9476471120306815
2025-05-25 01:00:00,4.298149035547889
2025-05-25 02:00:00,3.916091344
2025-05-25 03:00:00,4.011605766511363
2025-05-25 04:00:00,3.916091344
2025-05-25 05:00:00,29.20509326634302
2025-05-25 06:00:00,77.45581153571624
2025-05-25 07:00:00,40.19781249410796
2025-05-25 08:00:00,27.660976904325977
2025-05-25 09:00:00,87.08526630949368
2025-05-25 10:00:00,97.92260187907436
2025-05-25 11:00:00,74.24976630275991
2025-05-25 12:00:00,63.287856687867375
2025-05-25 13:00:00,56.200686500363965
2025-05-25 14:00:00,45.29293939237353
2025-05-25 15:00:00,46.859375929773215
2025-05-25 16:00:00,46.66834708374886
2025-05-25 17:00:00,33.96492882312955
2025-05-25 18:00:00,20.803041332051784
2025-05-25 19:00:00,84.37758730020747
2025-05-25 20:00:00,81.00394807176916
2025-05-25 21:00:00,62.051614418971916
2025-05-25 22:00:00,5.387013457886688
2025-05-25 23:00:00,5.0240586504404225
2025-05-26 00:00:00,4.9476471120306815
2025-05-26 01:00:00,4.298149035547889
2025-05-26 02:00:00,3.916091344
2025-05-26 03:00:00,4.011605766511363
2025-05-26 04:00:00,3.916091344
2025-05-26 05:00:00,11.59834326634302
2025-05-26 06:00:00,42.85924153571623
2025-05-26 07:00:00,82.09681249410795
2025-05-26 08:00:00,101.06797690432597
2025-05-26 09:00:00,92.54426630949368
2025-05-26 10:00:00,64.91160187907435
2025-05-26 11:00:00,64.0137663027599
2025-05-26 12:00:00,63.287856687867375
2025-05-26 13:00:00,56.200686500363965
2025-05-26 14:00:00,45.29293939237353
2025-05-26 15:00:00,46.859375929773215
2025-05-26 16:00:00,46.66834708374886
2025-05-26 17:00:00,33.96492882312955
2025-05-26 18:00:00,20.803041332051784
2025-05-26 19:00:00,11.041467300207467
2025-05-26 20:00:00,7.602948071769156
2025-05-26 21:00:00,6.055614418971915
2025-05-26 22:00:00,5.387013457886688
2025-05-26 23:00:00,5.0240586504404225
2025-05-27 00:00:00,4.9476471120306815
2025-05-27 01:00:00,4.298149035547889
2025-05-27 02:00:00,3.916091344
2025-05-27 03:00:00,4.011605766511363
2025-05-27 04:00:00,3.916091344
2025-05-27 05:00:00,4.25994326634302
2025-05-27 06:00:00,4.049811535716233
2025-05-27 07:00:00,8.691812494107955
2025-05-27 08:00:00,27.660976904325977
2025-05-27 09:00:00,54.08026630949367
2025-05-27 10:00:00,64.91160187907435
2025-05-27 11:00:00,64.0137663027599
2025-05-27 12:00:00,63.287856687867375
2025-05-27 13:00:00,56.200686500363965
2025-05-27 14:00:00,45.29293939237353
2025-05-27 15:00:00,46.859375929773215
2025-05-27 16:00:00,46.66834708374886
2025-05-27 17:00:00,33.96492882312955
2025-05-27 18:00:00,20.803041332051784
2025-05-27 19:00:00,11.041467300207467
2025-05-27 20:00:00,7.602948071769156
2025-05-27 21:00:00,6.055614418971915
2025-05-27 22:00:00,5.387013457886688
2025-05-27 23:00:00,5.0240586504404225
2025-05-28 00:00:00,4.9476471120306815
2025-05-28 01:00:00,4.298149035547889
2025-05-28 02:00:00,3.916091344
2025-05-28 03:00:00,4.011605766511363
2025-05-28 04:00:00,3.916091344
2025-05-28 05:00:00,4.25994326634302
2025-05-28 06:00:00,4.049811535716233
2025-05-28 07:00:00,52.69381249410796
2025-05-28 08:00:00,71.66497690432598
2025-05-28 09:00:00,131.09026630949367
2025-05-28 10:00:00,97.92260187907436
2025-05-28 11:00:00,74.24976630275991
2025-05-28 12:00:00,63.287856687867375
2025-05-28 13:00:00,56.200686500363965
2025-05-28 14:00:00,45.29293939237353
2025-05-28 15:00:00,46.859375929773215
2025-05-28 16:00:00,46.66834708374886
2025-05-28 17:00:00,33.96492882312955
2025-05-28 18:00:00,20.803041332051784
2025-05-28 19:00:00,71.50846730020747
2025-05-28 20:00:00,81.00394807176916
2025-05-28 21:00:00,79.45861441897192
2025-05-28 22:00:00,14.165113457886688
2025-05-28 23:00:00,13.174258650440422
2025-05-29 00:00:00,12.610647112030682
2025-05-29 01:00:00,11.904049035547889
2025-05-29 02:00:00,11.497094228
2025-05-29 03:00:00,11.546702881908928
2025-05-29 04:00:00,11.526699997306494
2025-05-29 05:00:00,3.9542971127040576
2025-05-29 06:00:00,34.91149307412597
2025-05-29 07:00:00,53.39448653537954
2025-05-29 08:00:00,4.833029804416072
2025-05-29 09:00:00,60.64035095771835
2025-05-29 10:00:00,62.65215384097403
2025-05-29 11:00:00,41.444590378373704
2025-05-29 12:00:00,31.209590378373697
2025-05-29 13:00:00,29.62505095637159
2025-05-29 14:00:00,5.826379803742695
2025-05-29 15:00:00,5.234190381067209
2025-05-29 16:00:00,4.852132689018506
2025-05-29 17:00:00,4.718412496801461
2025-05-29 18:00:00,10.00897788
2025-05-29 19:00:00,29.800980766174675
2025-05-29 20:00:00,77.91658941998197
2025-05-29 21:00:00,77.66094326634301
2025-05-29 22:00:00,41.262589419981985
2025-05-29 23:00:00,14.097286535379546
2025-05-30 00:00:00,12.13935480475276
2025-05-30 01:00:00,11.820128843330846
2025-05-30 02:00:00,11.487794228
2025-05-30 03:00:00,12.052002881908928
2025-05-30 04:00:00,12.032699997306494
2025-05-30 05:00:00,12.013297112704057
2025-05-30 06:00:00,31.18232595872841
2025-05-30 07:00:00,104.03136922776493
2025-05-30 08:00:00,47.976399997306494
2025-05-30 09:00:00,80.54403365145049
2025-05-30 10:00:00,65.348576920487
2025-05-30 11:00:00,14.228502881908929
2025-05-30 12:00:00,4.107120189523538
2025-05-30 13:00:00,4.584692304584416
2025-05-30 14:00:00,4.546486535379546
2025-05-30 15:00:00,4.298149035547889
2025-05-30 16:00:00,4.3554576893551955
2025-05-30 17:00:00,4.298149035547889
2025-05-30 18:00:00,68.00158941998198
2025-05-30 19:00:00,77.86528076617468
2025-05-30 20:00:00,77.9283836507771
2025-05-30 21:00:00,77.92938365077711
2025-05-30 22:00:00,39.16428076617467
2025-05-30 23:00:00,13.515686535379547
2025-05-31 00:00:00,12.29455480475276
2025-05-31 01:00:00,12.006049035547889
2025-05-31 02:00:00,11.516491343999999
2025-05-31 03:00:00,11.566205766511363
2025-05-31 04:00:00,11.469191343999999
2025-05-31 05:00:00,19.14574326634302
2025-05-31 06:00:00,77.45481153571623
2025-05-31 07:00:00,82.09881249410795
2025-05-31 08:00:00,27.660976904325977
2025-05-31 09:00:00,109.08526630949368
2025-05-31 10:00:00,119.92260187907436
2025-05-31 11:00:00,96.2507663027599
2025-05-31 12:00:00,85.28985668786737
2025-05-31 13:00:00,78.20368650036397
2025-05-31 14:00:00,45.29293939237353
2025-05-31 15:00:00,46.859375929773215
2025-05-31 16:00:00,46.66834708374886
2025-05-31 17:00:00,33.96492882312955
2025-05-31 18:00:00,30.106041332051785
2025-05-31 19:00:00,71.51246730020748
2025-05-31 20:00:00,81.00394807176916
2025-05-31 21:00:00,79.45761441897191
2025-05-31 22:00:00,14.150413457886689
2025-05-31 23:00:00,13.159958650440423
2025-06-01 00:00:00,12.597047112030682
2025-06-01 01:00:00,11.890249035547889
2025-06-01 02:00:00,11.489791344
2025-06-01 03:00:00,11.567805766511363
2025-06-01 04:00:00,11.469491344
2025-06-01 05:00:00,19.045343266343018
2025-06-01 06:00:00,25.09025153571623
2025-06-01 07:00:00,119.07933249410796
2025-06-01 08:00:00,71.66497690432598
2025-06-01 09:00:00,131.09026630949367
2025-06-01 10:00:00,97.92260187907436
2025-06-01 11:00:00,74.24976630275991
2025-06-01 12:00:00,63.287856687867375
2025-06-01 13:00:00,56.200686500363965
2025-06-01 14:00:00,45.29293939237353
2025-06-01 15:00:00,46.859375929773215
2025-06-01 16:00:00,46.66834708374886
2025-06-01 17:00:00,33.96492882312955
2025-06-01 18:00:00,42.025041332051785
2025-06-01 19:00:00,84.39186730020748
2025-06-01 20:00:00,81.00394807176916
2025-06-01 21:00:00,67.11861441897192
2025-06-01 22:00:00,5.387013457886688
2025-06-01 23:00:00,5.0240586504404225
2025-06-02 00:00:00,4.9476471120306815
2025-06-02 01:00:00,4.298149035547889
2025-06-02 02:00:00,3.916091344
2025-06-02 03:00:00,4.011605766511363
2025-06-02 04:00:00,3.916091344
2025-06-02 05:00:00,20.99124326634302
2025-06-02 06:00:00,77.45381153571623
2025-06-02 07:00:00,82.09681249410795
2025-06-02 08:00:00,101.06797690432597
2025-06-02 09:00:00,54.08026630949367
2025-06-02 10:00:00,64.91160187907435
2025-06-02 11:00:00,64.0137663027599
2025-06-02 12:00:00,63.287856687867375
2025-06-02 13:00:00,56.200686500363965
2025-06-02 14:00:00,45.29293939237353
2025-06-02 15:00:00,46.859375929773215
2025-06-02 16:00:00,46.66834708374886
2025-06-02 17:00:00,33.96492882312955
2025-06-02 18:00:00,20.803041332051784
2025-06-02 19:00:00,11.041467300207467
2025-06-02 20:00:00,7.602948071769156
2025-06-02 21:00:00,6.055614418971915
2025-06-02 22:00:00,5.387013457886688
2025-06-02 23:00:00,5.0240586504404225
2025-06-03 00:00:00,4.9476471120306815
2025-06-03 01:00:00,4.298149035547889
2025-06-03 02:00:00,3.916091344
2025-06-03 03:00:00,4.011605766511363
2025-06-03 04:00:00,3.916091344
2025-06-03 05:00:00,4.25994326634302
2025-06-03 06:00:00,4.049811535716233
2025-06-03 07:00:00,8.691812494107955
2025-06-03 08:00:00,27.660976904325977
2025-06-03 09:00:00,54.08026630949367
2025-06-03 10:00:00,64.91160187907435
2025-06-03 11:00:00,64.0137663027599
2025-06-03 12:00:00,63.287856687867375
2025-06-03 13:00:00,56.200686500363965
2025-06-03 14:00:00,45.29293939237353
2025-06-03 15:00:00,46.859375929773215
2025-06-03 16:00:00,46.66834708374886
2025-06-03 17:00:00,33.96492882312955
2025-06-03 18:00:00,20.803041332051784
2025-06-03 19:00:00,11.041467300207467
2025-06-03 20:00:00,7.602948071769156
2025-06-03 21:00:00,6.055614418971915
2025-06-03 22:00:00,5.387013457886688
2025-06-03 23:00:00,5.0240586504404225
2025-06-04 00:00:00,4.9476471120306815
2025-06-04 01:00:00,4.298149035547889
2025-06-04 02:00:00,3.916091344
2025-06-04 03:00:00,4.011605766511363
2025-06-04 04:00:00,3.916091344
2025-06-04 05:00:00,4.25994326634302
2025-06-04 06:00:00,4.049811535716233
2025-06-04 07:00:00,8.691812494107955
2025-06-04 08:00:00,27.660976904325977
2025-06-04 09:00:00,87.08526630949368
2025-06-04 10:00:00,97.92260187907436
2025-06-04 11:00:00,74.24976630275991
2025-06-04 12:00:00,63.287856687867375
2025-06-04 13:00:00,56.200686500363965
2025-06-04 14:00:00,45.29293939237353
2025-06-04 15:00:00,46.859375929773215
2025-06-04 16:00:00,46.66834708374886
2025-06-04 17:00:00,33.96492882312955
2025-06-04 18:00:00,20.803041332051784
2025-06-04 19:00:00,84.37846730020746
2025-06-04 20:00:00,81.00394807176916
2025-06-04 21:00:00,79.45861441897192
2025-06-04 22:00:00,74.04701345788669
2025-06-04 23:00:00,5.0240586504404225
2025-06-05 00:00:00,4.9476471120306815
2025-06-05 01:00:00,4.298149035547889
2025-06-05 02:00:00,3.935194228
2025-06-05 03:00:00,3.992502881908928
2025-06-05 04:00:00,3.9733999973064935
2025-06-05 05:00:00,77.36029711270406
2025-06-05 06:00:00,70.61822307412598
2025-06-05 07:00:00,48.548486535379546
2025-06-05 08:00:00,48.83602980441607
2025-06-05 09:00:00,104.64535095771835
2025-06-05 10:00:00,62.65215384097403
2025-06-05 11:00:00,41.444590378373704
2025-06-05 12:00:00,31.209590378373697
2025-06-05 13:00:00,21.15905095637159
2025-06-05 14:00:00,19.843379803742693
2025-06-05 15:00:00,5.234190381067209
2025-06-05 16:00:00,4.852132689018506
2025-06-05 17:00:00,4.718412496801461
2025-06-05 18:00:00,4.48917788
2025-06-05 19:00:00,77.85808076617468
2025-06-05 20:00:00,77.96758941998198
2025-06-05 21:00:00,62.73694326634302
2025-06-05 22:00:00,4.565589419981981
2025-06-05 23:00:00,4.546486535379546
2025-06-06 00:00:00,4.33635480475276
2025-06-06 01:00:00,4.164428843330844
2025-06-06 02:00:00,3.935194228
2025-06-06 03:00:00,3.992502881908928
2025-06-06 04:00:00,3.9733999973064935
2025-06-06 05:00:00,48.492017112704055
2025-06-06 06:00:00,77.55032595872841
2025-06-06 07:00:00,77.14886922776493
2025-06-06 08:00:00,3.9733999973064935
2025-06-06 09:00:00,36.53903365145049
2025-06-06 10:00:00,36.83157692048702
2025-06-06 11:00:00,14.228502881908929
2025-06-06 12:00:00,4.107120189523538
2025-06-06 13:00:00,4.584692304584416
2025-06-06 14:00:00,4.546486535379546
2025-06-06 15:00:00,4.298149035547889
2025-06-06 16:00:00,4.3554576893551955
2025-06-06 17:00:00,4.298149035547889
2025-06-06 18:00:00,58.436589419981985
2025-06-06 19:00:00,77.90968076617467
2025-06-06 20:00:00,77.92938365077711
2025-06-06 21:00:00,77.93038365077712
2025-06-06 22:00:00,50.68828076617467
2025-06-06 23:00:00,4.546486535379546
2025-06-07 00:00:00,4.33635480475276
2025-06-07 01:00:00,4.298149035547889
2025-06-07 02:00:00,3.916091344
2025-06-07 03:00:00,4.011605766511363
2025-06-07 04:00:00,3.916091344
2025-06-07 05:00:00,76.73593326634301
2025-06-07 06:00:00,55.96381153571623
2025-06-07 07:00:00,52.69381249410796
2025-06-07 08:00:00,71.66397690432598
2025-06-07 09:00:00,153.09026630949367
2025-06-07 10:00:00,141.47160187907434
2025-06-07 11:00:00,96.2507663027599
2025-06-07 12:00:00,85.28985668786737
2025-06-07 13:00:00,78.20368650036397
2025-06-07 14:00:00,45.29293939237353
2025-06-07 15:00:00,46.859375929773215
2025-06-07 16:00:00,46.66834708374886
2025-06-07 17:00:00,33.96492882312955
2025-06-07 18:00:00,20.803041332051784
2025-06-07 19:00:00,36.34096730020747
2025-06-07 20:00:00,81.00394807176916
2025-06-07 21:00:00,79.45761441897191
2025-06-07 22:00:00,39.14501345788669
2025-06-07 23:00:00,13.733358650440422
2025-06-08 00:00:00,12.66074711203068
2025-06-08 01:00:00,11.883349035547889
2025-06-08 02:00:00,11.481091344
2025-06-08 03:00:00,11.569805766511363
2025-06-08 04:00:00,11.471891344
2025-06-08 05:00:00,11.813443266343022
2025-06-08 06:00:00,22.669211535716233
2025-06-08 07:00:00,34.619812494107954
2025-06-08 08:00:00,27.660976904325977
2025-06-08 09:00:00,87.08526630949368
2025-06-08 10:00:00,97.92260187907436
2025-06-08 11:00:00,74.24976630275991
2025-06-08 12:00:00,63.287856687867375
2025-06-08 13:00:00,56.200686500363965
2025-06-08 14:00:00,45.29293939237353
2025-06-08 15:00:00,46.859375929773215
2025-06-08 16:00:00,46.66834708374886
2025-06-08 17:00:00,33.96492882312955
2025-06-08 18:00:00,36.303041332051784
2025-06-08 19:00:00,36.331467300207464
2025-06-08 20:00:00,80.98194807176917
2025-06-08 21:00:00,79.41261441897191
2025-06-08 22:00:00,39.04601345788669
2025-06-08 23:00:00,13.624458650440424
2025-06-09 00:00:00,12.553047112030683
2025-06-09 01:00:00,11.859749035547889
2025-06-09 02:00:00,11.470891344
2025-06-09 03:00:00,11.566105766511363
2025-06-09 04:00:00,11.470391344
2025-06-09 05:00:00,31.030943266343023
2025-06-09 06:00:00,77.45381153571623
2025-06-09 07:00:00,82.09681249410795
2025-06-09 08:00:00,82.66497690432598
2025-06-09 09:00:00,89.43726630949368
2025-06-09 10:00:00,64.91160187907435
2025-06-09 11:00:00,64.0137663027599
2025-06-09 12:00:00,63.287856687867375
2025-06-09 13:00:00,56.200686500363965
2025-06-09 14:00:00,45.29293939237353
2025-06-09 15:00:00,46.859375929773215
2025-06-09 16:00:00,46.66834708374886
2025-06-09 17:00:00,33.96492882312955
2025-06-09 18:00:00,20.803041332051784
2025-06-09 19:00:00,11.041467300207467
2025-06-09 20:00:00,7.602948071769156
2025-06-09 21:00:00,6.055614418971915
2025-06-09 22:00:00,5.387013457886688
2025-06-09 23:00:00,5.0240586504404225
2025-06-10 00:00:00,4.9476471120306815
2025-06-10 01:00:00,4.298149035547889
2025-06-10 02:00:00,3.916091344
2025-06-10 03:00:00,4.011605766511363
2025-06-10 04:00:00,3.916091344
2025-06-10 05:00:00,11.263443266343021
2025-06-10 06:00:00,4.049811535716233
2025-06-10 07:00:00,8.691812494107955
2025-06-10 08:00:00,27.660976904325977
2025-06-10 09:00:00,54.08026630949367
2025-06-10 10:00:00,64.91160187907435
2025-06-10 11:00:00,64.0137663027599
2025-06-10 12:00:00,63.287856687867375
2025-06-10 13:00:00,56.200686500363965
2025-06-10 14:00:00,45.29293939237353
2025-06-10 15:00:00,46.859375929773215
2025-06-10 16:00:00,46.66834708374886
2025-06-10 17:00:00,33.96492882312955
2025-06-10 18:00:00,20.803041332051784
2025-06-10 19:00:00,11.041467300207467
2025-06-10 20:00:00,7.602948071769156
2025-06-10 21:00:00,6.055614418971915
2025-06-10 22:00:00,5.387013457886688
2025-06-10 23:00:00,5.0240586504404225
2025-06-11 00:00:00,4.9476471120306815
2025-06-11 01:00:00,4.298149035547889
2025-06-11 02:00:00,3.916091344
2025-06-11 03:00:00,4.011605766511363
2025-06-11 04:00:00,3.916091344
2025-06-11 05:00:00,4.25994326634302
2025-06-11 06:00:00,4.049811535716233
2025-06-11 07:00:00,52.69381249410796
2025-06-11 08:00:00,71.66497690432598
2025-06-11 09:00:00,131.09026630949367
2025-06-11 10:00:00,97.92260187907436
2025-06-11 11:00:00,74.24976630275991
2025-06-11 12:00:00,63.287856687867375
2025-06-11 13:00:00,56.200686500363965
2025-06-11 14:00:00,45.29293939237353
2025-06-11 15:00:00,46.859375929773215
2025-06-11 16:00:00,46.66834708374886
2025-06-11 17:00:00,33.96492882312955
2025-06-11 18:00:00,20.803041332051784
2025-06-11 19:00:00,36.341167300207466
2025-06-11 20:00:00,81.00394807176916
2025-06-11 21:00:00,79.45761441897191
2025-06-11 22:00:00,40.943013457886686
2025-06-11 23:00:00,14.252458650440424
2025-06-12 00:00:00,12.466547112030682
2025-06-12 01:00:00,12.282649035547887
2025-06-12 02:00:00,11.919394228
2025-06-12 03:00:00,11.976402881908928
2025-06-12 04:00:00,10.871299997306494
2025-06-12 05:00:00,77.35929711270406
2025-06-12 06:00:00,59.13122307412598
2025-06-12 07:00:00,33.38248653537954
2025-06-12 08:00:00,4.833029804416072
2025-06-12 09:00:00,60.64035095771835
2025-06-12 10:00:00,62.65215384097403
2025-06-12 11:00:00,41.444590378373704
2025-06-12 12:00:00,31.209590378373697
2025-06-12 13:00:00,29.62505095637159
2025-06-12 14:00:00,5.826379803742695
2025-06-12 15:00:00,5.234190381067209
2025-06-12 16:00:00,4.852132689018506
2025-06-12 17:00:00,4.718412496801461
2025-06-12 18:00:00,4.48917788
2025-06-12 19:00:00,77.84528076617467
2025-06-12 20:00:00,77.96658941998197
2025-06-12 21:00:00,77.66294326634302
2025-06-12 22:00:00,11.78488941998198
2025-06-12 23:00:00,12.473386535379547
2025-06-13 00:00:00,12.26295480475276
2025-06-13 01:00:00,12.090728843330844
2025-06-13 02:00:00,11.861294228
2025-06-13 03:00:00,11.918302881908929
2025-06-13 04:00:00,11.898999997306493
2025-06-13 05:00:00,36.784637112704054
2025-06-13 06:00:00,38.99080595872841
2025-06-13 07:00:00,121.84186922776493
2025-06-13 08:00:00,47.97739999730649
2025-06-13 09:00:00,80.54403365145049
2025-06-13 10:00:00,36.83157692048702
2025-06-13 11:00:00,14.228502881908929
2025-06-13 12:00:00,4.107120189523538
2025-06-13 13:00:00,4.584692304584416
2025-06-13 14:00:00,4.546486535379546
2025-06-13 15:00:00,4.298149035547889
2025-06-13 16:00:00,4.3554576893551955
2025-06-13 17:00:00,4.298149035547889
2025-06-13 18:00:00,18.86558941998198
2025-06-13 19:00:00,64.97728076617467
2025-06-13 20:00:00,77.9283836507771
2025-06-13 21:00:00,77.92938365077711
2025-06-13 22:00:00,75.45628076617467
2025-06-13 23:00:00,4.546486535379546
2025-06-14 00:00:00,4.33635480475276
2025-06-14 01:00:00,4.298149035547889
2025-06-14 02:00:00,3.916091344
2025-06-14 03:00:00,4.011605766511363
2025-06-14 04:00:00,3.916091344
2025-06-14 05:00:00,11.15744326634302
2025-06-14 06:00:00,35.25813153571623
2025-06-14 07:00:00,44.872812494107954
2025-06-14 08:00:00,27.660976904325977
2025-06-14 09:00:00,109.08526630949368
2025-06-14 10:00:00,119.92260187907436
2025-06-14 11:00:00,96.2507663027599
2025-06-14 12:00:00,85.28985668786737
2025-06-14 13:00:00,78.20368650036397
2025-06-14 14:00:00,45.29293939237353
2025-06-14 15:00:00,46.859375929773215
2025-06-14 16:00:00,46.66834708374886
2025-06-14 17:00:00,33.96492882312955
2025-06-14 18:00:00,35.906041332051785
2025-06-14 19:00:00,84.39566730020748
2025-06-14 20:00:00,81.00394807176916
2025-06-14 21:00:00,79.45761441897191
2025-06-14 22:00:00,53.75801345788669
2025-06-14 23:00:00,17.844058650440424
2025-06-15 00:00:00,12.679447112030681
2025-06-15 01:00:00,11.884649035547888
2025-06-15 02:00:00,11.484191344
2025-06-15 03:00:00,11.572905766511363
2025-06-15 04:00:00,11.470791344
2025-06-15 05:00:00,52.24221326634302
2025-06-15 06:00:00,77.45681153571623
2025-06-15 07:00:00,90.10881249410795
2025-06-15 08:00:00,71.66397690432598
2025-06-15 09:00:00,131.09026630949367
2025-06-15 10:00:00,117.26860187907435
2025-06-15 11:00:00,74.24976630275991
2025-06-15 12:00:00,63.287856687867375
2025-06-15 13:00:00,56.200686500363965
2025-06-15 14:00:00,45.29293939237353
2025-06-15 15:00:00,46.859375929773215
2025-06-15 16:00:00,46.66834708374886
2025-06-15 17:00:00,33.96492882312955
2025-06-15 18:00:00,20.803041332051784
2025-06-15 19:00:00,84.38946730020747
2025-06-15 20:00:00,81.00494807176916
2025-06-15 21:00:00,79.45861441897192
2025-06-15 22:00:00,36.03601345788669
2025-06-15 23:00:00,12.743158650440423
2025-06-16 00:00:00,12.504047112030682
2025-06-16 01:00:00,11.852349035547888
2025-06-16 02:00:00,11.469491344
2025-06-16 03:00:00,4.011605766511363
2025-06-16 04:00:00,3.916091344
2025-06-16 05:00:00,4.25994326634302
2025-06-16 06:00:00,64.96485153571624
2025-06-16 07:00:00,82.09881249410795
2025-06-16 08:00:00,27.660976904325977
2025-06-16 09:00:00,54.08026630949367
2025-06-16 10:00:00,64.91160187907435
2025-06-16 11:00:00,64.0137663027599
2025-06-16 12:00:00,63.287856687867375
2025-06-16 13:00:00,56.200686500363965
2025-06-16 14:00:00,45.29293939237353
2025-06-16 15:00:00,46.859375929773215
2025-06-16 16:00:00,46.66834708374886
2025-06-16 17:00:00,33.96492882312955
2025-06-16 18:00:00,20.803041332051784
2025-06-16 19:00:00,11.041467300207467
2025-06-16 20:00:00,7.602948071769156
2025-06-16 21:00:00,6.055614418971915
2025-06-16 22:00:00,5.387013457886688
2025-06-16 23:00:00,5.0240586504404225
2025-06-17 00:00:00,4.9476471120306815
2025-06-17 01:00:00,4.298149035547889
2025-06-17 02:00:00,3.916091344
2025-06-17 03:00:00,4.011605766511363
2025-06-17 04:00:00,3.916091344
2025-06-17 05:00:00,4.25994326634302
2025-06-17 06:00:00,4.049811535716233
2025-06-17 07:00:00,8.691812494107955
2025-06-17 08:00:00,27.660976904325977
2025-06-17 09:00:00,54.08026630949367
2025-06-17 10:00:00,64.91160187907435
2025-06-17 11:00:00,64.0137663027599
2025-06-17 12:00:00,63.287856687867375
2025-06-17 13:00:00,56.200686500363965
2025-06-17 14:00:00,45.29293939237353
2025-06-17 15:00:00,46.859375929773215
2025-06-17 16:00:00,46.66834708374886
2025-06-17 17:00:00,33.96492882312955
2025-06-17 18:00:00,20.803041332051784
2025-06-17 19:00:00,11.041467300207467
2025-06-17 20:00:00,7.602948071769156
2025-06-17 21:00:00,6.055614418971915
2025-06-17 22:00:00,5.387013457886688
2025-06-17 23:00:00,5.0240586504404225
2025-06-18 00:00:00,4.9476471120306815
2025-06-18 01:00:00,4.298149035547889
2025-06-18 02:00:00,3.916091344
2025-06-18 03:00:00,4.011605766511363
2025-06-18 04:00:00,3.916091344
2025-06-18 05:00:00,4.25994326634302
2025-06-18 06:00:00,4.049811535716233
2025-06-18 07:00:00,8.691812494107955
2025-06-18 08:00:00,27.660976904325977
2025-06-18 09:00:00,87.08526630949368
2025-06-18 10:00:00,97.92260187907436
2025-06-18 11:00:00,74.24976630275991
2025-06-18 12:00:00,63.287856687867375
2025-06-18 13:00:00,56.200686500363965
2025-06-18 14:00:00,45.29293939237353
2025-06-18 15:00:00,46.859375929773215
2025-06-18 16:00:00,46.66834708374886
2025-06-18 17:00:00,33.96492882312955
2025-06-18 18:00:00,20.803041332051784
2025-06-18 19:00:00,84.37546730020748
2025-06-18 20:00:00,81.00494807176916
2025-06-18 21:00:00,79.45861441897192
2025-06-18 22:00:00,60.501013457886685
2025-06-18 23:00:00,5.0240586504404225
2025-06-19 00:00:00,4.9476471120306815
2025-06-19 01:00:00,4.298149035547889
2025-06-19 02:00:00,3.935194228
2025-06-19 03:00:00,3.992502881908928
2025-06-19 04:00:00,3.9733999973064935
2025-06-19 05:00:00,44.831067112704055
2025-06-19 06:00:00,73.25162307412597
2025-06-19 07:00:00,75.28348653537954
2025-06-19 08:00:00,48.83602980441607
2025-06-19 09:00:00,104.64535095771835
2025-06-19 10:00:00,82.87615384097403
2025-06-19 11:00:00,41.444590378373704
2025-06-19 12:00:00,31.209590378373697
2025-06-19 13:00:00,29.62505095637159
2025-06-19 14:00:00,5.826379803742695
2025-06-19 15:00:00,5.234190381067209
2025-06-19 16:00:00,4.852132689018506
2025-06-19 17:00:00,4.718412496801461
2025-06-19 18:00:00,4.48917788
2025-06-19 19:00:00,77.84008076617468
2025-06-19 20:00:00,77.96758941998198
2025-06-19 21:00:00,70.50394326634301
2025-06-19 22:00:00,4.565589419981981
2025-06-19 23:00:00,11.829886535379547
2025-06-20 00:00:00,11.61955480475276
2025-06-20 01:00:00,11.447428843330844
2025-06-20 02:00:00,11.217894228
2025-06-20 03:00:00,11.275002881908929
2025-06-20 04:00:00,11.255699997306493
2025-06-20 05:00:00,11.236297112704058
2025-06-20 06:00:00,20.58572595872841
2025-06-20 07:00:00,37.715869227764934
2025-06-20 08:00:00,3.9733999973064935
2025-06-20 09:00:00,36.53903365145049
2025-06-20 10:00:00,36.83157692048702
2025-06-20 11:00:00,14.228502881908929
2025-06-20 12:00:00,4.107120189523538
2025-06-20 13:00:00,4.584692304584416
2025-06-20 14:00:00,4.546486535379546
2025-06-20 15:00:00,4.298149035547889
2025-06-20 16:00:00,4.3554576893551955
2025-06-20 17:00:00,4.298149035547889
2025-06-20 18:00:00,77.93958941998197
2025-06-20 19:00:00,64.98428076617468
2025-06-20 20:00:00,77.91138365077711
2025-06-20 21:00:00,77.92938365077711
2025-06-20 22:00:00,4.508280766174675
2025-06-20 23:00:00,4.546486535379546
2025-06-21 00:00:00,4.33635480475276
2025-06-21 01:00:00,4.298149035547889
2025-06-21 02:00:00,3.916091344
2025-06-21 03:00:00,4.011605766511363
2025-06-21 04:00:00,3.916091344
2025-06-21 05:00:00,20.720643266343018
2025-06-21 06:00:00,24.391431535716233
2025-06-21 07:00:00,78.28081249410795
2025-06-21 08:00:00,71.66397690432598
2025-06-21 09:00:00,153.09026630949367
2025-06-21 10:00:00,119.92260187907436
2025-06-21 11:00:00,96.2507663027599
2025-06-21 12:00:00,85.28985668786737
2025-06-21 13:00:00,78.20368650036397
2025-06-21 14:00:00,45.29293939237353
2025-06-21 15:00:00,46.859375929773215
2025-06-21 16:00:00,46.66834708374886
2025-06-21 17:00:00,33.96492882312955
2025-06-21 18:00:00,94.18604133205179
2025-06-21 19:00:00,71.52946730020747
2025-06-21 20:00:00,80.98894807176916
2025-06-21 21:00:00,79.45761441897191
2025-06-21 22:00:00,13.939013457886688
2025-06-21 23:00:00,12.943458650440423
2025-06-22 00:00:00,12.61194711203068
2025-06-22 01:00:00,11.853749035547889
2025-06-22 02:00:00,11.977991344
2025-06-22 03:00:00,12.073205766511364
2025-06-22 04:00:00,11.977391343999999
2025-06-22 05:00:00,20.031843266343017
2025-06-22 06:00:00,59.752411535716234
2025-06-22 07:00:00,82.09681249410795
2025-06-22 08:00:00,27.660976904325977
2025-06-22 09:00:00,87.08526630949368
2025-06-22 10:00:00,141.92560187907435
2025-06-22 11:00:00,118.2547663027599
2025-06-22 12:00:00,80.01685668786737
2025-06-22 13:00:00,56.200686500363965
2025-06-22 14:00:00,45.29293939237353
2025-06-22 15:00:00,46.859375929773215
2025-06-22 16:00:00,46.66834708374886
2025-06-22 17:00:00,33.96492882312955
2025-06-22 18:00:00,93.82304133205179
2025-06-22 19:00:00,84.43096730020747
2025-06-22 20:00:00,81.00514807176916
2025-06-22 21:00:00,79.45861441897192
2025-06-22 22:00:00,56.882013457886686
2025-06-22 23:00:00,5.0240586504404225
2025-06-23 00:00:00,4.9476471120306815
2025-06-23 01:00:00,4.298149035547889
2025-06-23 02:00:00,3.916091344
2025-06-23 03:00:00,4.011605766511363
2025-06-23 04:00:00,3.916091344
2025-06-23 05:00:00,67.96950326634303
2025-06-23 06:00:00,22.451811535716235
2025-06-23 07:00:00,16.914512494107953
2025-06-23 08:00:00,27.660976904325977
2025-06-23 09:00:00,54.08026630949367
2025-06-23 10:00:00,64.91160187907435
2025-06-23 11:00:00,64.0137663027599
2025-06-23 12:00:00,63.287856687867375
2025-06-23 13:00:00,56.200686500363965
2025-06-23 14:00:00,45.29293939237353
2025-06-23 15:00:00,46.859375929773215
2025-06-23 16:00:00,46.66834708374886
2025-06-23 17:00:00,33.96492882312955
2025-06-23 18:00:00,20.803041332051784
2025-06-23 19:00:00,11.041467300207467
2025-06-23 20:00:00,7.602948071769156
2025-06-23 21:00:00,6.055614418971915
2025-06-23 22:00:00,5.387013457886688
2025-06-23 23:00:00,5.0240586504404225
2025-06-24 00:00:00,4.9476471120306815
2025-06-24 01:00:00,4.298149035547889
2025-06-24 02:00:00,3.916091344
2025-06-24 03:00:00,4.011605766511363
2025-06-24 04:00:00,3.916091344
2025-06-24 05:00:00,4.25994326634302
2025-06-24 06:00:00,4.049811535716233
2025-06-24 07:00:00,8.691812494107955
2025-06-24 08:00:00,27.660976904325977
2025-06-24 09:00:00,54.08026630949367
2025-06-24 10:00:00,64.91160187907435
2025-06-24 11:00:00,64.0137663027599
2025-06-24 12:00:00,63.287856687867375
2025-06-24 13:00:00,56.200686500363965
2025-06-24 14:00:00,45.29293939237353
2025-06-24 15:00:00,46.859375929773215
2025-06-24 16:00:00,46.66834708374886
2025-06-24 17:00:00,33.96492882312955
2025-06-24 18:00:00,20.803041332051784
2025-06-24 19:00:00,11.041467300207467
2025-06-24 20:00:00,7.602948071769156
2025-06-24 21:00:00,6.055614418971915
2025-06-24 22:00:00,5.387013457886688
2025-06-24 23:00:00,5.0240586504404225
2025-06-25 00:00:00,4.9476471120306815
2025-06-25 01:00:00,4.298149035547889
2025-06-25 02:00:00,3.916091344
2025-06-25 03:00:00,4.011605766511363
2025-06-25 04:00:00,3.916091344
2025-06-25 05:00:00,4.25994326634302
2025-06-25 06:00:00,4.049811535716233
2025-06-25 07:00:00,8.691812494107955
2025-06-25 08:00:00,27.660976904325977
2025-06-25 09:00:00,87.08526630949368
2025-06-25 10:00:00,97.92260187907436
2025-06-25 11:00:00,74.24976630275991
2025-06-25 12:00:00,63.287856687867375
2025-06-25 13:00:00,56.200686500363965
2025-06-25 14:00:00,45.29293939237353
2025-06-25 15:00:00,46.859375929773215
2025-06-25 16:00:00,46.66834708374886
2025-06-25 17:00:00,33.96492882312955
2025-06-25 18:00:00,20.803041332051784
2025-06-25 19:00:00,71.52846730020747
2025-06-25 20:00:00,81.00394807176916
2025-06-25 21:00:00,79.45761441897191
2025-06-25 22:00:00,74.3520134578867
2025-06-25 23:00:00,5.0240586504404225
2025-06-26 00:00:00,4.9476471120306815
2025-06-26 01:00:00,4.298149035547889
2025-06-26 02:00:00,3.935194228
2025-06-26 03:00:00,3.992502881908928
2025-06-26 04:00:00,3.9733999973064935
2025-06-26 05:00:00,10.852197112704058
2025-06-26 06:00:00,54.419563074125975
2025-06-26 07:00:00,121.95648653537954
2025-06-26 08:00:00,48.83702980441607
2025-06-26 09:00:00,104.64635095771834
2025-06-26 10:00:00,62.65215384097403
2025-06-26 11:00:00,41.444590378373704
2025-06-26 12:00:00,31.209590378373697
2025-06-26 13:00:00,29.62505095637159
2025-06-26 14:00:00,5.826379803742695
2025-06-26 15:00:00,5.234190381067209
2025-06-26 16:00:00,4.852132689018506
2025-06-26 17:00:00,4.718412496801461
2025-06-26 18:00:00,22.87517788
2025-06-26 19:00:00,77.87528076617468
2025-06-26 20:00:00,77.96658941998197
2025-06-26 21:00:00,77.66294326634302
2025-06-26 22:00:00,59.345589419981984
2025-06-26 23:00:00,4.546486535379546
2025-06-27 00:00:00,4.33635480475276
2025-06-27 01:00:00,4.164428843330844
2025-06-27 02:00:00,3.935194228
2025-06-27 03:00:00,3.992502881908928
2025-06-27 04:00:00,3.9733999973064935
2025-06-27 05:00:00,77.35929711270406
2025-06-27 06:00:00,59.149325958728404
2025-06-27 07:00:00,50.16886922776494
2025-06-27 08:00:00,3.9733999973064935
2025-06-27 09:00:00,36.53903365145049
2025-06-27 10:00:00,36.83157692048702
2025-06-27 11:00:00,14.228502881908929
2025-06-27 12:00:00,4.107120189523538
2025-06-27 13:00:00,4.584692304584416
2025-06-27 14:00:00,4.546486535379546
2025-06-27 15:00:00,4.298149035547889
2025-06-27 16:00:00,4.3554576893551955
2025-06-27 17:00:00,4.298149035547889
2025-06-27 18:00:00,4.565589419981981
2025-06-27 19:00:00,77.85528076617467
2025-06-27 20:00:00,77.9295436507771
2025-06-27 21:00:00,77.93038365077712
2025-06-27 22:00:00,59.87328076617467
2025-06-27 23:00:00,4.546486535379546
2025-06-28 00:00:00,4.33635480475276
2025-06-28 01:00:00,4.298149035547889
2025-06-28 02:00:00,3.916091344
2025-06-28 03:00:00,4.011605766511363
2025-06-28 04:00:00,3.916091344
2025-06-28 05:00:00,77.66594326634302
2025-06-28 06:00:00,70.07981153571623
2025-06-28 07:00:00,52.69381249410796
2025-06-28 08:00:00,71.66497690432598
2025-06-28 09:00:00,153.09026630949367
2025-06-28 10:00:00,119.92260187907436
2025-06-28 11:00:00,96.2507663027599
2025-06-28 12:00:00,85.28985668786737
2025-06-28 13:00:00,78.20368650036397
2025-06-28 14:00:00,45.29293939237353
2025-06-28 15:00:00,46.859375929773215
2025-06-28 16:00:00,46.66834708374886
2025-06-28 17:00:00,33.96492882312955
2025-06-28 18:00:00,20.803041332051784
2025-06-28 19:00:00,84.39046730020748
2025-06-28 20:00:00,81.00505807176916
2025-06-28 21:00:00,79.45861441897192
2025-06-28 22:00:00,61.84601345788669
2025-06-28 23:00:00,5.0240586504404225
2025-06-29 00:00:00,4.9476471120306815
2025-06-29 01:00:00,4.298149035547889
2025-06-29 02:00:00,3.916091344
2025-06-29 03:00:00,4.011605766511363
2025-06-29 04:00:00,3.916091344
2025-06-29 05:00:00,70.74003326634302
2025-06-29 06:00:00,57.57181153571623
2025-06-29 07:00:00,22.963812494107955
2025-06-29 08:00:00,27.660976904325977
2025-06-29 09:00:00,87.08526630949368
2025-06-29 10:00:00,97.92260187907436
2025-06-29 11:00:00,74.24976630275991
2025-06-29 12:00:00,63.287856687867375
2025-06-29 13:00:00,56.200686500363965
2025-06-29 14:00:00,45.29293939237353
2025-06-29 15:00:00,46.859375929773215
2025-06-29 16:00:00,46.66834708374886
2025-06-29 17:00:00,33.96492882312955
2025-06-29 18:00:00,20.803041332051784
2025-06-29 19:00:00,71.51346730020747
2025-06-29 20:00:00,81.00394807176916
2025-06-29 21:00:00,79.45761441897191
2025-06-29 22:00:00,5.387013457886688
2025-06-29 23:00:00,5.0240586504404225
2025-06-30 00:00:00,4.9476471120306815
2025-06-30 01:00:00,4.298149035547889
2025-06-30 02:00:00,3.916091344
2025-06-30 03:00:00,4.011605766511363
2025-06-30 04:00:00,3.916091344
2025-06-30 05:00:00,75.43134326634302
2025-06-30 06:00:00,77.45481153571623
2025-06-30 07:00:00,82.09981249410795
2025-06-30 08:00:00,27.660976904325977
2025-06-30 09:00:00,54.08026630949367
2025-06-30 10:00:00,64.91160187907435
2025-06-30 11:00:00,64.0137663027599
2025-06-30 12:00:00,63.287856687867375
2025-06-30 13:00:00,56.200686500363965
2025-06-30 14:00:00,45.29293939237353
2025-06-30 15:00:00,46.859375929773215
2025-06-30 16:00:00,46.66834708374886
2025-06-30 17:00:00,33.96492882312955
2025-06-30 18:00:00,20.803041332051784
2025-06-30 19:00:00,11.041467300207467
2025-06-30 20:00:00,7.602948071769156
2025-06-30 21:00:00,6.055614418971915
2025-06-30 22:00:00,5.387013457886688
2025-06-30 23:00:00,5.0240586504404225
2025-07-01 00:00:00,4.9476471120306815
2025-07-01 01:00:00,4.298149035547889
2025-07-01 02:00:00,3.916091344
2025-07-01 03:00:00,4.011605766511363
2025-07-01 04:00:00,3.916091344
2025-07-01 05:00:00,4.25994326634302
2025-07-01 06:00:00,4.049811535716233
2025-07-01 07:00:00,8.691812494107955
2025-07-01 08:00:00,27.660976904325977
2025-07-01 09:00:00,54.08026630949367
2025-07-01 10:00:00,64.91160187907435
2025-07-01 11:00:00,64.0137663027599
2025-07-01 12:00:00,63.287856687867375
2025-07-01 13:00:00,56.200686500363965
2025-07-01 14:00:00,45.29293939237353
2025-07-01 15:00:00,46.859375929773215
2025-07-01 16:00:00,46.66834708374886
2025-07-01 17:00:00,33.96492882312955
2025-07-01 18:00:00,20.803041332051784
2025-07-01 19:00:00,11.041467300207467
2025-07-01 20:00:00,7.602948071769156
2025-07-01 21:00:00,6.055614418971915
2025-07-01 22:00:00,5.387013457886688
2025-07-01 23:00:00,5.0240586504404225
2025-07-02 00:00:00,4.9476471120306815
2025-07-02 01:00:00,4.298149035547889
2025-07-02 02:00:00,3.916091344
2025-07-02 03:00:00,4.011605766511363
2025-07-02 04:00:00,3.916091344
2025-07-02 05:00:00,4.25994326634302
2025-07-02 06:00:00,4.049811535716233
2025-07-02 07:00:00,29.17281249410796
2025-07-02 08:00:00,71.66397690432598
2025-07-02 09:00:00,131.08926630949367
2025-07-02 10:00:00,141.61160187907436
2025-07-02 11:00:00,74.24976630275991
2025-07-02 12:00:00,63.287856687867375
2025-07-02 13:00:00,56.200686500363965
2025-07-02 14:00:00,45.29293939237353
2025-07-02 15:00:00,46.859375929773215
2025-07-02 16:00:00,46.66834708374886
2025-07-02 17:00:00,33.96492882312955
2025-07-02 18:00:00,20.803041332051784
2025-07-02 19:00:00,84.37346730020747
2025-07-02 20:00:00,81.00496807176916
2025-07-02 21:00:00,79.45861441897192
2025-07-02 22:00:00,60.70401345788669
2025-07-02 23:00:00,5.0240586504404225
2025-07-03 00:00:00,4.9476471120306815
2025-07-03 01:00:00,4.298149035547889
2025-07-03 02:00:00,3.935194228
2025-07-03 03:00:00,3.992502881908928
2025-07-03 04:00:00,3.9733999973064935
2025-07-03 05:00:00,33.64456711270406
2025-07-03 06:00:00,46.37822307412597
2025-07-03 07:00:00,73.46748653537955
2025-07-03 08:00:00,4.833029804416072
2025-07-03 09:00:00,60.61835095771834
2025-07-03 10:00:00,62.65215384097403
2025-07-03 11:00:00,41.444590378373704
2025-07-03 12:00:00,31.209590378373697
2025-07-03 13:00:00,29.62505095637159
2025-07-03 14:00:00,5.826379803742695
2025-07-03 15:00:00,5.234190381067209
2025-07-03 16:00:00,4.852132689018506
2025-07-03 17:00:00,4.718412496801461
2025-07-03 18:00:00,4.48917788
2025-07-03 19:00:00,77.86128076617467
2025-07-03 20:00:00,77.96752941998197
2025-07-03 21:00:00,77.66294326634302
2025-07-03 22:00:00,16.08958941998198
2025-07-03 23:00:00,13.307686535379545
2025-07-04 00:00:00,12.10275480475276
2025-07-04 01:00:00,11.801328843330843
2025-07-04 02:00:00,11.525694227999999
2025-07-04 03:00:00,11.564502881908929
2025-07-04 04:00:00,11.527699997306494
2025-07-04 05:00:00,49.665367112704054
2025-07-04 06:00:00,77.5523259587284
2025-07-04 07:00:00,88.87286922776494
2025-07-04 08:00:00,47.97739999730649
2025-07-04 09:00:00,80.54403365145049
2025-07-04 10:00:00,36.83157692048702
2025-07-04 11:00:00,14.228502881908929
2025-07-04 12:00:00,4.107120189523538
2025-07-04 13:00:00,4.584692304584416
2025-07-04 14:00:00,4.546486535379546
2025-07-04 15:00:00,4.298149035547889
2025-07-04 16:00:00,4.3554576893551955
2025-07-04 17:00:00,4.298149035547889
2025-07-04 18:00:00,4.565589419981981
2025-07-04 19:00:00,77.85528076617469
2025-07-04 20:00:00,77.92945365077712
2025-07-04 21:00:00,77.93038365077712
2025-07-04 22:00:00,36.38028076617468
2025-07-04 23:00:00,12.622286535379544
2025-07-05 00:00:00,12.07065480475276
2025-07-05 01:00:00,11.922949035547887
2025-07-05 02:00:00,11.494591344
2025-07-05 03:00:00,4.011605766511363
2025-07-05 04:00:00,3.916091344
2025-07-05 05:00:00,4.25994326634302
2025-07-05 06:00:00,19.046011535716232
2025-07-05 07:00:00,25.463812494107955
2025-07-05 08:00:00,27.660976904325977
2025-07-05 09:00:00,109.06326630949367
2025-07-05 10:00:00,119.92260187907436
2025-07-05 11:00:00,96.2507663027599
2025-07-05 12:00:00,85.28985668786737
2025-07-05 13:00:00,78.20268650036397
2025-07-05 14:00:00,53.518339392373534
2025-07-05 15:00:00,46.859375929773215
2025-07-05 16:00:00,46.66834708374886
2025-07-05 17:00:00,33.96492882312955
2025-07-05 18:00:00,49.06604133205178
2025-07-05 19:00:00,84.40346730020747
2025-07-05 20:00:00,80.94985807176917
2025-07-05 21:00:00,79.45761441897191
2025-07-05 22:00:00,13.254913457886687
2025-07-05 23:00:00,12.670058650440422
2025-07-06 00:00:00,12.535447112030681
2025-07-06 01:00:00,11.867349035547889
2025-07-06 02:00:00,11.478491344
2025-07-06 03:00:00,11.567405766511364
2025-07-06 04:00:00,11.471011344
2025-07-06 05:00:00,12.10234326634302
2025-07-06 06:00:00,26.431811535716236
2025-07-06 07:00:00,91.56081249410795
2025-07-06 08:00:00,71.66397690432598
2025-07-06 09:00:00,131.08926630949367
2025-07-06 10:00:00,127.69660187907435
2025-07-06 11:00:00,74.24976630275991
2025-07-06 12:00:00,63.287856687867375
2025-07-06 13:00:00,56.200686500363965
2025-07-06 14:00:00,45.29293939237353
2025-07-06 15:00:00,46.859375929773215
2025-07-06 16:00:00,46.66834708374886
2025-07-06 17:00:00,33.96492882312955
2025-07-06 18:00:00,94.1820413320518
2025-07-06 19:00:00,84.39286730020747
2025-07-06 20:00:00,81.00383807176917
2025-07-06 21:00:00,79.45761441897191
2025-07-06 22:00:00,57.083013457886686
2025-07-06 23:00:00,5.0240586504404225
2025-07-07 00:00:00,4.9476471120306815
2025-07-07 01:00:00,4.298149035547889
2025-07-07 02:00:00,3.916091344
2025-07-07 03:00:00,4.011605766511363
2025-07-07 04:00:00,3.916091344
2025-07-07 05:00:00,77.66494326634302
2025-07-07 06:00:00,77.45681153571623
2025-07-07 07:00:00,50.189812494107954
2025-07-07 08:00:00,27.660976904325977
2025-07-07 09:00:00,54.08026630949367
2025-07-07 10:00:00,64.91160187907435
2025-07-07 11:00:00,64.0137663027599
2025-07-07 12:00:00,63.287856687867375
2025-07-07 13:00:00,56.200686500363965
2025-07-07 14:00:00,45.29293939237353
2025-07-07 15:00:00,46.859375929773215
2025-07-07 16:00:00,46.66834708374886
2025-07-07 17:00:00,33.96492882312955
2025-07-07 18:00:00,20.803041332051784
2025-07-07 19:00:00,11.041467300207467
2025-07-07 20:00:00,7.602948071769156
2025-07-07 21:00:00,6.055614418971915
2025-07-07 22:00:00,5.387013457886688
2025-07-07 23:00:00,5.0240586504404225
2025-07-08 00:00:00,4.9476471120306815
2025-07-08 01:00:00,4.298149035547889
2025-07-08 02:00:00,3.916091344
2025-07-08 03:00:00,4.011605766511363
2025-07-08 04:00:00,3.916091344
2025-07-08 05:00:00,4.25994326634302
2025-07-08 06:00:00,4.049811535716233
2025-07-08 07:00:00,8.691812494107955
2025-07-08 08:00:00,27.660976904325977
2025-07-08 09:00:00,54.08026630949367
2025-07-08 10:00:00,64.91160187907435
2025-07-08 11:00:00,64.0137663027599
2025-07-08 12:00:00,63.287856687867375
2025-07-08 13:00:00,56.200686500363965
2025-07-08 14:00:00,45.29293939237353
2025-07-08 15:00:00,46.859375929773215
2025-07-08 16:00:00,46.66834708374886
2025-07-08 17:00:00,33.96492882312955
2025-07-08 18:00:00,20.803041332051784
2025-07-08 19:00:00,11.041467300207467
2025-07-08 20:00:00,7.602948071769156
2025-07-08 21:00:00,6.055614418971915
2025-07-08 22:00:00,5.387013457886688
2025-07-08 23:00:00,5.0240586504404225
2025-07-09 00:00:00,4.9476471120306815
2025-07-09 01:00:00,4.298149035547889
2025-07-09 02:00:00,3.916091344
2025-07-09 03:00:00,4.011605766511363
2025-07-09 04:00:00,3.916091344
2025-07-09 05:00:00,4.25994326634302
2025-07-09 06:00:00,4.049811535716233
2025-07-09 07:00:00,8.691812494107955
2025-07-09 08:00:00,27.660976904325977
2025-07-09 09:00:00,87.08526630949368
2025-07-09 10:00:00,97.92260187907436
2025-07-09 11:00:00,74.24976630275991
2025-07-09 12:00:00,63.287856687867375
2025-07-09 13:00:00,56.200686500363965
2025-07-09 14:00:00,45.29293939237353
2025-07-09 15:00:00,46.859375929773215
2025-07-09 16:00:00,46.66834708374886
2025-07-09 17:00:00,33.96492882312955
2025-07-09 18:00:00,20.803041332051784
2025-07-09 19:00:00,84.37246730020748
2025-07-09 20:00:00,81.00494807176916
2025-07-09 21:00:00,79.45861441897192
2025-07-09 22:00:00,18.91401345788669
2025-07-09 23:00:00,13.638358650440424
2025-07-10 00:00:00,12.553147112030683
2025-07-10 01:00:00,11.85954903554789
2025-07-10 02:00:00,11.489794228
2025-07-10 03:00:00,11.54610288190893
2025-07-10 04:00:00,12.035899997306494
2025-07-10 05:00:00,10.851697112704057
2025-07-10 06:00:00,37.116603074125976
2025-07-10 07:00:00,110.62318653537955
2025-07-10 08:00:00,48.83702980441607
2025-07-10 09:00:00,104.64535095771835
2025-07-10 10:00:00,62.65215384097403
2025-07-10 11:00:00,41.444590378373704
2025-07-10 12:00:00,31.209590378373697
2025-07-10 13:00:00,29.62505095637159
2025-07-10 14:00:00,5.826379803742695
2025-07-10 15:00:00,5.234190381067209
2025-07-10 16:00:00,4.852132689018506
2025-07-10 17:00:00,4.718412496801461
2025-07-10 18:00:00,60.44917788
2025-07-10 19:00:00,77.89228076617468
2025-07-10 20:00:00,77.96758941998198
2025-07-10 21:00:00,77.66294326634302
2025-07-10 22:00:00,71.37458941998197
2025-07-10 23:00:00,4.546486535379546
2025-07-11 00:00:00,4.33635480475276
2025-07-11 01:00:00,4.164428843330844
2025-07-11 02:00:00,3.935194228
2025-07-11 03:00:00,3.992502881908928
2025-07-11 04:00:00,3.9733999973064935
2025-07-11 05:00:00,48.020467112704054
2025-07-11 06:00:00,22.54732595872841
2025-07-11 07:00:00,4.431869227764936
2025-07-11 08:00:00,3.9733999973064935
2025-07-11 09:00:00,36.53903365145049
2025-07-11 10:00:00,36.83157692048702
2025-07-11 11:00:00,14.228502881908929
2025-07-11 12:00:00,4.107120189523538
2025-07-11 13:00:00,4.584692304584416
2025-07-11 14:00:00,4.546486535379546
2025-07-11 15:00:00,4.298149035547889
2025-07-11 16:00:00,4.3554576893551955
2025-07-11 17:00:00,4.298149035547889
2025-07-11 18:00:00,4.565589419981981
2025-07-11 19:00:00,77.85828076617469
2025-07-11 20:00:00,77.9283836507771
2025-07-11 21:00:00,77.92938365077711
2025-07-11 22:00:00,4.508280766174675
2025-07-11 23:00:00,4.546486535379546
2025-07-12 00:00:00,4.33635480475276
2025-07-12 01:00:00,4.298149035547889
2025-07-12 02:00:00,3.916091344
2025-07-12 03:00:00,4.011605766511363
2025-07-12 04:00:00,3.916091344
2025-07-12 05:00:00,20.222343266343017
2025-07-12 06:00:00,77.45381153571623
2025-07-12 07:00:00,126.10181249410795
2025-07-12 08:00:00,71.66397690432598
2025-07-12 09:00:00,153.09026630949367
2025-07-12 10:00:00,137.84060187907437
2025-07-12 11:00:00,96.2507663027599
2025-07-12 12:00:00,85.28985668786737
2025-07-12 13:00:00,78.20368650036397
2025-07-12 14:00:00,45.29293939237353
2025-07-12 15:00:00,46.859375929773215
2025-07-12 16:00:00,46.66834708374886
2025-07-12 17:00:00,33.96492882312955
2025-07-12 18:00:00,75.78004133205178
2025-07-12 19:00:00,71.51446730020747
2025-07-12 20:00:00,81.00394807176916
2025-07-12 21:00:00,79.45761441897191
2025-07-12 22:00:00,12.83931345788669
2025-07-12 23:00:00,12.585558650440422
2025-07-13 00:00:00,12.50364711203068
2025-07-13 01:00:00,11.85334903554789
2025-07-13 02:00:00,11.470491344
2025-07-13 03:00:00,11.565705766511364
2025-07-13 04:00:00,11.469991344
2025-07-13 05:00:00,40.857393266343024
2025-07-13 06:00:00,77.45581153571624
2025-07-13 07:00:00,68.38181249410795
2025-07-13 08:00:00,27.660976904325977
2025-07-13 09:00:00,87.08526630949368
2025-07-13 10:00:00,97.92260187907436
2025-07-13 11:00:00,74.24976630275991
2025-07-13 12:00:00,63.287856687867375
2025-07-13 13:00:00,56.200686500363965
2025-07-13 14:00:00,45.29293939237353
2025-07-13 15:00:00,46.859375929773215
2025-07-13 16:00:00,46.66834708374886
2025-07-13 17:00:00,33.96492882312955
2025-07-13 18:00:00,39.19104133205178
2025-07-13 19:00:00,84.38846730020748
2025-07-13 20:00:00,81.00494807176916
2025-07-13 21:00:00,79.45861441897192
2025-07-13 22:00:00,51.10201345788669
2025-07-13 23:00:00,17.097058650440424
2025-07-14 00:00:00,13.747047112030682
2025-07-14 01:00:00,4.298149035547889
2025-07-14 02:00:00,3.916091344
2025-07-14 03:00:00,4.011605766511363
2025-07-14 04:00:00,3.916091344
2025-07-14 05:00:00,67.36869326634302
2025-07-14 06:00:00,12.267211535716232
2025-07-14 07:00:00,8.691812494107955
2025-07-14 08:00:00,27.660976904325977
2025-07-14 09:00:00,54.08026630949367
2025-07-14 10:00:00,64.91160187907435
2025-07-14 11:00:00,64.0137663027599
2025-07-14 12:00:00,63.287856687867375
2025-07-14 13:00:00,56.200686500363965
2025-07-14 14:00:00,45.29293939237353
2025-07-14 15:00:00,46.859375929773215
2025-07-14 16:00:00,46.66834708374886
2025-07-14 17:00:00,33.96492882312955
2025-07-14 18:00:00,20.803041332051784
2025-07-14 19:00:00,11.041467300207467
2025-07-14 20:00:00,7.602948071769156
2025-07-14 21:00:00,6.055614418971915
2025-07-14 22:00:00,5.387013457886688
2025-07-14 23:00:00,5.0240586504404225
2025-07-15 00:00:00,4.9476471120306815
2025-07-15 01:00:00,4.298149035547889
2025-07-15 02:00:00,3.916091344
2025-07-15 03:00:00,4.011605766511363
2025-07-15 04:00:00,3.916091344
2025-07-15 05:00:00,4.25994326634302
2025-07-15 06:00:00,4.049811535716233
2025-07-15 07:00:00,8.691812494107955
2025-07-15 08:00:00,27.660976904325977
2025-07-15 09:00:00,54.08026630949367
2025-07-15 10:00:00,64.91160187907435
2025-07-15 11:00:00,64.0137663027599
2025-07-15 12:00:00,63.287856687867375
2025-07-15 13:00:00,56.200686500363965
2025-07-15 14:00:00,45.29293939237353
2025-07-15 15:00:00,46.859375929773215
2025-07-15 16:00:00,46.66834708374886
2025-07-15 17:00:00,33.96492882312955
2025-07-15 18:00:00,20.803041332051784
2025-07-15 19:00:00,11.041467300207467
2025-07-15 20:00:00,7.602948071769156
2025-07-15 21:00:00,6.055614418971915
2025-07-15 22:00:00,5.387013457886688
2025-07-15 23:00:00,5.0240586504404225
2025-07-16 00:00:00,4.9476471120306815
2025-07-16 01:00:00,4.298149035547889
2025-07-16 02:00:00,3.916091344
2025-07-16 03:00:00,4.011605766511363
2025-07-16 04:00:00,3.916091344
2025-07-16 05:00:00,28.72994326634302
2025-07-16 06:00:00,38.37481153571623
2025-07-16 07:00:00,52.69381249410796
2025-07-16 08:00:00,71.66497690432598
2025-07-16 09:00:00,131.09026630949367
2025-07-16 10:00:00,97.92260187907436
2025-07-16 11:00:00,74.24976630275991
2025-07-16 12:00:00,63.287856687867375
2025-07-16 13:00:00,56.200686500363965
2025-07-16 14:00:00,45.29293939237353
2025-07-16 15:00:00,46.859375929773215
2025-07-16 16:00:00,46.66834708374886
2025-07-16 17:00:00,33.96492882312955
2025-07-16 18:00:00,20.803041332051784
2025-07-16 19:00:00,84.38846730020747
2025-07-16 20:00:00,81.00494807176916
2025-07-16 21:00:00,79.45861441897192
2025-07-16 22:00:00,76.79701345788669
2025-07-16 23:00:00,5.0240586504404225
2025-07-17 00:00:00,4.9476471120306815
2025-07-17 01:00:00,4.298149035547889
2025-07-17 02:00:00,3.935194228
2025-07-17 03:00:00,3.992502881908928
2025-07-17 04:00:00,3.9733999973064935
2025-07-17 05:00:00,3.9542971127040576
2025-07-17 06:00:00,33.73951307412597
2025-07-17 07:00:00,35.97748653537955
2025-07-17 08:00:00,4.833029804416072
2025-07-17 09:00:00,60.64035095771835
2025-07-17 10:00:00,62.65215384097403
2025-07-17 11:00:00,41.444590378373704
2025-07-17 12:00:00,31.209590378373697
2025-07-17 13:00:00,29.62505095637159
2025-07-17 14:00:00,5.826379803742695
2025-07-17 15:00:00,5.234190381067209
2025-07-17 16:00:00,4.852132689018506
2025-07-17 17:00:00,4.718412496801461
2025-07-17 18:00:00,77.84617788
2025-07-17 19:00:00,65.02728076617467
2025-07-17 20:00:00,77.96758941998198
2025-07-17 21:00:00,77.66294326634302
2025-07-17 22:00:00,75.18858941998198
2025-07-17 23:00:00,4.546486535379546
2025-07-18 00:00:00,4.33635480475276
2025-07-18 01:00:00,4.164428843330844
2025-07-18 02:00:00,3.935194228
2025-07-18 03:00:00,3.992502881908928
2025-07-18 04:00:00,3.9733999973064935
2025-07-18 05:00:00,3.9542971127040576
2025-07-18 06:00:00,66.51590595872841
2025-07-18 07:00:00,62.489869227764935
2025-07-18 08:00:00,47.97739999730649
2025-07-18 09:00:00,80.54403365145049
2025-07-18 10:00:00,36.83157692048702
2025-07-18 11:00:00,14.228502881908929
2025-07-18 12:00:00,4.107120189523538
2025-07-18 13:00:00,4.584692304584416
2025-07-18 14:00:00,4.546486535379546
2025-07-18 15:00:00,4.298149035547889
2025-07-18 16:00:00,4.3554576893551955
2025-07-18 17:00:00,4.298149035547889
2025-07-18 18:00:00,4.565589419981981
2025-07-18 19:00:00,64.99428076617468
2025-07-18 20:00:00,77.9283836507771
2025-07-18 21:00:00,77.92938365077711
2025-07-18 22:00:00,12.418880766174674
2025-07-18 23:00:00,12.235686535379546
2025-07-19 00:00:00,11.908154804752758
2025-07-19 01:00:00,11.860249035547888
2025-07-19 02:00:00,11.471691344
2025-07-19 03:00:00,11.566205766511363
2025-07-19 04:00:00,11.470591343999999
2025-07-19 05:00:00,11.81425326634302
2025-07-19 06:00:00,77.45381153571623
2025-07-19 07:00:00,82.09781249410796
2025-07-19 08:00:00,27.660976904325977
2025-07-19 09:00:00,109.08526630949368
2025-07-19 10:00:00,108.20960187907436
2025-07-19 11:00:00,108.3587663027599
2025-07-19 12:00:00,85.28985668786737
2025-07-19 13:00:00,78.20368650036397
2025-07-19 14:00:00,45.29293939237353
2025-07-19 15:00:00,46.859375929773215
2025-07-19 16:00:00,46.66834708374886
2025-07-19 17:00:00,33.96492882312955
2025-07-19 18:00:00,94.15504133205178
2025-07-19 19:00:00,84.44246730020748
2025-07-19 20:00:00,81.00494807176916
2025-07-19 21:00:00,79.45861441897192
2025-07-19 22:00:00,36.19801345788669
2025-07-19 23:00:00,5.0240586504404225
2025-07-20 00:00:00,4.9476471120306815
2025-07-20 01:00:00,4.298149035547889
2025-07-20 02:00:00,3.916091344
2025-07-20 03:00:00,4.011605766511363
2025-07-20 04:00:00,3.916091344
2025-07-20 05:00:00,42.91261326634302
2025-07-20 06:00:00,77.45681153571623
2025-07-20 07:00:00,77.80581249410795
2025-07-20 08:00:00,71.66397690432598
2025-07-20 09:00:00,131.09026630949367
2025-07-20 10:00:00,117.26860187907435
2025-07-20 11:00:00,74.24976630275991
2025-07-20 12:00:00,63.287856687867375
2025-07-20 13:00:00,56.200686500363965
2025-07-20 14:00:00,45.29293939237353
2025-07-20 15:00:00,46.859375929773215
2025-07-20 16:00:00,46.66834708374886
2025-07-20 17:00:00,33.96492882312955
2025-07-20 18:00:00,20.803041332051784
2025-07-20 19:00:00,84.37346730020747
2025-07-20 20:00:00,81.00494807176916
2025-07-20 21:00:00,79.45861441897192
2025-07-20 22:00:00,20.596013457886688
2025-07-20 23:00:00,12.590358650440422
2025-07-21 00:00:00,12.898747112030682
2025-07-21 01:00:00,12.248949035547888
2025-07-21 02:00:00,11.866591344
2025-07-21 03:00:00,11.961805766511363
2025-07-21 04:00:00,3.916091344
2025-07-21 05:00:00,11.35004326634302
2025-07-21 06:00:00,68.89341153571624
2025-07-21 07:00:00,22.622812494107954
2025-07-21 08:00:00,45.810976904325976
2025-07-21 09:00:00,54.08026630949367
2025-07-21 10:00:00,64.91160187907435
2025-07-21 11:00:00,64.0137663027599
2025-07-21 12:00:00,63.287856687867375
2025-07-21 13:00:00,56.200686500363965
2025-07-21 14:00:00,45.29293939237353
2025-07-21 15:00:00,46.859375929773215
2025-07-21 16:00:00,46.66834708374886
2025-07-21 17:00:00,33.96492882312955
2025-07-21 18:00:00,20.803041332051784
2025-07-21 19:00:00,11.041467300207467
2025-07-21 20:00:00,7.602948071769156
2025-07-21 21:00:00,6.055614418971915
2025-07-21 22:00:00,5.387013457886688
2025-07-21 23:00:00,5.0240586504404225
2025-07-22 00:00:00,4.9476471120306815
2025-07-22 01:00:00,4.298149035547889
2025-07-22 02:00:00,3.916091344
2025-07-22 03:00:00,4.011605766511363
2025-07-22 04:00:00,3.916091344
2025-07-22 05:00:00,4.25994326634302
2025-07-22 06:00:00,4.049811535716233
2025-07-22 07:00:00,8.691812494107955
2025-07-22 08:00:00,27.660976904325977
2025-07-22 09:00:00,54.08026630949367
2025-07-22 10:00:00,64.91160187907435
2025-07-22 11:00:00,64.0137663027599
2025-07-22 12:00:00,63.287856687867375
2025-07-22 13:00:00,56.200686500363965
2025-07-22 14:00:00,45.29293939237353
2025-07-22 15:00:00,46.859375929773215
2025-07-22 16:00:00,46.66834708374886
2025-07-22 17:00:00,33.96492882312955
2025-07-22 18:00:00,20.803041332051784
2025-07-22 19:00:00,11.041467300207467
2025-07-22 20:00:00,7.602948071769156
2025-07-22 21:00:00,6.055614418971915
2025-07-22 22:00:00,5.387013457886688
2025-07-22 23:00:00,5.0240586504404225
2025-07-23 00:00:00,4.9476471120306815
2025-07-23 01:00:00,4.298149035547889
2025-07-23 02:00:00,3.916091344
2025-07-23 03:00:00,4.011605766511363
2025-07-23 04:00:00,3.916091344
2025-07-23 05:00:00,4.25994326634302
2025-07-23 06:00:00,4.049811535716233
2025-07-23 07:00:00,8.691812494107955
2025-07-23 08:00:00,27.660976904325977
2025-07-23 09:00:00,87.08526630949368
2025-07-23 10:00:00,97.92260187907436
2025-07-23 11:00:00,74.24976630275991
2025-07-23 12:00:00,63.287856687867375
2025-07-23 13:00:00,56.200686500363965
2025-07-23 14:00:00,45.29293939237353
2025-07-23 15:00:00,46.859375929773215
2025-07-23 16:00:00,46.66834708374886
2025-07-23 17:00:00,33.96492882312955
2025-07-23 18:00:00,20.803041332051784
2025-07-23 19:00:00,84.41076730020747
2025-07-23 20:00:00,81.00394807176916
2025-07-23 21:00:00,63.774614418971915
2025-07-23 22:00:00,5.387013457886688
2025-07-23 23:00:00,5.0240586504404225
2025-07-24 00:00:00,4.9476471120306815
2025-07-24 01:00:00,4.298149035547889
2025-07-24 02:00:00,3.935194228
2025-07-24 03:00:00,3.992502881908928
2025-07-24 04:00:00,3.9733999973064935
2025-07-24 05:00:00,3.9542971127040576
2025-07-24 06:00:00,73.54786307412597
2025-07-24 07:00:00,121.95648653537954
2025-07-24 08:00:00,48.83702980441607
2025-07-24 09:00:00,104.64635095771834
2025-07-24 10:00:00,59.721153840974026
2025-07-24 11:00:00,44.584590378373704
2025-07-24 12:00:00,31.209590378373697
2025-07-24 13:00:00,29.62505095637159
2025-07-24 14:00:00,5.826379803742695
2025-07-24 15:00:00,5.234190381067209
2025-07-24 16:00:00,4.852132689018506
2025-07-24 17:00:00,4.718412496801461
2025-07-24 18:00:00,53.22217788
2025-07-24 19:00:00,77.88028076617468
2025-07-24 20:00:00,77.91258941998197
2025-07-24 21:00:00,77.66194326634302
2025-07-24 22:00:00,4.565589419981981
2025-07-24 23:00:00,11.513986535379546
2025-07-25 00:00:00,11.30365480475276
2025-07-25 01:00:00,11.131528843330845
2025-07-25 02:00:00,10.902094228
2025-07-25 03:00:00,10.95920288190893
2025-07-25 04:00:00,10.939899997306494
2025-07-25 05:00:00,35.00951711270405
2025-07-25 06:00:00,77.55032595872841
2025-07-25 07:00:00,59.43586922776493
2025-07-25 08:00:00,3.9733999973064935
2025-07-25 09:00:00,36.53903365145049
2025-07-25 10:00:00,36.83157692048702
2025-07-25 11:00:00,14.228502881908929
2025-07-25 12:00:00,4.107120189523538
2025-07-25 13:00:00,4.584692304584416
2025-07-25 14:00:00,4.546486535379546
2025-07-25 15:00:00,4.298149035547889
2025-07-25 16:00:00,4.3554576893551955
2025-07-25 17:00:00,4.298149035547889
2025-07-25 18:00:00,59.52958941998198
2025-07-25 19:00:00,77.89728076617467
2025-07-25 20:00:00,77.92938365077711
2025-07-25 21:00:00,77.93038365077712
2025-07-25 22:00:00,41.27428076617467
2025-07-25 23:00:00,4.546486535379546
2025-07-26 00:00:00,4.33635480475276
2025-07-26 01:00:00,4.298149035547889
2025-07-26 02:00:00,3.916091344
2025-07-26 03:00:00,4.011605766511363
2025-07-26 04:00:00,3.916091344
2025-07-26 05:00:00,42.39053326634303
2025-07-26 06:00:00,77.45581153571624
2025-07-26 07:00:00,96.72881249410796
2025-07-26 08:00:00,71.66497690432598
2025-07-26 09:00:00,153.09026630949367
2025-07-26 10:00:00,119.92260187907436
2025-07-26 11:00:00,96.2507663027599
2025-07-26 12:00:00,85.28985668786737
2025-07-26 13:00:00,78.20368650036397
2025-07-26 14:00:00,45.29293939237353
2025-07-26 15:00:00,46.859375929773215
2025-07-26 16:00:00,46.66834708374886
2025-07-26 17:00:00,33.96492882312955
2025-07-26 18:00:00,20.803041332051784
2025-07-26 19:00:00,71.50746730020747
2025-07-26 20:00:00,81.00394807176916
2025-07-26 21:00:00,79.45861441897192
2025-07-26 22:00:00,76.25401345788669
2025-07-26 23:00:00,5.0240586504404225
2025-07-27 00:00:00,4.9476471120306815
2025-07-27 01:00:00,4.298149035547889
2025-07-27 02:00:00,3.916091344
2025-07-27 03:00:00,4.011605766511363
2025-07-27 04:00:00,3.916091344
2025-07-27 05:00:00,11.15734326634302
2025-07-27 06:00:00,64.57787153571623
2025-07-27 07:00:00,27.093812494107958
2025-07-27 08:00:00,27.660976904325977
2025-07-27 09:00:00,87.08526630949368
2025-07-27 10:00:00,97.92260187907436
2025-07-27 11:00:00,74.24976630275991
2025-07-27 12:00:00,63.287856687867375
2025-07-27 13:00:00,56.200686500363965
2025-07-27 14:00:00,45.29293939237353
2025-07-27 15:00:00,46.859375929773215
2025-07-27 16:00:00,46.66834708374886
2025-07-27 17:00:00,33.96492882312955
2025-07-27 18:00:00,20.803041332051784
2025-07-27 19:00:00,71.52846730020747
2025-07-27 20:00:00,81.00394807176916
2025-07-27 21:00:00,79.45761441897191
2025-07-27 22:00:00,74.2020134578867
2025-07-27 23:00:00,5.0240586504404225
2025-07-28 00:00:00,4.9476471120306815
2025-07-28 01:00:00,4.298149035547889
2025-07-28 02:00:00,3.916091344
2025-07-28 03:00:00,4.011605766511363
2025-07-28 04:00:00,3.916091344
2025-07-28 05:00:00,4.25994326634302
2025-07-28 06:00:00,11.656211535716233
2025-07-28 07:00:00,82.09681249410795
2025-07-28 08:00:00,101.06797690432597
2025-07-28 09:00:00,92.31526630949367
2025-07-28 10:00:00,64.91160187907435
2025-07-28 11:00:00,64.0137663027599
2025-07-28 12:00:00,63.287856687867375
2025-07-28 13:00:00,56.200686500363965
2025-07-28 14:00:00,45.29293939237353
2025-07-28 15:00:00,46.859375929773215
2025-07-28 16:00:00,46.66834708374886
2025-07-28 17:00:00,33.96492882312955
2025-07-28 18:00:00,20.803041332051784
2025-07-28 19:00:00,11.041467300207467
2025-07-28 20:00:00,7.602948071769156
2025-07-28 21:00:00,6.055614418971915
2025-07-28 22:00:00,5.387013457886688
2025-07-28 23:00:00,5.0240586504404225
2025-07-29 00:00:00,4.9476471120306815
2025-07-29 01:00:00,4.298149035547889
2025-07-29 02:00:00,3.916091344
2025-07-29 03:00:00,4.011605766511363
2025-07-29 04:00:00,3.916091344
2025-07-29 05:00:00,4.25994326634302
2025-07-29 06:00:00,4.049811535716233
2025-07-29 07:00:00,8.691812494107955
2025-07-29 08:00:00,27.660976904325977
2025-07-29 09:00:00,54.08026630949367
2025-07-29 10:00:00,64.91160187907435
2025-07-29 11:00:00,64.0137663027599
2025-07-29 12:00:00,63.287856687867375
2025-07-29 13:00:00,56.200686500363965
2025-07-29 14:00:00,45.29293939237353
2025-07-29 15:00:00,46.859375929773215
2025-07-29 16:00:00,46.66834708374886
2025-07-29 17:00:00,33.96492882312955
2025-07-29 18:00:00,20.803041332051784
2025-07-29 19:00:00,11.041467300207467
2025-07-29 20:00:00,7.602948071769156
2025-07-29 21:00:00,6.055614418971915
2025-07-29 22:00:00,5.387013457886688
2025-07-29 23:00:00,5.0240586504404225
2025-07-30 00:00:00,4.9476471120306815
2025-07-30 01:00:00,4.298149035547889
2025-07-30 02:00:00,3.916091344
2025-07-30 03:00:00,4.011605766511363
2025-07-30 04:00:00,3.916091344
2025-07-30 05:00:00,4.25994326634302
2025-07-30 06:00:00,4.049811535716233
2025-07-30 07:00:00,52.69381249410796
2025-07-30 08:00:00,71.66397690432598
2025-07-30 09:00:00,131.09026630949367
2025-07-30 10:00:00,117.26860187907435
2025-07-30 11:00:00,74.24976630275991
2025-07-30 12:00:00,63.287856687867375
2025-07-30 13:00:00,56.200686500363965
2025-07-30 14:00:00,45.29293939237353
2025-07-30 15:00:00,46.859375929773215
2025-07-30 16:00:00,46.66834708374886
2025-07-30 17:00:00,33.96492882312955
2025-07-30 18:00:00,20.803041332051784
2025-07-30 19:00:00,84.38946730020747
2025-07-30 20:00:00,81.00494807176916
2025-07-30 21:00:00,72.64161441897191
2025-07-30 22:00:00,5.387013457886688
2025-07-30 23:00:00,12.361258650440423
2025-07-31 00:00:00,12.284647112030681
2025-07-31 01:00:00,11.634949035547889
2025-07-31 02:00:00,11.271694228
2025-07-31 03:00:00,11.328802881908928
2025-07-31 04:00:00,11.309399997306494
2025-07-31 05:00:00,33.20952711270405
2025-07-31 06:00:00,77.53222307412598
2025-07-31 07:00:00,22.948486535379548
2025-07-31 08:00:00,4.833029804416072
2025-07-31 09:00:00,60.64035095771835
2025-07-31 10:00:00,62.65215384097403
2025-07-31 11:00:00,41.444590378373704
2025-07-31 12:00:00,31.209590378373697
2025-07-31 13:00:00,29.62505095637159
2025-07-31 14:00:00,5.826379803742695
2025-07-31 15:00:00,5.234190381067209
2025-07-31 16:00:00,4.852132689018506
2025-07-31 17:00:00,4.718412496801461
2025-07-31 18:00:00,4.48917788
2025-07-31 19:00:00,77.85728076617468
2025-07-31 20:00:00,77.96658941998197
2025-07-31 21:00:00,77.66194326634302
2025-07-31 22:00:00,15.727589419981982
2025-07-31 23:00:00,13.011086535379548
2025-08-01 00:00:00,12.246454804752759
2025-08-01 01:00:00,11.834828843330843
2025-08-01 02:00:00,11.497594228
2025-08-01 03:00:00,11.549502881908928
2025-08-01 04:00:00,11.528099997306494
2025-08-01 05:00:00,21.69589711270406
2025-08-01 06:00:00,77.55032595872841
2025-08-01 07:00:00,121.84186922776493
2025-08-01 08:00:00,47.97739999730649
2025-08-01 09:00:00,80.54403365145049
2025-08-01 10:00:00,36.83157692048702
2025-08-01 11:00:00,14.228502881908929
2025-08-01 12:00:00,4.107120189523538
2025-08-01 13:00:00,4.584692304584416
2025-08-01 14:00:00,4.546486535379546
2025-08-01 15:00:00,4.298149035547889
2025-08-01 16:00:00,4.3554576893551955
2025-08-01 17:00:00,4.298149035547889
2025-08-01 18:00:00,59.52358941998198
2025-08-01 19:00:00,77.89128076617467
2025-08-01 20:00:00,77.92938365077711
2025-08-01 21:00:00,77.93038365077712
2025-08-01 22:00:00,30.444280766174675
2025-08-01 23:00:00,4.546486535379546
2025-08-02 00:00:00,4.33635480475276
2025-08-02 01:00:00,4.298149035547889
2025-08-02 02:00:00,3.916091344
2025-08-02 03:00:00,4.011605766511363
2025-08-02 04:00:00,3.916091344
2025-08-02 05:00:00,22.77074326634302
2025-08-02 06:00:00,77.45581153571624
2025-08-02 07:00:00,45.31881249410796
2025-08-02 08:00:00,27.660976904325977
2025-08-02 09:00:00,109.06326630949367
2025-08-02 10:00:00,119.92260187907436
2025-08-02 11:00:00,96.2507663027599
2025-08-02 12:00:00,85.28985668786737
2025-08-02 13:00:00,78.20368650036397
2025-08-02 14:00:00,45.29293939237353
2025-08-02 15:00:00,46.859375929773215
2025-08-02 16:00:00,46.66834708374886
2025-08-02 17:00:00,33.96492882312955
2025-08-02 18:00:00,20.803041332051784
2025-08-02 19:00:00,36.33016730020747
2025-08-02 20:00:00,81.00394807176916
2025-08-02 21:00:00,79.45761441897191
2025-08-02 22:00:00,39.22801345788669
2025-08-02 23:00:00,13.687458650440423
2025-08-03 00:00:00,12.603947112030681
2025-08-03 01:00:00,11.88404903554789
2025-08-03 02:00:00,11.483491344
2025-08-03 03:00:00,11.572205766511363
2025-08-03 04:00:00,11.474291344000001
2025-08-03 05:00:00,21.56404326634302
2025-08-03 06:00:00,77.45481153571623
2025-08-03 07:00:00,126.10181249410795
2025-08-03 08:00:00,71.66497690432598
2025-08-03 09:00:00,131.09026630949367
2025-08-03 10:00:00,97.92260187907436
2025-08-03 11:00:00,74.24976630275991
2025-08-03 12:00:00,63.287856687867375
2025-08-03 13:00:00,56.200686500363965
2025-08-03 14:00:00,45.29293939237353
2025-08-03 15:00:00,46.859375929773215
2025-08-03 16:00:00,46.66834708374886
2025-08-03 17:00:00,33.96492882312955
2025-08-03 18:00:00,20.803041332051784
2025-08-03 19:00:00,71.51646730020747
2025-08-03 20:00:00,81.00394807176916
2025-08-03 21:00:00,79.45761441897191
2025-08-03 22:00:00,74.7500134578867
2025-08-03 23:00:00,5.0240586504404225
2025-08-04 00:00:00,4.9476471120306815
2025-08-04 01:00:00,4.298149035547889
2025-08-04 02:00:00,3.916091344
2025-08-04 03:00:00,4.011605766511363
2025-08-04 04:00:00,3.916091344
2025-08-04 05:00:00,11.53984326634302
2025-08-04 06:00:00,77.45481153571623
2025-08-04 07:00:00,82.09881249410795
2025-08-04 08:00:00,35.15177690432598
2025-08-04 09:00:00,54.08026630949367
2025-08-04 10:00:00,64.91160187907435
2025-08-04 11:00:00,64.0137663027599
2025-08-04 12:00:00,63.287856687867375
2025-08-04 13:00:00,56.200686500363965
2025-08-04 14:00:00,45.29293939237353
2025-08-04 15:00:00,46.859375929773215
2025-08-04 16:00:00,46.66834708374886
2025-08-04 17:00:00,33.96492882312955
2025-08-04 18:00:00,20.803041332051784
2025-08-04 19:00:00,11.041467300207467
2025-08-04 20:00:00,7.602948071769156
2025-08-04 21:00:00,6.055614418971915
2025-08-04 22:00:00,5.387013457886688
2025-08-04 23:00:00,5.0240586504404225
2025-08-05 00:00:00,4.9476471120306815
2025-08-05 01:00:00,4.298149035547889
2025-08-05 02:00:00,3.916091344
2025-08-05 03:00:00,4.011605766511363
2025-08-05 04:00:00,3.916091344
2025-08-05 05:00:00,4.25994326634302
2025-08-05 06:00:00,4.049811535716233
2025-08-05 07:00:00,8.691812494107955
2025-08-05 08:00:00,27.660976904325977
2025-08-05 09:00:00,54.08026630949367
2025-08-05 10:00:00,64.91160187907435
2025-08-05 11:00:00,64.0137663027599
2025-08-05 12:00:00,63.287856687867375
2025-08-05 13:00:00,56.200686500363965
2025-08-05 14:00:00,45.29293939237353
2025-08-05 15:00:00,46.859375929773215
2025-08-05 16:00:00,46.66834708374886
2025-08-05 17:00:00,33.96492882312955
2025-08-05 18:00:00,20.803041332051784
2025-08-05 19:00:00,11.041467300207467
2025-08-05 20:00:00,7.602948071769156
2025-08-05 21:00:00,6.055614418971915
2025-08-05 22:00:00,5.387013457886688
2025-08-05 23:00:00,5.0240586504404225
2025-08-06 00:00:00,4.9476471120306815
2025-08-06 01:00:00,4.298149035547889
2025-08-06 02:00:00,3.916091344
2025-08-06 03:00:00,4.011605766511363
2025-08-06 04:00:00,3.916091344
2025-08-06 05:00:00,4.25994326634302
2025-08-06 06:00:00,4.049811535716233
2025-08-06 07:00:00,8.691812494107955
2025-08-06 08:00:00,27.660976904325977
2025-08-06 09:00:00,87.08526630949368
2025-08-06 10:00:00,97.92260187907436
2025-08-06 11:00:00,74.24976630275991
2025-08-06 12:00:00,63.287856687867375
2025-08-06 13:00:00,56.200686500363965
2025-08-06 14:00:00,45.29293939237353
2025-08-06 15:00:00,46.859375929773215
2025-08-06 16:00:00,46.66834708374886
2025-08-06 17:00:00,33.96492882312955
2025-08-06 18:00:00,20.803041332051784
2025-08-06 19:00:00,71.51046730020747
2025-08-06 20:00:00,81.00394807176916
2025-08-06 21:00:00,79.45761441897191
2025-08-06 22:00:00,72.42101345788669
2025-08-06 23:00:00,5.0240586504404225
2025-08-07 00:00:00,4.9476471120306815
2025-08-07 01:00:00,4.298149035547889
2025-08-07 02:00:00,3.935194228
2025-08-07 03:00:00,3.992502881908928
2025-08-07 04:00:00,3.9733999973064935
2025-08-07 05:00:00,3.9542971127040576
2025-08-07 06:00:00,45.16100307412597
2025-08-07 07:00:00,121.65183653537954
2025-08-07 08:00:00,48.83602980441607
2025-08-07 09:00:00,104.62335095771834
2025-08-07 10:00:00,82.14015384097402
2025-08-07 11:00:00,41.444590378373704
2025-08-07 12:00:00,31.209590378373697
2025-08-07 13:00:00,29.62405095637159
2025-08-07 14:00:00,14.042879803742695
2025-08-07 15:00:00,5.234190381067209
2025-08-07 16:00:00,4.852132689018506
2025-08-07 17:00:00,4.718412496801461
2025-08-07 18:00:00,46.78317788
2025-08-07 19:00:00,65.02728076617467
2025-08-07 20:00:00,77.96758941998198
2025-08-07 21:00:00,77.66294326634302
2025-08-07 22:00:00,73.05258941998197
2025-08-07 23:00:00,4.546486535379546
2025-08-08 00:00:00,4.33635480475276
2025-08-08 01:00:00,4.164428843330844
2025-08-08 02:00:00,3.935194228
2025-08-08 03:00:00,3.992502881908928
2025-08-08 04:00:00,3.9733999973064935
2025-08-08 05:00:00,10.851597112704058
2025-08-08 06:00:00,77.55132595872841
2025-08-08 07:00:00,56.50286922776493
2025-08-08 08:00:00,3.9733999973064935
2025-08-08 09:00:00,36.53903365145049
2025-08-08 10:00:00,36.83157692048702
2025-08-08 11:00:00,14.228502881908929
2025-08-08 12:00:00,4.107120189523538
2025-08-08 13:00:00,4.584692304584416
2025-08-08 14:00:00,4.546486535379546
2025-08-08 15:00:00,4.298149035547889
2025-08-08 16:00:00,4.3554576893551955
2025-08-08 17:00:00,4.298149035547889
2025-08-08 18:00:00,4.565589419981981
2025-08-08 19:00:00,29.790180766174675
2025-08-08 20:00:00,77.9283836507771
2025-08-08 21:00:00,77.92938365077711
2025-08-08 22:00:00,37.38928076617468
2025-08-08 23:00:00,12.932186535379547
2025-08-09 00:00:00,12.14195480475276
2025-08-09 01:00:00,11.866549035547887
2025-08-09 02:00:00,11.471191344000001
2025-08-09 03:00:00,12.074905766511364
2025-08-09 04:00:00,11.979091344
2025-08-09 05:00:00,12.32264326634302
2025-08-09 06:00:00,77.45481153571623
2025-08-09 07:00:00,126.10181249410795
2025-08-09 08:00:00,71.66497690432598
2025-08-09 09:00:00,153.09126630949368
2025-08-09 10:00:00,119.92260187907436
2025-08-09 11:00:00,96.2507663027599
2025-08-09 12:00:00,85.28985668786737
2025-08-09 13:00:00,78.20368650036397
2025-08-09 14:00:00,45.29293939237353
2025-08-09 15:00:00,46.859375929773215
2025-08-09 16:00:00,46.66834708374886
2025-08-09 17:00:00,33.96492882312955
2025-08-09 18:00:00,63.696041332051784
2025-08-09 19:00:00,84.44226730020748
2025-08-09 20:00:00,81.00494807176916
2025-08-09 21:00:00,71.76061441897191
2025-08-09 22:00:00,5.387013457886688
2025-08-09 23:00:00,12.266058650440423
2025-08-10 00:00:00,12.189347112030681
2025-08-10 01:00:00,11.539649035547889
2025-08-10 02:00:00,11.157391344
2025-08-10 03:00:00,11.252605766511362
2025-08-10 04:00:00,3.916091344
2025-08-10 05:00:00,4.25994326634302
2025-08-10 06:00:00,72.73215153571623
2025-08-10 07:00:00,27.093812494107958
2025-08-10 08:00:00,27.660976904325977
2025-08-10 09:00:00,87.08526630949368
2025-08-10 10:00:00,97.92260187907436
2025-08-10 11:00:00,74.24976630275991
2025-08-10 12:00:00,63.287856687867375
2025-08-10 13:00:00,56.200686500363965
2025-08-10 14:00:00,45.29293939237353
2025-08-10 15:00:00,46.859375929773215
2025-08-10 16:00:00,46.66834708374886
2025-08-10 17:00:00,33.96492882312955
2025-08-10 18:00:00,20.803041332051784
2025-08-10 19:00:00,84.39684730020747
2025-08-10 20:00:00,81.00394807176916
2025-08-10 21:00:00,61.79661441897191
2025-08-10 22:00:00,5.387013457886688
2025-08-10 23:00:00,5.0240586504404225
2025-08-11 00:00:00,4.9476471120306815
2025-08-11 01:00:00,4.298149035547889
2025-08-11 02:00:00,3.916091344
2025-08-11 03:00:00,4.011605766511363
2025-08-11 04:00:00,3.916091344
2025-08-11 05:00:00,4.25994326634302
2025-08-11 06:00:00,77.45281153571624
2025-08-11 07:00:00,82.09681249410795
2025-08-11 08:00:00,101.06697690432598
2025-08-11 09:00:00,54.08026630949367
2025-08-11 10:00:00,64.91160187907435
2025-08-11 11:00:00,64.0137663027599
2025-08-11 12:00:00,63.287856687867375
2025-08-11 13:00:00,56.200686500363965
2025-08-11 14:00:00,45.29293939237353
2025-08-11 15:00:00,46.859375929773215
2025-08-11 16:00:00,46.66834708374886
2025-08-11 17:00:00,33.96492882312955
2025-08-11 18:00:00,20.803041332051784
2025-08-11 19:00:00,11.041467300207467
2025-08-11 20:00:00,7.602948071769156
2025-08-11 21:00:00,6.055614418971915
2025-08-11 22:00:00,5.387013457886688
2025-08-11 23:00:00,5.0240586504404225
2025-08-12 00:00:00,4.9476471120306815
2025-08-12 01:00:00,4.298149035547889
2025-08-12 02:00:00,3.916091344
2025-08-12 03:00:00,4.011605766511363
2025-08-12 04:00:00,3.916091344
2025-08-12 05:00:00,4.25994326634302
2025-08-12 06:00:00,4.049811535716233
2025-08-12 07:00:00,8.691812494107955
2025-08-12 08:00:00,27.660976904325977
2025-08-12 09:00:00,54.08026630949367
2025-08-12 10:00:00,64.91160187907435
2025-08-12 11:00:00,64.0137663027599
2025-08-12 12:00:00,63.287856687867375
2025-08-12 13:00:00,56.200686500363965
2025-08-12 14:00:00,45.29293939237353
2025-08-12 15:00:00,46.859375929773215
2025-08-12 16:00:00,46.66834708374886
2025-08-12 17:00:00,33.96492882312955
2025-08-12 18:00:00,20.803041332051784
2025-08-12 19:00:00,11.041467300207467
2025-08-12 20:00:00,7.602948071769156
2025-08-12 21:00:00,6.055614418971915
2025-08-12 22:00:00,5.387013457886688
2025-08-12 23:00:00,5.0240586504404225
2025-08-13 00:00:00,4.9476471120306815
2025-08-13 01:00:00,4.298149035547889
2025-08-13 02:00:00,3.916091344
2025-08-13 03:00:00,4.011605766511363
2025-08-13 04:00:00,3.916091344
2025-08-13 05:00:00,4.25994326634302
2025-08-13 06:00:00,4.049811535716233
2025-08-13 07:00:00,25.238812494107954
2025-08-13 08:00:00,71.66397690432598
2025-08-13 09:00:00,131.08926630949367
2025-08-13 10:00:00,140.09760187907438
2025-08-13 11:00:00,74.24976630275991
2025-08-13 12:00:00,63.287856687867375
2025-08-13 13:00:00,56.200686500363965
2025-08-13 14:00:00,45.29293939237353
2025-08-13 15:00:00,46.859375929773215
2025-08-13 16:00:00,46.66834708374886
2025-08-13 17:00:00,33.96492882312955
2025-08-13 18:00:00,20.803041332051784
2025-08-13 19:00:00,36.32266730020746
2025-08-13 20:00:00,80.96894807176916
2025-08-13 21:00:00,79.45761441897191
2025-08-13 22:00:00,42.47101345788669
2025-08-13 23:00:00,14.616958650440424
2025-08-14 00:00:00,12.764147112030681
2025-08-14 01:00:00,11.965349035547888
2025-08-14 02:00:00,11.498294228
2025-08-14 03:00:00,11.550202881908927
2025-08-14 04:00:00,11.528799997306493
2025-08-14 05:00:00,11.509537112704058
2025-08-14 06:00:00,21.762923074125975
2025-08-14 07:00:00,65.73248653537955
2025-08-14 08:00:00,4.833029804416072
2025-08-14 09:00:00,60.64035095771835
2025-08-14 10:00:00,62.65215384097403
2025-08-14 11:00:00,41.444590378373704
2025-08-14 12:00:00,31.209590378373697
2025-08-14 13:00:00,29.62505095637159
2025-08-14 14:00:00,5.826379803742695
2025-08-14 15:00:00,5.234190381067209
2025-08-14 16:00:00,4.852132689018506
2025-08-14 17:00:00,4.718412496801461
2025-08-14 18:00:00,48.14917788
2025-08-14 19:00:00,77.86918076617468
2025-08-14 20:00:00,77.91358941998197
2025-08-14 21:00:00,48.98894326634302
2025-08-14 22:00:00,16.300589419981982
2025-08-14 23:00:00,13.037486535379546
2025-08-15 00:00:00,12.269454804752758
2025-08-15 01:00:00,11.857228843330844
2025-08-15 02:00:00,11.519794228
2025-08-15 03:00:00,11.55680288190893
2025-08-15 04:00:00,11.530799997306493
2025-08-15 05:00:00,11.510697112704058
2025-08-15 06:00:00,65.36117595872841
2025-08-15 07:00:00,121.84186922776493
2025-08-15 08:00:00,47.97739999730649
2025-08-15 09:00:00,80.54403365145049
2025-08-15 10:00:00,36.83157692048702
2025-08-15 11:00:00,14.228502881908929
2025-08-15 12:00:00,4.107120189523538
2025-08-15 13:00:00,4.584692304584416
2025-08-15 14:00:00,4.546486535379546
2025-08-15 15:00:00,4.298149035547889
2025-08-15 16:00:00,4.3554576893551955
2025-08-15 17:00:00,4.298149035547889
2025-08-15 18:00:00,34.26458941998198
2025-08-15 19:00:00,77.86658076617468
2025-08-15 20:00:00,77.9283836507771
2025-08-15 21:00:00,64.5053836507771
2025-08-15 22:00:00,4.508280766174675
2025-08-15 23:00:00,4.546486535379546
2025-08-16 00:00:00,4.33635480475276
2025-08-16 01:00:00,4.298149035547889
2025-08-16 02:00:00,3.916091344
2025-08-16 03:00:00,4.011605766511363
2025-08-16 04:00:00,3.916091344
2025-08-16 05:00:00,4.25994326634302
2025-08-16 06:00:00,47.49827153571623
2025-08-16 07:00:00,82.09581249410795
2025-08-16 08:00:00,27.660976904325977
2025-08-16 09:00:00,109.08526630949368
2025-08-16 10:00:00,119.92260187907436
2025-08-16 11:00:00,96.2507663027599
2025-08-16 12:00:00,85.28985668786737
2025-08-16 13:00:00,78.20368650036397
2025-08-16 14:00:00,45.29293939237353
2025-08-16 15:00:00,46.859375929773215
2025-08-16 16:00:00,46.66834708374886
2025-08-16 17:00:00,33.96492882312955
2025-08-16 18:00:00,75.81104133205179
2025-08-16 19:00:00,36.331667300207464
2025-08-16 20:00:00,80.97594807176917
2025-08-16 21:00:00,79.40361441897191
2025-08-16 22:00:00,42.144013457886686
2025-08-16 23:00:00,14.519858650440423
2025-08-17 00:00:00,12.678247112030682
2025-08-17 01:00:00,11.880449035547889
2025-08-17 02:00:00,11.478091344
2025-08-17 03:00:00,11.570905766511363
2025-08-17 04:00:00,11.473091344
2025-08-17 05:00:00,11.816143266343019
2025-08-17 06:00:00,77.45381153571623
2025-08-17 07:00:00,126.10181249410795
2025-08-17 08:00:00,71.66497690432598
2025-08-17 09:00:00,131.09026630949367
2025-08-17 10:00:00,97.92260187907436
2025-08-17 11:00:00,74.24976630275991
2025-08-17 12:00:00,63.287856687867375
2025-08-17 13:00:00,56.200686500363965
2025-08-17 14:00:00,45.29293939237353
2025-08-17 15:00:00,46.859375929773215
2025-08-17 16:00:00,46.66834708374886
2025-08-17 17:00:00,33.96492882312955
2025-08-17 18:00:00,74.89104133205178
2025-08-17 19:00:00,36.34096730020747
2025-08-17 20:00:00,80.96194807176916
2025-08-17 21:00:00,79.45761441897191
2025-08-17 22:00:00,42.510013457886686
2025-08-17 23:00:00,14.691258650440421
2025-08-18 00:00:00,12.847547112030682
2025-08-18 01:00:00,11.92804903554789
2025-08-18 02:00:00,11.495791344
2025-08-18 03:00:00,11.572805766511364
2025-08-18 04:00:00,11.474591344
2025-08-18 05:00:00,11.81614326634302
2025-08-18 06:00:00,77.45481153571623
2025-08-18 07:00:00,76.70781249410796
2025-08-18 08:00:00,27.660976904325977
2025-08-18 09:00:00,54.08026630949367
2025-08-18 10:00:00,64.91160187907435
2025-08-18 11:00:00,64.0137663027599
2025-08-18 12:00:00,63.287856687867375
2025-08-18 13:00:00,56.200686500363965
2025-08-18 14:00:00,45.29293939237353
2025-08-18 15:00:00,46.859375929773215
2025-08-18 16:00:00,46.66834708374886
2025-08-18 17:00:00,33.96492882312955
2025-08-18 18:00:00,20.803041332051784
2025-08-18 19:00:00,11.041467300207467
2025-08-18 20:00:00,7.602948071769156
2025-08-18 21:00:00,6.055614418971915
2025-08-18 22:00:00,5.387013457886688
2025-08-18 23:00:00,5.0240586504404225
2025-08-19 00:00:00,4.9476471120306815
2025-08-19 01:00:00,4.298149035547889
2025-08-19 02:00:00,3.916091344
2025-08-19 03:00:00,4.011605766511363
2025-08-19 04:00:00,3.916091344
2025-08-19 05:00:00,4.25994326634302
2025-08-19 06:00:00,4.049811535716233
2025-08-19 07:00:00,8.691812494107955
2025-08-19 08:00:00,27.660976904325977
2025-08-19 09:00:00,54.08026630949367
2025-08-19 10:00:00,64.91160187907435
2025-08-19 11:00:00,64.0137663027599
2025-08-19 12:00:00,63.287856687867375
2025-08-19 13:00:00,56.200686500363965
2025-08-19 14:00:00,45.29293939237353
2025-08-19 15:00:00,46.859375929773215
2025-08-19 16:00:00,46.66834708374886
2025-08-19 17:00:00,33.96492882312955
2025-08-19 18:00:00,20.803041332051784
2025-08-19 19:00:00,11.041467300207467
2025-08-19 20:00:00,7.602948071769156
2025-08-19 21:00:00,6.055614418971915
2025-08-19 22:00:00,5.387013457886688
2025-08-19 23:00:00,5.0240586504404225
2025-08-20 00:00:00,4.9476471120306815
2025-08-20 01:00:00,4.298149035547889
2025-08-20 02:00:00,3.916091344
2025-08-20 03:00:00,4.011605766511363
2025-08-20 04:00:00,3.916091344
2025-08-20 05:00:00,4.25994326634302
2025-08-20 06:00:00,4.049811535716233
2025-08-20 07:00:00,8.691812494107955
2025-08-20 08:00:00,27.660976904325977
2025-08-20 09:00:00,87.08526630949368
2025-08-20 10:00:00,97.92260187907436
2025-08-20 11:00:00,74.24976630275991
2025-08-20 12:00:00,63.287856687867375
2025-08-20 13:00:00,56.200686500363965
2025-08-20 14:00:00,45.29293939237353
2025-08-20 15:00:00,46.859375929773215
2025-08-20 16:00:00,46.66834708374886
2025-08-20 17:00:00,33.96492882312955
2025-08-20 18:00:00,20.803041332051784
2025-08-20 19:00:00,84.40856730020748
2025-08-20 20:00:00,81.00394807176916
2025-08-20 21:00:00,65.53561441897192
2025-08-20 22:00:00,5.387013457886688
2025-08-20 23:00:00,5.0240586504404225
2025-08-21 00:00:00,4.9476471120306815
2025-08-21 01:00:00,4.298149035547889
2025-08-21 02:00:00,3.935194228
2025-08-21 03:00:00,3.992502881908928
2025-08-21 04:00:00,3.9733999973064935
2025-08-21 05:00:00,3.9542971127040576
2025-08-21 06:00:00,33.11222307412598
2025-08-21 07:00:00,106.99848653537954
2025-08-21 08:00:00,48.83602980441607
2025-08-21 09:00:00,104.64535095771835
2025-08-21 10:00:00,93.64515384097403
2025-08-21 11:00:00,41.444590378373704
2025-08-21 12:00:00,31.209590378373697
2025-08-21 13:00:00,29.62505095637159
2025-08-21 14:00:00,5.826379803742695
2025-08-21 15:00:00,5.234190381067209
2025-08-21 16:00:00,4.852132689018506
2025-08-21 17:00:00,4.718412496801461
2025-08-21 18:00:00,67.32017788
2025-08-21 19:00:00,77.87094076617468
2025-08-21 20:00:00,77.91358941998197
2025-08-21 21:00:00,60.61094326634302
2025-08-21 22:00:00,4.565589419981981
2025-08-21 23:00:00,4.546486535379546
2025-08-22 00:00:00,4.33635480475276
2025-08-22 01:00:00,4.164428843330844
2025-08-22 02:00:00,3.935194228
2025-08-22 03:00:00,3.992502881908928
2025-08-22 04:00:00,3.9733999973064935
2025-08-22 05:00:00,3.9542971127040576
2025-08-22 06:00:00,72.5053659587284
2025-08-22 07:00:00,77.83586922776493
2025-08-22 08:00:00,3.9733999973064935
2025-08-22 09:00:00,36.53903365145049
2025-08-22 10:00:00,36.83157692048702
2025-08-22 11:00:00,14.228502881908929
2025-08-22 12:00:00,4.107120189523538
2025-08-22 13:00:00,4.584692304584416
2025-08-22 14:00:00,4.546486535379546
2025-08-22 15:00:00,4.298149035547889
2025-08-22 16:00:00,4.3554576893551955
2025-08-22 17:00:00,4.298149035547889
2025-08-22 18:00:00,44.05498941998198
2025-08-22 19:00:00,77.87628076617467
2025-08-22 20:00:00,77.86138365077711
2025-08-22 21:00:00,15.155383650777111
2025-08-22 22:00:00,12.523180766174676
2025-08-22 23:00:00,12.258786535379546
2025-08-23 00:00:00,11.93765480475276
2025-08-23 01:00:00,11.878949035547889
2025-08-23 02:00:00,11.479291344
2025-08-23 03:00:00,11.568005766511362
2025-08-23 04:00:00,11.472091343999999
2025-08-23 05:00:00,11.81584326634302
2025-08-23 06:00:00,68.51041153571623
2025-08-23 07:00:00,126.10181249410795
2025-08-23 08:00:00,71.66497690432598
2025-08-23 09:00:00,153.09126630949368
2025-08-23 10:00:00,119.92260187907436
2025-08-23 11:00:00,96.2507663027599
2025-08-23 12:00:00,85.28985668786737
2025-08-23 13:00:00,78.20368650036397
2025-08-23 14:00:00,45.29293939237353
2025-08-23 15:00:00,46.859375929773215
2025-08-23 16:00:00,46.66834708374886
2025-08-23 17:00:00,33.96492882312955
2025-08-23 18:00:00,72.78504133205178
2025-08-23 19:00:00,84.40776730020747
2025-08-23 20:00:00,80.93494807176916
2025-08-23 21:00:00,64.03261441897192
2025-08-23 22:00:00,5.387013457886688
2025-08-23 23:00:00,5.0240586504404225
2025-08-24 00:00:00,4.9476471120306815
2025-08-24 01:00:00,4.298149035547889
2025-08-24 02:00:00,3.916091344
2025-08-24 03:00:00,4.011605766511363
2025-08-24 04:00:00,3.916091344
2025-08-24 05:00:00,4.25994326634302
2025-08-24 06:00:00,4.049811535716233
2025-08-24 07:00:00,82.09381249410795
2025-08-24 08:00:00,27.660976904325977
2025-08-24 09:00:00,87.08526630949368
2025-08-24 10:00:00,97.92260187907436
2025-08-24 11:00:00,74.24976630275991
2025-08-24 12:00:00,63.287856687867375
2025-08-24 13:00:00,56.200686500363965
2025-08-24 14:00:00,45.29293939237353
2025-08-24 15:00:00,46.859375929773215
2025-08-24 16:00:00,46.66834708374886
2025-08-24 17:00:00,33.96492882312955
2025-08-24 18:00:00,94.1974413320518
2025-08-24 19:00:00,84.41946730020747
2025-08-24 20:00:00,80.95194807176917
2025-08-24 21:00:00,62.39561441897192
2025-08-24 22:00:00,5.387013457886688
2025-08-24 23:00:00,5.0240586504404225
2025-08-25 00:00:00,4.9476471120306815
2025-08-25 01:00:00,4.298149035547889
2025-08-25 02:00:00,3.916091344
2025-08-25 03:00:00,4.011605766511363
2025-08-25 04:00:00,3.916091344
2025-08-25 05:00:00,4.25994326634302
2025-08-25 06:00:00,77.45181153571623
2025-08-25 07:00:00,82.09481249410796
2025-08-25 08:00:00,101.06597690432598
2025-08-25 09:00:00,109.08426630949367
2025-08-25 10:00:00,104.25560187907436
2025-08-25 11:00:00,64.0137663027599
2025-08-25 12:00:00,63.287856687867375
2025-08-25 13:00:00,56.200686500363965
2025-08-25 14:00:00,45.29293939237353
2025-08-25 15:00:00,46.859375929773215
2025-08-25 16:00:00,46.66834708374886
2025-08-25 17:00:00,33.96492882312955
2025-08-25 18:00:00,20.803041332051784
2025-08-25 19:00:00,11.041467300207467
2025-08-25 20:00:00,7.602948071769156
2025-08-25 21:00:00,6.055614418971915
2025-08-25 22:00:00,5.387013457886688
2025-08-25 23:00:00,5.0240586504404225
2025-08-26 00:00:00,4.9476471120306815
2025-08-26 01:00:00,4.298149035547889
2025-08-26 02:00:00,3.916091344
2025-08-26 03:00:00,4.011605766511363
2025-08-26 04:00:00,3.916091344
2025-08-26 05:00:00,4.25994326634302
2025-08-26 06:00:00,4.049811535716233
2025-08-26 07:00:00,8.691812494107955
2025-08-26 08:00:00,27.660976904325977
2025-08-26 09:00:00,54.08026630949367
2025-08-26 10:00:00,64.91160187907435
2025-08-26 11:00:00,64.0137663027599
2025-08-26 12:00:00,63.287856687867375
2025-08-26 13:00:00,56.200686500363965
2025-08-26 14:00:00,45.29293939237353
2025-08-26 15:00:00,46.859375929773215
2025-08-26 16:00:00,46.66834708374886
2025-08-26 17:00:00,33.96492882312955
2025-08-26 18:00:00,20.803041332051784
2025-08-26 19:00:00,11.041467300207467
2025-08-26 20:00:00,7.602948071769156
2025-08-26 21:00:00,6.055614418971915
2025-08-26 22:00:00,5.387013457886688
2025-08-26 23:00:00,5.0240586504404225
2025-08-27 00:00:00,4.9476471120306815
2025-08-27 01:00:00,4.298149035547889
2025-08-27 02:00:00,3.916091344
2025-08-27 03:00:00,4.011605766511363
2025-08-27 04:00:00,3.916091344
2025-08-27 05:00:00,4.25994326634302
2025-08-27 06:00:00,4.049811535716233
2025-08-27 07:00:00,52.69381249410796
2025-08-27 08:00:00,71.66497690432598
2025-08-27 09:00:00,131.09026630949367
2025-08-27 10:00:00,97.92260187907436
2025-08-27 11:00:00,74.24976630275991
2025-08-27 12:00:00,63.287856687867375
2025-08-27 13:00:00,56.200686500363965
2025-08-27 14:00:00,45.29293939237353
2025-08-27 15:00:00,46.859375929773215
2025-08-27 16:00:00,46.66834708374886
2025-08-27 17:00:00,33.96492882312955
2025-08-27 18:00:00,20.803041332051784
2025-08-27 19:00:00,84.37846730020748
2025-08-27 20:00:00,81.00394807176916
2025-08-27 21:00:00,60.18361441897191
2025-08-27 22:00:00,5.387013457886688
2025-08-27 23:00:00,5.0240586504404225
2025-08-28 00:00:00,4.9476471120306815
2025-08-28 01:00:00,4.298149035547889
2025-08-28 02:00:00,3.935194228
2025-08-28 03:00:00,3.992502881908928
2025-08-28 04:00:00,3.9733999973064935
2025-08-28 05:00:00,3.9542971127040576
2025-08-28 06:00:00,4.126223074125974
2025-08-28 07:00:00,73.28708653537954
2025-08-28 08:00:00,4.833029804416072
2025-08-28 09:00:00,50.799350957718346
2025-08-28 10:00:00,62.651153840974025
2025-08-28 11:00:00,31.2085903783737
2025-08-28 12:00:00,31.209590378373697
2025-08-28 13:00:00,29.62405095637159
2025-08-28 14:00:00,16.671379803742695
2025-08-28 15:00:00,5.234190381067209
2025-08-28 16:00:00,4.852132689018506
2025-08-28 17:00:00,4.718412496801461
2025-08-28 18:00:00,76.74517788
2025-08-28 19:00:00,77.86953076617468
2025-08-28 20:00:00,77.96658941998197
2025-08-28 21:00:00,47.566943266343024
2025-08-28 22:00:00,15.90958941998198
2025-08-28 23:00:00,12.724386535379544
2025-08-29 00:00:00,11.97125480475276
2025-08-29 01:00:00,11.741528843330844
2025-08-29 02:00:00,11.493794228
2025-08-29 03:00:00,11.548402881908927
2025-08-29 04:00:00,11.529099997306494
2025-08-29 05:00:00,11.509897112704058
2025-08-29 06:00:00,64.85909595872842
2025-08-29 07:00:00,121.84186922776493
2025-08-29 08:00:00,47.976399997306494
2025-08-29 09:00:00,80.54203365145048
2025-08-29 10:00:00,56.17457692048701
2025-08-29 11:00:00,28.327502881908927
2025-08-29 12:00:00,4.107120189523538
2025-08-29 13:00:00,4.584692304584416
2025-08-29 14:00:00,4.546486535379546
2025-08-29 15:00:00,4.298149035547889
2025-08-29 16:00:00,4.3554576893551955
2025-08-29 17:00:00,4.298149035547889
2025-08-29 18:00:00,17.77658941998198
2025-08-29 19:00:00,77.87328076617467
2025-08-29 20:00:00,77.8773836507771
2025-08-29 21:00:00,52.13138365077711
2025-08-29 22:00:00,17.046280766174675
2025-08-29 23:00:00,12.011886535379546
2025-08-30 00:00:00,12.20895480475276
2025-08-30 01:00:00,12.17054903554789
2025-08-30 02:00:00,11.788191344
2025-08-30 03:00:00,11.883505766511362
2025-08-30 04:00:00,11.787691343999999
2025-08-30 05:00:00,12.13134326634302
2025-08-30 06:00:00,19.426611535716233
2025-08-30 07:00:00,69.65181249410796
2025-08-30 08:00:00,27.660976904325977
2025-08-30 09:00:00,109.08526630949368
2025-08-30 10:00:00,119.92260187907436
2025-08-30 11:00:00,96.2547663027599
2025-08-30 12:00:00,85.28985668786737
2025-08-30 13:00:00,72.59668650036397
2025-08-30 14:00:00,45.29293939237353
2025-08-30 15:00:00,46.859375929773215
2025-08-30 16:00:00,46.66834708374886
2025-08-30 17:00:00,33.96492882312955
2025-08-30 18:00:00,73.50490133205179
2025-08-30 19:00:00,84.41146730020748
2025-08-30 20:00:00,80.94094807176916
2025-08-30 21:00:00,17.248614418971915
2025-08-30 22:00:00,13.709713457886687
2025-08-30 23:00:00,12.796458650440423
2025-08-31 00:00:00,12.60114711203068
2025-08-31 01:00:00,11.904749035547889
2025-08-31 02:00:00,11.478391343999998
2025-08-31 03:00:00,11.570305766511364
2025-08-31 04:00:00,11.472491344
2025-08-31 05:00:00,28.902943266343023
2025-08-31 06:00:00,70.84511153571623
2025-08-31 07:00:00,126.10181249410795
2025-08-31 08:00:00,71.66497690432598
2025-08-31 09:00:00,131.09026630949367
2025-08-31 10:00:00,97.92260187907436
2025-08-31 11:00:00,74.24976630275991
2025-08-31 12:00:00,63.287856687867375
2025-08-31 13:00:00,56.200686500363965
2025-08-31 14:00:00,45.29293939237353
2025-08-31 15:00:00,46.859375929773215
2025-08-31 16:00:00,46.66834708374886
2025-08-31 17:00:00,33.96492882312955
2025-08-31 18:00:00,35.67004133205178
2025-08-31 19:00:00,84.41746730020748
2025-08-31 20:00:00,80.94894807176917
2025-08-31 21:00:00,60.917614418971915
2025-08-31 22:00:00,5.387013457886688
2025-08-31 23:00:00,5.0240586504404225
2025-09-01 00:00:00,4.9476471120306815
2025-09-01 01:00:00,4.298149035547889
2025-09-01 02:00:00,3.916091344
2025-09-01 03:00:00,4.011605766511363
2025-09-01 04:00:00,3.916091344
2025-09-01 05:00:00,4.25994326634302
2025-09-01 06:00:00,10.948811535716233
2025-09-01 07:00:00,82.09381249410795
2025-09-01 08:00:00,101.06397690432598
2025-09-01 09:00:00,127.48526630949368
2025-09-01 10:00:00,137.32460187907435
2025-09-01 11:00:00,89.2717663027599
2025-09-01 12:00:00,63.287856687867375
2025-09-01 13:00:00,56.200686500363965
2025-09-01 14:00:00,45.29293939237353
2025-09-01 15:00:00,46.859375929773215
2025-09-01 16:00:00,46.66834708374886
2025-09-01 17:00:00,33.96492882312955
2025-09-01 18:00:00,20.803041332051784
2025-09-01 19:00:00,11.041467300207467
2025-09-01 20:00:00,7.602948071769156
2025-09-01 21:00:00,6.055614418971915
2025-09-01 22:00:00,5.387013457886688
2025-09-01 23:00:00,5.0240586504404225
2025-09-02 00:00:00,4.9476471120306815
2025-09-02 01:00:00,4.298149035547889
2025-09-02 02:00:00,3.916091344
2025-09-02 03:00:00,4.011605766511363
2025-09-02 04:00:00,3.916091344
2025-09-02 05:00:00,4.25994326634302
2025-09-02 06:00:00,4.049811535716233
2025-09-02 07:00:00,8.691812494107955
2025-09-02 08:00:00,27.660976904325977
2025-09-02 09:00:00,54.08026630949367
2025-09-02 10:00:00,64.91160187907435
2025-09-02 11:00:00,64.0137663027599
2025-09-02 12:00:00,63.287856687867375
2025-09-02 13:00:00,56.200686500363965
2025-09-02 14:00:00,45.29293939237353
2025-09-02 15:00:00,46.859375929773215
2025-09-02 16:00:00,46.66834708374886
2025-09-02 17:00:00,33.96492882312955
2025-09-02 18:00:00,20.803041332051784
2025-09-02 19:00:00,11.041467300207467
2025-09-02 20:00:00,7.602948071769156
2025-09-02 21:00:00,6.055614418971915
2025-09-02 22:00:00,5.387013457886688
2025-09-02 23:00:00,5.0240586504404225
2025-09-03 00:00:00,4.9476471120306815
2025-09-03 01:00:00,4.298149035547889
2025-09-03 02:00:00,3.916091344
2025-09-03 03:00:00,4.011605766511363
2025-09-03 04:00:00,3.916091344
2025-09-03 05:00:00,4.25994326634302
2025-09-03 06:00:00,4.049811535716233
2025-09-03 07:00:00,8.691812494107955
2025-09-03 08:00:00,27.660976904325977
2025-09-03 09:00:00,87.08526630949368
2025-09-03 10:00:00,97.87160187907435
2025-09-03 11:00:00,74.3997663027599
2025-09-03 12:00:00,63.287856687867375
2025-09-03 13:00:00,56.200686500363965
2025-09-03 14:00:00,45.29293939237353
2025-09-03 15:00:00,46.859375929773215
2025-09-03 16:00:00,46.66834708374886
2025-09-03 17:00:00,33.96492882312955
2025-09-03 18:00:00,20.803041332051784
2025-09-03 19:00:00,84.38946730020747
2025-09-03 20:00:00,81.00494807176916
2025-09-03 21:00:00,60.02661441897191
2025-09-03 22:00:00,5.387013457886688
2025-09-03 23:00:00,5.0240586504404225
2025-09-04 00:00:00,4.9476471120306815
2025-09-04 01:00:00,4.298149035547889
2025-09-04 02:00:00,3.935194228
2025-09-04 03:00:00,3.992502881908928
2025-09-04 04:00:00,3.9733999973064935
2025-09-04 05:00:00,3.9542971127040576
2025-09-04 06:00:00,73.82151307412597
2025-09-04 07:00:00,121.95648653537954
2025-09-04 08:00:00,48.83702980441607
2025-09-04 09:00:00,104.62335095771834
2025-09-04 10:00:00,62.65215384097403
2025-09-04 11:00:00,41.444590378373704
2025-09-04 12:00:00,31.209590378373697
2025-09-04 13:00:00,29.62505095637159
2025-09-04 14:00:00,5.826379803742695
2025-09-04 15:00:00,5.234190381067209
2025-09-04 16:00:00,4.852132689018506
2025-09-04 17:00:00,4.718412496801461
2025-09-04 18:00:00,19.77217788
2025-09-04 19:00:00,77.86228076617468
2025-09-04 20:00:00,77.96658941998197
2025-09-04 21:00:00,57.87294326634302
2025-09-04 22:00:00,4.565589419981981
2025-09-04 23:00:00,4.546486535379546
2025-09-05 00:00:00,4.33635480475276
2025-09-05 01:00:00,4.164428843330844
2025-09-05 02:00:00,3.935194228
2025-09-05 03:00:00,3.992502881908928
2025-09-05 04:00:00,3.9733999973064935
2025-09-05 05:00:00,3.9542971127040576
2025-09-05 06:00:00,72.70967595872841
2025-09-05 07:00:00,77.83586922776493
2025-09-05 08:00:00,3.9733999973064935
2025-09-05 09:00:00,36.53903365145049
2025-09-05 10:00:00,36.83157692048702
2025-09-05 11:00:00,14.228502881908929
2025-09-05 12:00:00,4.107120189523538
2025-09-05 13:00:00,4.584692304584416
2025-09-05 14:00:00,4.546486535379546
2025-09-05 15:00:00,4.298149035547889
2025-09-05 16:00:00,4.3554576893551955
2025-09-05 17:00:00,4.298149035547889
2025-09-05 18:00:00,21.805589419981978
2025-09-05 19:00:00,77.87728076617468
2025-09-05 20:00:00,77.88838365077712
2025-09-05 21:00:00,58.20938365077711
2025-09-05 22:00:00,4.508280766174675
2025-09-05 23:00:00,4.546486535379546
2025-09-06 00:00:00,4.33635480475276
2025-09-06 01:00:00,4.298149035547889
2025-09-06 02:00:00,3.916091344
2025-09-06 03:00:00,4.011605766511363
2025-09-06 04:00:00,3.916091344
2025-09-06 05:00:00,4.25994326634302
2025-09-06 06:00:00,59.05071153571623
2025-09-06 07:00:00,98.64181249410794
2025-09-06 08:00:00,60.079976904325974
2025-09-06 09:00:00,138.26426630949368
2025-09-06 10:00:00,151.05955187907435
2025-09-06 11:00:00,133.0067663027599
2025-09-06 12:00:00,85.28885668786738
2025-09-06 13:00:00,78.20268650036397
2025-09-06 14:00:00,61.57993939237353
2025-09-06 15:00:00,46.859375929773215
2025-09-06 16:00:00,46.66834708374886
2025-09-06 17:00:00,33.96492882312955
2025-09-06 18:00:00,40.91444133205178
2025-09-06 19:00:00,84.42446730020747
2025-09-06 20:00:00,80.95994807176916
2025-09-06 21:00:00,50.15761441897191
2025-09-06 22:00:00,16.94401345788669
2025-09-06 23:00:00,13.372158650440422
2025-09-07 00:00:00,12.74454711203068
2025-09-07 01:00:00,11.85814903554789
2025-09-07 02:00:00,11.977091344
2025-09-07 03:00:00,12.072405766511363
2025-09-07 04:00:00,11.976591344
2025-09-07 05:00:00,12.32024326634302
2025-09-07 06:00:00,74.03881153571623
2025-09-07 07:00:00,82.09581249410795
2025-09-07 08:00:00,27.660976904325977
2025-09-07 09:00:00,87.08526630949368
2025-09-07 10:00:00,97.92260187907436
2025-09-07 11:00:00,74.24976630275991
2025-09-07 12:00:00,63.287856687867375
2025-09-07 13:00:00,56.200686500363965
2025-09-07 14:00:00,45.29293939237353
2025-09-07 15:00:00,46.859375929773215
2025-09-07 16:00:00,46.66834708374886
2025-09-07 17:00:00,33.96492882312955
2025-09-07 18:00:00,73.5039413320518
2025-09-07 19:00:00,84.40946730020747
2025-09-07 20:00:00,80.95694807176916
2025-09-07 21:00:00,6.055614418971915
2025-09-07 22:00:00,5.387013457886688
2025-09-07 23:00:00,5.0240586504404225
2025-09-08 00:00:00,4.9476471120306815
2025-09-08 01:00:00,4.298149035547889
2025-09-08 02:00:00,3.916091344
2025-09-08 03:00:00,4.011605766511363
2025-09-08 04:00:00,3.916091344
2025-09-08 05:00:00,4.25994326634302
2025-09-08 06:00:00,36.64781153571623
2025-09-08 07:00:00,82.09381249410795
2025-09-08 08:00:00,101.06397690432598
2025-09-08 09:00:00,127.48526630949368
2025-09-08 10:00:00,119.91560187907436
2025-09-08 11:00:00,99.7667663027599
2025-09-08 12:00:00,63.287856687867375
2025-09-08 13:00:00,56.200686500363965
2025-09-08 14:00:00,45.29293939237353
2025-09-08 15:00:00,46.859375929773215
2025-09-08 16:00:00,46.66834708374886
2025-09-08 17:00:00,33.96492882312955
2025-09-08 18:00:00,20.803041332051784
2025-09-08 19:00:00,11.041467300207467
2025-09-08 20:00:00,7.602948071769156
2025-09-08 21:00:00,6.055614418971915
2025-09-08 22:00:00,5.387013457886688
2025-09-08 23:00:00,5.0240586504404225
2025-09-09 00:00:00,4.9476471120306815
2025-09-09 01:00:00,4.298149035547889
2025-09-09 02:00:00,3.916091344
2025-09-09 03:00:00,4.011605766511363
2025-09-09 04:00:00,3.916091344
2025-09-09 05:00:00,4.25994326634302
2025-09-09 06:00:00,4.049811535716233
2025-09-09 07:00:00,8.691812494107955
2025-09-09 08:00:00,27.660976904325977
2025-09-09 09:00:00,54.08026630949367
2025-09-09 10:00:00,64.91160187907435
2025-09-09 11:00:00,64.0137663027599
2025-09-09 12:00:00,63.287856687867375
2025-09-09 13:00:00,56.200686500363965
2025-09-09 14:00:00,45.29293939237353
2025-09-09 15:00:00,46.859375929773215
2025-09-09 16:00:00,46.66834708374886
2025-09-09 17:00:00,33.96492882312955
2025-09-09 18:00:00,20.803041332051784
2025-09-09 19:00:00,11.041467300207467
2025-09-09 20:00:00,7.602948071769156
2025-09-09 21:00:00,6.055614418971915
2025-09-09 22:00:00,5.387013457886688
2025-09-09 23:00:00,5.0240586504404225
2025-09-10 00:00:00,4.9476471120306815
2025-09-10 01:00:00,4.298149035547889
2025-09-10 02:00:00,3.916091344
2025-09-10 03:00:00,4.011605766511363
2025-09-10 04:00:00,3.916091344
2025-09-10 05:00:00,4.25994326634302
2025-09-10 06:00:00,4.049811535716233
2025-09-10 07:00:00,52.69381249410796
2025-09-10 08:00:00,71.66497690432598
2025-09-10 09:00:00,131.09026630949367
2025-09-10 10:00:00,94.16860187907436
2025-09-10 11:00:00,78.2487663027599
2025-09-10 12:00:00,63.287856687867375
2025-09-10 13:00:00,56.200686500363965
2025-09-10 14:00:00,45.29293939237353
2025-09-10 15:00:00,46.859375929773215
2025-09-10 16:00:00,46.66834708374886
2025-09-10 17:00:00,33.96492882312955
2025-09-10 18:00:00,20.803041332051784
2025-09-10 19:00:00,84.37746730020747
2025-09-10 20:00:00,81.00394807176916
2025-09-10 21:00:00,59.78161441897191
2025-09-10 22:00:00,5.387013457886688
2025-09-10 23:00:00,5.0240586504404225
2025-09-11 00:00:00,4.9476471120306815
2025-09-11 01:00:00,4.298149035547889
2025-09-11 02:00:00,3.935194228
2025-09-11 03:00:00,3.992502881908928
2025-09-11 04:00:00,3.9733999973064935
2025-09-11 05:00:00,3.9542971127040576
2025-09-11 06:00:00,20.571523074125974
2025-09-11 07:00:00,65.37748653537955
2025-09-11 08:00:00,4.833029804416072
2025-09-11 09:00:00,60.64035095771835
2025-09-11 10:00:00,62.65215384097403
2025-09-11 11:00:00,41.444590378373704
2025-09-11 12:00:00,31.209590378373697
2025-09-11 13:00:00,29.62505095637159
2025-09-11 14:00:00,5.826379803742695
2025-09-11 15:00:00,5.234190381067209
2025-09-11 16:00:00,4.852132689018506
2025-09-11 17:00:00,4.718412496801461
2025-09-11 18:00:00,50.46547788
2025-09-11 19:00:00,77.87728076617468
2025-09-11 20:00:00,77.90158941998197
2025-09-11 21:00:00,4.25994326634302
2025-09-11 22:00:00,4.565589419981981
2025-09-11 23:00:00,4.546486535379546
2025-09-12 00:00:00,4.33635480475276
2025-09-12 01:00:00,4.164428843330844
2025-09-12 02:00:00,3.935194228
2025-09-12 03:00:00,3.992502881908928
2025-09-12 04:00:00,3.9733999973064935
2025-09-12 05:00:00,3.9542971127040576
2025-09-12 06:00:00,77.54732595872841
2025-09-12 07:00:00,121.83186922776494
2025-09-12 08:00:00,47.97739999730649
2025-09-12 09:00:00,80.54403365145049
2025-09-12 10:00:00,36.83157692048702
2025-09-12 11:00:00,14.228502881908929
2025-09-12 12:00:00,4.107120189523538
2025-09-12 13:00:00,4.584692304584416
2025-09-12 14:00:00,4.546486535379546
2025-09-12 15:00:00,4.298149035547889
2025-09-12 16:00:00,4.3554576893551955
2025-09-12 17:00:00,4.298149035547889
2025-09-12 18:00:00,57.26998941998198
2025-09-12 19:00:00,77.89028076617468
2025-09-12 20:00:00,77.88238365077711
2025-09-12 21:00:00,4.527383650777111
2025-09-12 22:00:00,11.543380766174675
2025-09-12 23:00:00,11.581386535379547
2025-09-13 00:00:00,11.37105480475276
2025-09-13 01:00:00,11.332749035547888
2025-09-13 02:00:00,10.950491344
2025-09-13 03:00:00,11.045805766511364
2025-09-13 04:00:00,10.950091344
2025-09-13 05:00:00,11.293743266343022
2025-09-13 06:00:00,77.45181153571623
2025-09-13 07:00:00,82.09481249410796
2025-09-13 08:00:00,27.660976904325977
2025-09-13 09:00:00,109.08526630949368
2025-09-13 10:00:00,119.92260187907436
2025-09-13 11:00:00,96.2507663027599
2025-09-13 12:00:00,85.28985668786737
2025-09-13 13:00:00,78.20368650036397
2025-09-13 14:00:00,45.29293939237353
2025-09-13 15:00:00,46.859375929773215
2025-09-13 16:00:00,46.66834708374886
2025-09-13 17:00:00,33.96492882312955
2025-09-13 18:00:00,73.50694133205178
2025-09-13 19:00:00,84.42146730020747
2025-09-13 20:00:00,80.95594807176916
2025-09-13 21:00:00,6.055614418971915
2025-09-13 22:00:00,5.387013457886688
2025-09-13 23:00:00,5.0240586504404225
2025-09-14 00:00:00,4.9476471120306815
2025-09-14 01:00:00,4.298149035547889
2025-09-14 02:00:00,3.916091344
2025-09-14 03:00:00,4.011605766511363
2025-09-14 04:00:00,3.916091344
2025-09-14 05:00:00,76.70694326634302
2025-09-14 06:00:00,77.42681153571624
2025-09-14 07:00:00,126.10181249410795
2025-09-14 08:00:00,71.66397690432598
2025-09-14 09:00:00,131.09026630949367
2025-09-14 10:00:00,117.25660187907435
2025-09-14 11:00:00,74.24976630275991
2025-09-14 12:00:00,63.287856687867375
2025-09-14 13:00:00,56.200686500363965
2025-09-14 14:00:00,45.29293939237353
2025-09-14 15:00:00,46.859375929773215
2025-09-14 16:00:00,46.66834708374886
2025-09-14 17:00:00,33.96492882312955
2025-09-14 18:00:00,73.50524133205178
2025-09-14 19:00:00,84.41246730020747
2025-09-14 20:00:00,80.96194807176916
2025-09-14 21:00:00,74.87361441897191
2025-09-14 22:00:00,5.387013457886688
2025-09-14 23:00:00,5.0240586504404225
2025-09-15 00:00:00,4.9476471120306815
2025-09-15 01:00:00,3.7632682666797073
2025-09-15 02:00:00,3.591342304
2025-09-15 03:00:00,3.610445189860227
2025-09-15 04:00:00,3.6486509590650975
2025-09-15 05:00:00,3.553136536052922
2025-09-15 06:00:00,23.740864419645295
2025-09-15 07:00:00,78.9619394193086
2025-09-15 08:00:00,98.94455671345568
2025-09-15 09:00:00,137.99285284083297
2025-09-15 10:00:00,129.90741052614788
2025-09-15 11:00:00,75.09343937217224
2025-09-15 12:00:00,75.32267398740147
2025-09-15 13:00:00,69.38167687604417
2025-09-15 14:00:00,53.793723040457145
2025-09-15 15:00:00,52.30369804146721
2025-09-15 16:00:00,57.82443169157096
2025-09-15 17:00:00,46.93578746818295
2025-09-15 18:00:00,28.13854901938685
2025-09-15 19:00:00,13.085475952668018
2025-09-15 20:00:00,8.462577878878731
2025-09-15 21:00:00,6.4376721110206185
2025-09-15 22:00:00,5.195984611862338
2025-09-15 23:00:00,4.470074996969806
2025-09-16 00:00:00,4.183531727933279
2025-09-16 01:00:00,3.7632682666797073
2025-09-16 02:00:00,3.591342304
2025-09-16 03:00:00,3.610445189860227
2025-09-16 04:00:00,3.6486509590650975
2025-09-16 05:00:00,3.553136536052922
2025-09-16 06:00:00,5.062264419645293
2025-09-16 07:00:00,5.558939419308604
2025-09-16 08:00:00,25.540556713455686
2025-09-16 09:00:00,64.58685284083296
2025-09-16 10:00:00,74.90241052614788
2025-09-16 11:00:00,75.09343937217224
2025-09-16 12:00:00,75.32267398740147
2025-09-16 13:00:00,69.38167687604417
2025-09-16 14:00:00,53.793723040457145
2025-09-16 15:00:00,52.30369804146721
2025-09-16 16:00:00,57.82443169157096
2025-09-16 17:00:00,46.93578746818295
2025-09-16 18:00:00,28.13854901938685
2025-09-16 19:00:00,13.085475952668018
2025-09-16 20:00:00,8.462577878878731
2025-09-16 21:00:00,6.4376721110206185
2025-09-16 22:00:00,5.195984611862338
2025-09-16 23:00:00,4.470074996969806
2025-09-17 00:00:00,4.183531727933279
2025-09-17 01:00:00,3.7632682666797073
2025-09-17 02:00:00,3.591342304
2025-09-17 03:00:00,3.610445189860227
2025-09-17 04:00:00,3.6486509590650975
2025-09-17 05:00:00,3.553136536052922
2025-09-17 06:00:00,5.062264419645293
2025-09-17 07:00:00,5.558939419308604
2025-09-17 08:00:00,25.540556713455686
2025-09-17 09:00:00,97.59185284083296
2025-09-17 10:00:00,107.91341052614789
2025-09-17 11:00:00,85.32943937217225
2025-09-17 12:00:00,75.32267398740147
2025-09-17 13:00:00,69.38167687604417
2025-09-17 14:00:00,53.793723040457145
2025-09-17 15:00:00,52.30369804146721
2025-09-17 16:00:00,57.82443169157096
2025-09-17 17:00:00,46.93578746818295
2025-09-17 18:00:00,28.13854901938685
2025-09-17 19:00:00,86.41747595266801
2025-09-17 20:00:00,81.86457787887873
2025-09-17 21:00:00,57.84167211102062
2025-09-17 22:00:00,5.195984611862338
2025-09-17 23:00:00,4.470074996969806
2025-09-18 00:00:00,4.183531727933279
2025-09-18 01:00:00,3.9733999973064935
2025-09-18 02:00:00,3.820576920487013
2025-09-18 03:00:00,3.553136536052922
2025-09-18 04:00:00,3.8396798050894487
2025-09-18 05:00:00,3.7632682666797073
2025-09-18 06:00:00,3.9542971127040576
2025-09-18 07:00:00,93.13135480475276
2025-09-18 08:00:00,49.02705865044042
2025-09-18 09:00:00,107.988355764
2025-09-18 10:00:00,66.931199992
2025-09-18 11:00:00,44.19199422271461
2025-09-18 12:00:00,33.922199992
2025-09-18 13:00:00,32.471380762134416
2025-09-18 14:00:00,7.622050956371591
2025-09-18 15:00:00,6.017408649767045
2025-09-18 16:00:00,5.616248073115909
2025-09-18 17:00:00,5.253293265669643
2025-09-18 18:00:00,50.8285926890185
2025-09-18 19:00:00,78.02910384299415
2025-09-18 20:00:00,78.07341249680147
2025-09-18 21:00:00,78.02489807378929
2025-09-18 22:00:00,5.119573073452598
2025-09-18 23:00:00,5.138675958055032
2025-09-19 00:00:00,4.470074996969806
2025-09-19 01:00:00,4.183531727933279
2025-09-19 02:00:00,3.7441653820772727
2025-09-19 03:00:00,3.7632682666797073
2025-09-19 04:00:00,4.049811535716233
2025-09-19 05:00:00,3.7632682666797073
2025-09-19 06:00:00,19.764268266679707
2025-09-19 07:00:00,77.4337086511138
2025-09-19 08:00:00,3.7823711512821423
2025-09-19 09:00:00,36.596342304000004
2025-09-19 10:00:00,80.64354807446266
2025-09-19 11:00:00,57.832342304
2025-09-19 12:00:00,21.126371151282143
2025-09-19 13:00:00,4.049811535716233
2025-09-19 14:00:00,3.7632682666797073
2025-09-19 15:00:00,3.7632682666797073
2025-09-19 16:00:00,4.030708651113799
2025-09-19 17:00:00,3.801474035884579
2025-09-19 18:00:00,56.237443651450484
2025-09-19 19:00:00,77.36950288190893
2025-09-19 20:00:00,77.76166345856007
2025-09-19 21:00:00,14.534457689355197
2025-09-19 22:00:00,11.672928843330844
2025-09-19 23:00:00,11.881794228
2025-09-20 00:00:00,11.957905766511363
2025-09-20 01:00:00,11.709368266679707
2025-09-20 02:00:00,11.537242304
2025-09-20 03:00:00,11.556045189860226
2025-09-20 04:00:00,11.594050959065097
2025-09-20 05:00:00,11.498336536052921
2025-09-20 06:00:00,78.46426441964529
2025-09-20 07:00:00,78.9619394193086
2025-09-20 08:00:00,25.540556713455686
2025-09-20 09:00:00,119.59185284083296
2025-09-20 10:00:00,129.91341052614789
2025-09-20 11:00:00,107.33043937217224
2025-09-20 12:00:00,97.32467398740147
2025-09-20 13:00:00,91.38467687604417
2025-09-20 14:00:00,53.793723040457145
2025-09-20 15:00:00,52.30369804146721
2025-09-20 16:00:00,57.82443169157096
2025-09-20 17:00:00,46.93578746818295
2025-09-20 18:00:00,80.84056901938686
2025-09-20 19:00:00,86.45847595266802
2025-09-20 20:00:00,81.80357787887873
2025-09-20 21:00:00,15.71397211102062
2025-09-20 22:00:00,12.980484611862337
2025-09-20 23:00:00,12.104274996969806
2025-09-21 00:00:00,11.770331727933279
2025-09-21 01:00:00,11.331568266679707
2025-09-21 02:00:00,11.152842304
2025-09-21 03:00:00,11.169545189860226
2025-09-21 04:00:00,11.205450959065097
2025-09-21 05:00:00,11.61753653605292
2025-09-21 06:00:00,41.559264419645295
2025-09-21 07:00:00,122.9689394193086
2025-09-21 08:00:00,69.54455671345568
2025-09-21 09:00:00,141.59685284083298
2025-09-21 10:00:00,107.91341052614789
2025-09-21 11:00:00,85.32943937217225
2025-09-21 12:00:00,75.32267398740147
2025-09-21 13:00:00,69.38167687604417
2025-09-21 14:00:00,53.793723040457145
2025-09-21 15:00:00,52.30369804146721
2025-09-21 16:00:00,57.82443169157096
2025-09-21 17:00:00,46.93578746818295
2025-09-21 18:00:00,80.84254901938685
2025-09-21 19:00:00,86.46447595266802
2025-09-21 20:00:00,81.81357787887873
2025-09-21 21:00:00,17.45067211102062
2025-09-21 22:00:00,13.378584611862339
2025-09-21 23:00:00,12.109074996969806
2025-09-22 00:00:00,11.764431727933278
2025-09-22 01:00:00,11.325668266679708
2025-09-22 02:00:00,11.151042304
2025-09-22 03:00:00,11.167845189860227
2025-09-22 04:00:00,11.205750959065098
2025-09-22 05:00:00,11.110136536052922
2025-09-22 06:00:00,22.73106441964529
2025-09-22 07:00:00,78.9609394193086
2025-09-22 08:00:00,98.94355671345569
2025-09-22 09:00:00,137.99185284083296
2025-09-22 10:00:00,148.30941052614787
2025-09-22 11:00:00,84.32533937217224
2025-09-22 12:00:00,75.32267398740147
2025-09-22 13:00:00,69.38167687604417
2025-09-22 14:00:00,53.793723040457145
2025-09-22 15:00:00,52.30369804146721
2025-09-22 16:00:00,57.82443169157096
2025-09-22 17:00:00,46.93578746818295
2025-09-22 18:00:00,28.13854901938685
2025-09-22 19:00:00,13.085475952668018
2025-09-22 20:00:00,8.462577878878731
2025-09-22 21:00:00,6.4376721110206185
2025-09-22 22:00:00,5.195984611862338
2025-09-22 23:00:00,4.470074996969806
2025-09-23 00:00:00,4.183531727933279
2025-09-23 01:00:00,3.7632682666797073
2025-09-23 02:00:00,3.591342304
2025-09-23 03:00:00,3.610445189860227
2025-09-23 04:00:00,3.6486509590650975
2025-09-23 05:00:00,3.553136536052922
2025-09-23 06:00:00,5.062264419645293
2025-09-23 07:00:00,5.558939419308604
2025-09-23 08:00:00,25.540556713455686
2025-09-23 09:00:00,64.58685284083296
2025-09-23 10:00:00,74.90241052614788
2025-09-23 11:00:00,75.09343937217224
2025-09-23 12:00:00,75.32267398740147
2025-09-23 13:00:00,69.38167687604417
2025-09-23 14:00:00,53.793723040457145
2025-09-23 15:00:00,52.30369804146721
2025-09-23 16:00:00,57.82443169157096
2025-09-23 17:00:00,46.93578746818295
2025-09-23 18:00:00,28.13854901938685
2025-09-23 19:00:00,13.085475952668018
2025-09-23 20:00:00,8.462577878878731
2025-09-23 21:00:00,6.4376721110206185
2025-09-23 22:00:00,5.195984611862338
2025-09-23 23:00:00,4.470074996969806
2025-09-24 00:00:00,4.183531727933279
2025-09-24 01:00:00,3.7632682666797073
2025-09-24 02:00:00,3.591342304
2025-09-24 03:00:00,3.610445189860227
2025-09-24 04:00:00,3.6486509590650975
2025-09-24 05:00:00,3.553136536052922
2025-09-24 06:00:00,5.062264419645293
2025-09-24 07:00:00,5.558939419308604
2025-09-24 08:00:00,25.540556713455686
2025-09-24 09:00:00,97.59185284083296
2025-09-24 10:00:00,107.91341052614789
2025-09-24 11:00:00,85.32943937217225
2025-09-24 12:00:00,75.32267398740147
2025-09-24 13:00:00,69.38167687604417
2025-09-24 14:00:00,53.793723040457145
2025-09-24 15:00:00,52.30369804146721
2025-09-24 16:00:00,57.82443169157096
2025-09-24 17:00:00,46.93578746818295
2025-09-24 18:00:00,28.13854901938685
2025-09-24 19:00:00,86.43647595266802
2025-09-24 20:00:00,81.86457787887873
2025-09-24 21:00:00,56.01567211102062
2025-09-24 22:00:00,18.283984611862337
2025-09-24 23:00:00,12.364274996969804
2025-09-25 00:00:00,11.752131727933278
2025-09-25 01:00:00,11.532699997306494
2025-09-25 02:00:00,11.377576920487012
2025-09-25 03:00:00,11.109336536052922
2025-09-25 04:00:00,11.395579805089449
2025-09-25 05:00:00,11.318868266679708
2025-09-25 06:00:00,19.147197112704056
2025-09-25 07:00:00,121.74635480475276
2025-09-25 08:00:00,49.02805865044042
2025-09-25 09:00:00,107.988355764
2025-09-25 10:00:00,66.931199992
2025-09-25 11:00:00,44.11899422271461
2025-09-25 12:00:00,33.922199992
2025-09-25 13:00:00,32.471380762134416
2025-09-25 14:00:00,7.622050956371591
2025-09-25 15:00:00,6.017408649767045
2025-09-25 16:00:00,5.616248073115909
2025-09-25 17:00:00,5.253293265669643
2025-09-25 18:00:00,4.852132689018506
2025-09-25 19:00:00,78.02510384299416
2025-09-25 20:00:00,78.10241249680146
2025-09-25 21:00:00,54.13689807378929
2025-09-25 22:00:00,18.231573073452598
2025-09-25 23:00:00,13.047375958055031
2025-09-26 00:00:00,12.052874996969805
2025-09-26 01:00:00,11.74223172793328
2025-09-26 02:00:00,11.301565382077273
2025-09-26 03:00:00,11.319968266679707
2025-09-26 04:00:00,11.606211535716234
2025-09-26 05:00:00,11.319468266679706
2025-09-26 06:00:00,29.322268266679703
2025-09-26 07:00:00,77.4347086511138
2025-09-26 08:00:00,3.7823711512821423
2025-09-26 09:00:00,36.596342304000004
2025-09-26 10:00:00,36.640548074462664
2025-09-26 11:00:00,13.827342304
2025-09-26 12:00:00,3.7823711512821423
2025-09-26 13:00:00,4.049811535716233
2025-09-26 14:00:00,3.7632682666797073
2025-09-26 15:00:00,3.7632682666797073
2025-09-26 16:00:00,4.030708651113799
2025-09-26 17:00:00,3.801474035884579
2025-09-26 18:00:00,16.745033651450488
2025-09-26 19:00:00,77.36650288190893
2025-09-26 20:00:00,77.75766345856007
2025-09-26 21:00:00,40.7504576893552
2025-09-26 22:00:00,13.560628843330845
2025-09-26 23:00:00,11.593294228
2025-09-27 00:00:00,11.580705766511363
2025-09-27 01:00:00,11.324768266679706
2025-09-27 02:00:00,11.150442304
2025-09-27 03:00:00,11.168745189860227
2025-09-27 04:00:00,11.206150959065099
2025-09-27 05:00:00,11.110436536052921
2025-09-27 06:00:00,29.388264419645292
2025-09-27 07:00:00,78.9621394193086
2025-09-27 08:00:00,25.540556713455686
2025-09-27 09:00:00,98.90115284083296
2025-09-27 10:00:00,122.17541052614789
2025-09-27 11:00:00,164.49194937217226
2025-09-27 12:00:00,164.07967398740146
2025-09-27 13:00:00,119.82367687604417
2025-09-27 14:00:00,71.86872304045714
2025-09-27 15:00:00,63.377698041467205
2025-09-27 16:00:00,57.82443169157096
2025-09-27 17:00:00,46.93578746818295
2025-09-27 18:00:00,80.84154901938686
2025-09-27 19:00:00,86.46047595266802
2025-09-27 20:00:00,18.996577878878732
2025-09-27 21:00:00,14.326772111020619
2025-09-27 22:00:00,12.784184611862337
2025-09-27 23:00:00,12.033874996969805
2025-09-28 00:00:00,11.744531727933278
2025-09-28 01:00:00,11.322068266679707
2025-09-28 02:00:00,11.149342304
2025-09-28 03:00:00,11.168145189860226
2025-09-28 04:00:00,11.206250959065098
2025-09-28 05:00:00,75.60913653605292
2025-09-28 06:00:00,78.4637644196453
2025-09-28 07:00:00,78.9619394193086
2025-09-28 08:00:00,25.540556713455686
2025-09-28 09:00:00,97.59185284083296
2025-09-28 10:00:00,107.91341052614789
2025-09-28 11:00:00,85.32343937217225
2025-09-28 12:00:00,75.32267398740147
2025-09-28 13:00:00,69.38167687604417
2025-09-28 14:00:00,53.793723040457145
2025-09-28 15:00:00,52.30369804146721
2025-09-28 16:00:00,57.82443169157096
2025-09-28 17:00:00,46.93578746818295
2025-09-28 18:00:00,80.84054901938686
2025-09-28 19:00:00,86.45747595266802
2025-09-28 20:00:00,81.80257787887874
2025-09-28 21:00:00,17.20967211102062
2025-09-28 22:00:00,13.184584611862338
2025-09-28 23:00:00,12.156074996969807
2025-09-29 00:00:00,11.76003172793328
2025-09-29 01:00:00,11.330168266679708
2025-09-29 02:00:00,11.151842304
2025-09-29 03:00:00,11.168545189860227
2025-09-29 04:00:00,11.205950959065097
2025-09-29 05:00:00,11.110136536052922
2025-09-29 06:00:00,12.619114419645292
2025-09-29 07:00:00,48.90293941930861
2025-09-29 08:00:00,98.94355671345569
2025-09-29 09:00:00,137.99185284083296
2025-09-29 10:00:00,148.30941052614787
2025-09-29 11:00:00,75.09343937217224
2025-09-29 12:00:00,75.32267398740147
2025-09-29 13:00:00,69.38167687604417
2025-09-29 14:00:00,53.793723040457145
2025-09-29 15:00:00,52.30369804146721
2025-09-29 16:00:00,57.82443169157096
2025-09-29 17:00:00,46.93578746818295
2025-09-29 18:00:00,28.13854901938685
2025-09-29 19:00:00,13.085475952668018
2025-09-29 20:00:00,8.462577878878731
2025-09-29 21:00:00,6.4376721110206185
2025-09-29 22:00:00,5.195984611862338
2025-09-29 23:00:00,4.470074996969806
2025-09-30 00:00:00,4.183531727933279
2025-09-30 01:00:00,3.7632682666797073
2025-09-30 02:00:00,3.591342304
2025-09-30 03:00:00,3.610445189860227
2025-09-30 04:00:00,3.6486509590650975
2025-09-30 05:00:00,3.553136536052922
2025-09-30 06:00:00,5.062264419645293
2025-09-30 07:00:00,5.558939419308604
2025-09-30 08:00:00,25.540556713455686
2025-09-30 09:00:00,64.58685284083296
2025-09-30 10:00:00,74.90241052614788
2025-09-30 11:00:00,75.09343937217224
2025-09-30 12:00:00,75.32267398740147
2025-09-30 13:00:00,69.38167687604417
2025-09-30 14:00:00,53.793723040457145
2025-09-30 15:00:00,52.30369804146721
2025-09-30 16:00:00,57.82443169157096
2025-09-30 17:00:00,46.93578746818295
2025-09-30 18:00:00,28.13854901938685
2025-09-30 19:00:00,13.085475952668018
2025-09-30 20:00:00,8.462577878878731
2025-09-30 21:00:00,6.4376721110206185
2025-09-30 22:00:00,5.195984611862338
2025-09-30 23:00:00,4.470074996969806
2025-10-01 00:00:00,4.183531727933279
2025-10-01 01:00:00,3.7632682666797073
2025-10-01 02:00:00,3.591342304
2025-10-01 03:00:00,3.610445189860227
2025-10-01 04:00:00,3.6486509590650975
2025-10-01 05:00:00,3.553136536052922
2025-10-01 06:00:00,5.062264419645293
2025-10-01 07:00:00,35.465939419308604
2025-10-01 08:00:00,69.54355671345569
2025-10-01 09:00:00,141.59685284083298
2025-10-01 10:00:00,129.6884105261479
2025-10-01 11:00:00,85.32943937217225
2025-10-01 12:00:00,75.32267398740147
2025-10-01 13:00:00,69.38167687604417
2025-10-01 14:00:00,53.793723040457145
2025-10-01 15:00:00,52.30369804146721
2025-10-01 16:00:00,57.82443169157096
2025-10-01 17:00:00,46.93578746818295
2025-10-01 18:00:00,28.13854901938685
2025-10-01 19:00:00,86.43047595266802
2025-10-01 20:00:00,81.86357787887873
2025-10-01 21:00:00,55.98267211102062
2025-10-01 22:00:00,18.275984611862338
2025-10-01 23:00:00,12.358174996969804
2025-10-02 00:00:00,11.74623172793328
2025-10-02 01:00:00,12.036299997306495
2025-10-02 02:00:00,11.883176920487013
2025-10-02 03:00:00,11.615536536052922
2025-10-02 04:00:00,11.901779805089447
2025-10-02 05:00:00,11.825068266679708
2025-10-02 06:00:00,12.015857112704058
2025-10-02 07:00:00,65.27535480475277
2025-10-02 08:00:00,27.004058650440424
2025-10-02 09:00:00,63.984355764
2025-10-02 10:00:00,66.932199992
2025-10-02 11:00:00,44.11999422271461
2025-10-02 12:00:00,33.922199992
2025-10-02 13:00:00,20.867380762134417
2025-10-02 14:00:00,7.622050956371591
2025-10-02 15:00:00,6.017408649767045
2025-10-02 16:00:00,5.616248073115909
2025-10-02 17:00:00,5.253293265669643
2025-10-02 18:00:00,16.378132689018507
2025-10-02 19:00:00,78.03310384299415
2025-10-02 20:00:00,78.05941249680146
2025-10-02 21:00:00,42.73189807378929
2025-10-02 22:00:00,15.008073073452598
2025-10-02 23:00:00,13.232275958055032
2025-10-03 00:00:00,12.059374996969805
2025-10-03 01:00:00,11.74173172793328
2025-10-03 02:00:00,11.301065382077272
2025-10-03 03:00:00,11.320068266679707
2025-10-03 04:00:00,11.606611535716233
2025-10-03 05:00:00,11.319968266679707
2025-10-03 06:00:00,29.720268266679707
2025-10-03 07:00:00,107.6397086511138
2025-10-03 08:00:00,47.78537115128214
2025-10-03 09:00:00,80.601342304
2025-10-03 10:00:00,58.15054807446266
2025-10-03 11:00:00,13.827342304
2025-10-03 12:00:00,3.7823711512821423
2025-10-03 13:00:00,4.049811535716233
2025-10-03 14:00:00,3.7632682666797073
2025-10-03 15:00:00,3.7632682666797073
2025-10-03 16:00:00,4.030708651113799
2025-10-03 17:00:00,3.801474035884579
2025-10-03 18:00:00,56.236033651450484
2025-10-03 19:00:00,77.36550288190894
2025-10-03 20:00:00,77.73466345856006
2025-10-03 21:00:00,12.383757689355196
2025-10-03 22:00:00,11.858228843330846
2025-10-03 23:00:00,11.512394228
2025-10-04 00:00:00,11.568405766511363
2025-10-04 01:00:00,11.826968266679708
2025-10-04 02:00:00,11.654842303999999
2025-10-04 03:00:00,11.673645189860228
2025-10-04 04:00:00,11.711650959065098
2025-10-04 05:00:00,11.615836536052921
2025-10-04 06:00:00,31.525264419645293
2025-10-04 07:00:00,78.96193941930859
2025-10-04 08:00:00,25.540556713455686
2025-10-04 09:00:00,119.59185284083296
2025-10-04 10:00:00,129.91341052614789
2025-10-04 11:00:00,107.33043937217224
2025-10-04 12:00:00,97.32467398740147
2025-10-04 13:00:00,87.25267687604416
2025-10-04 14:00:00,53.793723040457145
2025-10-04 15:00:00,52.30369804146721
2025-10-04 16:00:00,57.82443169157096
2025-10-04 17:00:00,46.93578746818295
2025-10-04 18:00:00,80.84354901938684
2025-10-04 19:00:00,86.46647595266802
2025-10-04 20:00:00,81.81657787887873
2025-10-04 21:00:00,14.470672111020619
2025-10-04 22:00:00,12.894584611862339
2025-10-04 23:00:00,12.052074996969806
2025-10-05 00:00:00,11.74513172793328
2025-10-05 01:00:00,11.322068266679707
2025-10-05 02:00:00,11.149342304
2025-10-05 03:00:00,11.168245189860228
2025-10-05 04:00:00,11.206150959065099
2025-10-05 05:00:00,27.89613653605292
2025-10-05 06:00:00,77.78026441964529
2025-10-05 07:00:00,114.6069394193086
2025-10-05 08:00:00,69.54355671345569
2025-10-05 09:00:00,141.59685284083298
2025-10-05 10:00:00,107.91341052614789
2025-10-05 11:00:00,85.32943937217225
2025-10-05 12:00:00,75.32267398740147
2025-10-05 13:00:00,69.38167687604417
2025-10-05 14:00:00,53.793723040457145
2025-10-05 15:00:00,52.30369804146721
2025-10-05 16:00:00,57.82443169157096
2025-10-05 17:00:00,46.93578746818295
2025-10-05 18:00:00,80.84054901938686
2025-10-05 19:00:00,86.45747595266802
2025-10-05 20:00:00,81.82257787887873
2025-10-05 21:00:00,17.27867211102062
2025-10-05 22:00:00,13.240684611862338
2025-10-05 23:00:00,12.210874996969807
2025-10-06 00:00:00,11.81423172793328
2025-10-06 01:00:00,11.347468266679707
2025-10-06 02:00:00,11.157142304
2025-10-06 03:00:00,11.169445189860227
2025-10-06 04:00:00,11.206650959065097
2025-10-06 05:00:00,11.110436536052921
2025-10-06 06:00:00,12.619364419645294
2025-10-06 07:00:00,63.17792941930861
2025-10-06 08:00:00,98.94355671345569
2025-10-06 09:00:00,137.99185284083296
2025-10-06 10:00:00,148.30941052614787
2025-10-06 11:00:00,83.49573937217224
2025-10-06 12:00:00,75.32267398740147
2025-10-06 13:00:00,69.38167687604417
2025-10-06 14:00:00,53.793723040457145
2025-10-06 15:00:00,52.30369804146721
2025-10-06 16:00:00,57.82443169157096
2025-10-06 17:00:00,46.93578746818295
2025-10-06 18:00:00,28.13854901938685
2025-10-06 19:00:00,13.085475952668018
2025-10-06 20:00:00,8.462577878878731
2025-10-06 21:00:00,6.4376721110206185
2025-10-06 22:00:00,5.195984611862338
2025-10-06 23:00:00,4.470074996969806
2025-10-07 00:00:00,4.183531727933279
2025-10-07 01:00:00,3.7632682666797073
2025-10-07 02:00:00,3.591342304
2025-10-07 03:00:00,3.610445189860227
2025-10-07 04:00:00,3.6486509590650975
2025-10-07 05:00:00,3.553136536052922
2025-10-07 06:00:00,5.062264419645293
2025-10-07 07:00:00,5.558939419308604
2025-10-07 08:00:00,25.540556713455686
2025-10-07 09:00:00,64.58685284083296
2025-10-07 10:00:00,74.90241052614788
2025-10-07 11:00:00,75.09343937217224
2025-10-07 12:00:00,75.32267398740147
2025-10-07 13:00:00,69.38167687604417
2025-10-07 14:00:00,53.793723040457145
2025-10-07 15:00:00,52.30369804146721
2025-10-07 16:00:00,57.82443169157096
2025-10-07 17:00:00,46.93578746818295
2025-10-07 18:00:00,28.13854901938685
2025-10-07 19:00:00,13.085475952668018
2025-10-07 20:00:00,8.462577878878731
2025-10-07 21:00:00,6.4376721110206185
2025-10-07 22:00:00,5.195984611862338
2025-10-07 23:00:00,4.470074996969806
2025-10-08 00:00:00,4.183531727933279
2025-10-08 01:00:00,3.7632682666797073
2025-10-08 02:00:00,3.591342304
2025-10-08 03:00:00,3.610445189860227
2025-10-08 04:00:00,3.6486509590650975
2025-10-08 05:00:00,3.553136536052922
2025-10-08 06:00:00,5.062264419645293
2025-10-08 07:00:00,5.558939419308604
2025-10-08 08:00:00,25.540556713455686
2025-10-08 09:00:00,97.59185284083296
2025-10-08 10:00:00,107.91341052614789
2025-10-08 11:00:00,85.32943937217225
2025-10-08 12:00:00,75.32267398740147
2025-10-08 13:00:00,69.38167687604417
2025-10-08 14:00:00,53.793723040457145
2025-10-08 15:00:00,52.30369804146721
2025-10-08 16:00:00,57.82443169157096
2025-10-08 17:00:00,46.93578746818295
2025-10-08 18:00:00,28.13854901938685
2025-10-08 19:00:00,86.43947595266802
2025-10-08 20:00:00,81.86457787887873
2025-10-08 21:00:00,55.572672111020616
2025-10-08 22:00:00,18.16298461186234
2025-10-08 23:00:00,12.280574996969806
2025-10-09 00:00:00,11.78953172793328
2025-10-09 01:00:00,11.533299997306493
2025-10-09 02:00:00,11.376976920487014
2025-10-09 03:00:00,11.109336536052922
2025-10-09 04:00:00,11.395679805089449
2025-10-09 05:00:00,11.319168266679707
2025-10-09 06:00:00,11.510097112704058
2025-10-09 07:00:00,30.93405480475276
2025-10-09 08:00:00,37.212058650440426
2025-10-09 09:00:00,107.986355764
2025-10-09 10:00:00,110.93619999200001
2025-10-09 11:00:00,44.11899422271461
2025-10-09 12:00:00,33.922199992
2025-10-09 13:00:00,32.471380762134416
2025-10-09 14:00:00,7.622050956371591
2025-10-09 15:00:00,6.017408649767045
2025-10-09 16:00:00,5.616248073115909
2025-10-09 17:00:00,5.253293265669643
2025-10-09 18:00:00,50.8281326890185
2025-10-09 19:00:00,78.02710384299415
2025-10-09 20:00:00,78.06941249680146
2025-10-09 21:00:00,71.29789807378928
2025-10-09 22:00:00,5.119573073452598
2025-10-09 23:00:00,5.138675958055032
2025-10-10 00:00:00,4.470074996969806
2025-10-10 01:00:00,4.183531727933279
2025-10-10 02:00:00,3.7441653820772727
2025-10-10 03:00:00,3.7632682666797073
2025-10-10 04:00:00,4.049811535716233
2025-10-10 05:00:00,3.7632682666797073
2025-10-10 06:00:00,3.7632682666797073
2025-10-10 07:00:00,77.4337086511138
2025-10-10 08:00:00,3.7823711512821423
2025-10-10 09:00:00,36.596342304000004
2025-10-10 10:00:00,80.64354807446266
2025-10-10 11:00:00,57.832342304
2025-10-10 12:00:00,3.7823711512821423
2025-10-10 13:00:00,4.049811535716233
2025-10-10 14:00:00,3.7632682666797073
2025-10-10 15:00:00,3.7632682666797073
2025-10-10 16:00:00,4.030708651113799
2025-10-10 17:00:00,3.801474035884579
2025-10-10 18:00:00,56.239033651450484
2025-10-10 19:00:00,77.37350288190893
2025-10-10 20:00:00,74.87266345856007
2025-10-10 21:00:00,11.387457689355195
2025-10-10 22:00:00,11.778328843330844
2025-10-10 23:00:00,11.548894228
2025-10-11 00:00:00,11.625105766511364
2025-10-11 01:00:00,11.376568266679707
2025-10-11 02:00:00,11.204442304
2025-10-11 03:00:00,11.223345189860227
2025-10-11 04:00:00,11.261350959065098
2025-10-11 05:00:00,11.165636536052922
2025-10-11 06:00:00,78.46426441964529
2025-10-11 07:00:00,78.9619394193086
2025-10-11 08:00:00,25.540556713455686
2025-10-11 09:00:00,112.68085284083296
2025-10-11 10:00:00,129.91241052614788
2025-10-11 11:00:00,111.62243937217224
2025-10-11 12:00:00,97.32467398740147
2025-10-11 13:00:00,91.38367687604416
2025-10-11 14:00:00,63.924723040457145
2025-10-11 15:00:00,52.30369804146721
2025-10-11 16:00:00,57.82443169157096
2025-10-11 17:00:00,46.93578746818295
2025-10-11 18:00:00,80.84254901938685
2025-10-11 19:00:00,86.46347595266802
2025-10-11 20:00:00,80.23057787887873
2025-10-11 21:00:00,13.597372111020618
2025-10-11 22:00:00,12.948384611862338
2025-10-11 23:00:00,12.222174996969805
2025-10-12 00:00:00,11.93543172793328
2025-10-12 01:00:00,11.514968266679707
2025-10-12 02:00:00,11.342842304
2025-10-12 03:00:00,11.361645189860226
2025-10-12 04:00:00,11.399650959065099
2025-10-12 05:00:00,28.59613653605292
2025-10-12 06:00:00,77.2242644196453
2025-10-12 07:00:00,95.50993941930861
2025-10-12 08:00:00,69.5425567134557
2025-10-12 09:00:00,141.59585284083295
2025-10-12 10:00:00,151.91841052614788
2025-10-12 11:00:00,85.32943937217225
2025-10-12 12:00:00,75.32267398740147
2025-10-12 13:00:00,69.38167687604417
2025-10-12 14:00:00,53.793723040457145
2025-10-12 15:00:00,52.30369804146721
2025-10-12 16:00:00,57.82443169157096
2025-10-12 17:00:00,46.93578746818295
2025-10-12 18:00:00,80.83954901938685
2025-10-12 19:00:00,86.45447595266802
2025-10-12 20:00:00,81.81757787887874
2025-10-12 21:00:00,17.13067211102062
2025-10-12 22:00:00,13.121684611862339
2025-10-12 23:00:00,12.094774996969806
2025-10-13 00:00:00,11.75743172793328
2025-10-13 01:00:00,11.329368266679706
2025-10-13 02:00:00,11.151042304
2025-10-13 03:00:00,11.167745189860227
2025-10-13 04:00:00,11.713050959065097
2025-10-13 05:00:00,11.617236536052921
2025-10-13 06:00:00,13.126164419645292
2025-10-13 07:00:00,50.3059394193086
2025-10-13 08:00:00,98.94355671345569
2025-10-13 09:00:00,137.99185284083296
2025-10-13 10:00:00,148.30941052614787
2025-10-13 11:00:00,87.38143937217224
2025-10-13 12:00:00,75.32267398740147
2025-10-13 13:00:00,69.38167687604417
2025-10-13 14:00:00,53.793723040457145
2025-10-13 15:00:00,52.30369804146721
2025-10-13 16:00:00,57.82443169157096
2025-10-13 17:00:00,46.93578746818295
2025-10-13 18:00:00,28.13854901938685
2025-10-13 19:00:00,13.085475952668018
2025-10-13 20:00:00,8.462577878878731
2025-10-13 21:00:00,6.4376721110206185
2025-10-13 22:00:00,5.195984611862338
2025-10-13 23:00:00,4.470074996969806
2025-10-14 00:00:00,4.183531727933279
2025-10-14 01:00:00,3.7632682666797073
2025-10-14 02:00:00,3.591342304
2025-10-14 03:00:00,3.610445189860227
2025-10-14 04:00:00,3.6486509590650975
2025-10-14 05:00:00,3.553136536052922
2025-10-14 06:00:00,5.062264419645293
2025-10-14 07:00:00,5.558939419308604
2025-10-14 08:00:00,25.540556713455686
2025-10-14 09:00:00,64.58685284083296
2025-10-14 10:00:00,74.90241052614788
2025-10-14 11:00:00,75.09343937217224
2025-10-14 12:00:00,75.32267398740147
2025-10-14 13:00:00,69.38167687604417
2025-10-14 14:00:00,53.793723040457145
2025-10-14 15:00:00,52.30369804146721
2025-10-14 16:00:00,57.82443169157096
2025-10-14 17:00:00,46.93578746818295
2025-10-14 18:00:00,28.13854901938685
2025-10-14 19:00:00,13.085475952668018
2025-10-14 20:00:00,8.462577878878731
2025-10-14 21:00:00,6.4376721110206185
2025-10-14 22:00:00,5.195984611862338
2025-10-14 23:00:00,4.470074996969806
2025-10-15 00:00:00,4.183531727933279
2025-10-15 01:00:00,3.7632682666797073
2025-10-15 02:00:00,3.591342304
2025-10-15 03:00:00,3.610445189860227
2025-10-15 04:00:00,3.6486509590650975
2025-10-15 05:00:00,3.553136536052922
2025-10-15 06:00:00,5.062264419645293
2025-10-15 07:00:00,5.558939419308604
2025-10-15 08:00:00,25.540556713455686
2025-10-15 09:00:00,97.59185284083296
2025-10-15 10:00:00,107.91341052614789
2025-10-15 11:00:00,85.32943937217225
2025-10-15 12:00:00,75.32267398740147
2025-10-15 13:00:00,69.38167687604417
2025-10-15 14:00:00,53.793723040457145
2025-10-15 15:00:00,52.30369804146721
2025-10-15 16:00:00,57.82443169157096
2025-10-15 17:00:00,46.93578746818295
2025-10-15 18:00:00,28.13854901938685
2025-10-15 19:00:00,86.43947595266802
2025-10-15 20:00:00,81.86457787887873
2025-10-15 21:00:00,50.822672111020616
2025-10-15 22:00:00,16.841984611862337
2025-10-15 23:00:00,12.923374996969805
2025-10-16 00:00:00,12.08973172793328
2025-10-16 01:00:00,11.642899997306493
2025-10-16 02:00:00,11.383076920487014
2025-10-16 03:00:00,11.110236536052922
2025-10-16 04:00:00,11.39597980508945
2025-10-16 05:00:00,11.319368266679707
2025-10-16 06:00:00,11.510297112704057
2025-10-16 07:00:00,35.02255480475276
2025-10-16 08:00:00,5.0240586504404225
2025-10-16 09:00:00,8.978355764
2025-10-16 10:00:00,18.816499992
2025-10-16 11:00:00,50.73799422271461
2025-10-16 12:00:00,47.392599992
2025-10-16 13:00:00,81.17733076213442
2025-10-16 14:00:00,97.8040509563716
2025-10-16 15:00:00,20.402408649767047
2025-10-16 16:00:00,23.50624807311591
2025-10-16 17:00:00,5.253293265669643
2025-10-16 18:00:00,36.940132689018505
2025-10-16 19:00:00,42.47110384299416
2025-10-16 20:00:00,13.194112496801461
2025-10-16 21:00:00,12.518198073789286
2025-10-16 22:00:00,12.770473073452598
2025-10-16 23:00:00,12.738775958055033
2025-10-17 00:00:00,12.051574996969805
2025-10-17 01:00:00,11.747531727933278
2025-10-17 02:00:00,11.305465382077273
2025-10-17 03:00:00,11.322368266679707
2025-10-17 04:00:00,29.060811535716233
2025-10-17 05:00:00,76.6802682666797
2025-10-17 06:00:00,77.1652682666797
2025-10-17 07:00:00,77.4342086511138
2025-10-17 08:00:00,3.7823711512821423
2025-10-17 09:00:00,36.596342304000004
2025-10-17 10:00:00,80.64354807446266
2025-10-17 11:00:00,57.813342304
2025-10-17 12:00:00,22.873371151282143
2025-10-17 13:00:00,4.049811535716233
2025-10-17 14:00:00,3.7632682666797073
2025-10-17 15:00:00,3.7632682666797073
2025-10-17 16:00:00,4.030708651113799
2025-10-17 17:00:00,3.801474035884579
2025-10-17 18:00:00,56.236033651450484
2025-10-17 19:00:00,77.36550288190894
2025-10-17 20:00:00,69.17766345856008
2025-10-17 21:00:00,4.3554576893551955
2025-10-17 22:00:00,11.172528843330845
2025-10-17 23:00:00,10.943094228
2025-10-18 00:00:00,11.019305766511362
2025-10-18 01:00:00,10.770768266679708
2025-10-18 02:00:00,10.598642304
2025-10-18 03:00:00,10.617545189860227
2025-10-18 04:00:00,10.655550959065097
2025-10-18 05:00:00,10.559836536052922
2025-10-18 06:00:00,78.46426441964529
2025-10-18 07:00:00,78.96193941930859
2025-10-18 08:00:00,47.528556713455686
2025-10-18 09:00:00,119.59185284083296
2025-10-18 10:00:00,129.91341052614789
2025-10-18 11:00:00,107.33043937217224
2025-10-18 12:00:00,97.32467398740147
2025-10-18 13:00:00,91.38467687604417
2025-10-18 14:00:00,53.793723040457145
2025-10-18 15:00:00,52.30369804146721
2025-10-18 16:00:00,57.82443169157096
2025-10-18 17:00:00,46.93578746818295
2025-10-18 18:00:00,80.84154901938686
2025-10-18 19:00:00,86.46047595266802
2025-10-18 20:00:00,81.02557787887874
2025-10-18 21:00:00,13.677572111020618
2025-10-18 22:00:00,13.035284611862338
2025-10-18 23:00:00,12.309174996969805
2025-10-19 00:00:00,12.022431727933279
2025-10-19 01:00:00,11.601868266679707
2025-10-19 02:00:00,11.429742304
2025-10-19 03:00:00,11.448645189860226
2025-10-19 04:00:00,11.486550959065099
2025-10-19 05:00:00,11.390836536052921
2025-10-19 06:00:00,73.95426441964528
2025-10-19 07:00:00,78.9625394193086
2025-10-19 08:00:00,66.54955671345569
2025-10-19 09:00:00,141.59585284083295
2025-10-19 10:00:00,151.91841052614788
2025-10-19 11:00:00,85.32943937217225
2025-10-19 12:00:00,75.32267398740147
2025-10-19 13:00:00,69.38167687604417
2025-10-19 14:00:00,53.793723040457145
2025-10-19 15:00:00,52.30369804146721
2025-10-19 16:00:00,57.82443169157096
2025-10-19 17:00:00,46.93578746818295
2025-10-19 18:00:00,80.84054901938686
2025-10-19 19:00:00,86.45747595266802
2025-10-19 20:00:00,81.80357787887873
2025-10-19 21:00:00,17.388672111020618
2025-10-19 22:00:00,13.328884611862337
2025-10-19 23:00:00,12.061774996969806
2025-10-20 00:00:00,11.743531727933279
2025-10-20 01:00:00,11.321968266679708
2025-10-20 02:00:00,11.149342304
2025-10-20 03:00:00,11.168145189860226
2025-10-20 04:00:00,11.206050959065099
2025-10-20 05:00:00,11.110436536052921
2025-10-20 06:00:00,12.619464419645293
2025-10-20 07:00:00,13.802339419308604
2025-10-20 08:00:00,53.79755671345569
2025-10-20 09:00:00,86.55985284083296
2025-10-20 10:00:00,101.97941052614787
2025-10-20 11:00:00,110.85843937217224
2025-10-20 12:00:00,114.44522398740148
2025-10-20 13:00:00,112.88562687604417
2025-10-20 14:00:00,127.20072304045715
2025-10-20 15:00:00,70.7056980414672
2025-10-20 16:00:00,57.82443169157096
2025-10-20 17:00:00,46.93578746818295
2025-10-20 18:00:00,28.13854901938685
2025-10-20 19:00:00,13.085475952668018
2025-10-20 20:00:00,8.462577878878731
2025-10-20 21:00:00,6.4376721110206185
2025-10-20 22:00:00,5.195984611862338
2025-10-20 23:00:00,4.470074996969806
2025-10-21 00:00:00,4.183531727933279
2025-10-21 01:00:00,3.7632682666797073
2025-10-21 02:00:00,3.591342304
2025-10-21 03:00:00,3.610445189860227
2025-10-21 04:00:00,3.6486509590650975
2025-10-21 05:00:00,3.553136536052922
2025-10-21 06:00:00,5.062264419645293
2025-10-21 07:00:00,5.558939419308604
2025-10-21 08:00:00,25.540556713455686
2025-10-21 09:00:00,64.58685284083296
2025-10-21 10:00:00,74.90241052614788
2025-10-21 11:00:00,75.09343937217224
2025-10-21 12:00:00,75.32267398740147
2025-10-21 13:00:00,69.38167687604417
2025-10-21 14:00:00,53.793723040457145
2025-10-21 15:00:00,52.30369804146721
2025-10-21 16:00:00,57.82443169157096
2025-10-21 17:00:00,46.93578746818295
2025-10-21 18:00:00,28.13854901938685
2025-10-21 19:00:00,13.085475952668018
2025-10-21 20:00:00,8.462577878878731
2025-10-21 21:00:00,6.4376721110206185
2025-10-21 22:00:00,5.195984611862338
2025-10-21 23:00:00,4.470074996969806
2025-10-22 00:00:00,4.183531727933279
2025-10-22 01:00:00,3.7632682666797073
2025-10-22 02:00:00,3.591342304
2025-10-22 03:00:00,3.610445189860227
2025-10-22 04:00:00,3.6486509590650975
2025-10-22 05:00:00,3.553136536052922
2025-10-22 06:00:00,5.062264419645293
2025-10-22 07:00:00,5.558939419308604
2025-10-22 08:00:00,25.540556713455686
2025-10-22 09:00:00,97.59185284083296
2025-10-22 10:00:00,107.91341052614789
2025-10-22 11:00:00,85.32943937217225
2025-10-22 12:00:00,75.32267398740147
2025-10-22 13:00:00,69.38167687604417
2025-10-22 14:00:00,53.793723040457145
2025-10-22 15:00:00,52.30369804146721
2025-10-22 16:00:00,57.82443169157096
2025-10-22 17:00:00,46.93578746818295
2025-10-22 18:00:00,28.13854901938685
2025-10-22 19:00:00,86.42047595266801
2025-10-22 20:00:00,81.86357787887873
2025-10-22 21:00:00,51.28767211102062
2025-10-22 22:00:00,16.972984611862337
2025-10-22 23:00:00,13.028074996969806
2025-10-23 00:00:00,11.77863172793328
2025-10-23 01:00:00,11.535899997306494
2025-10-23 02:00:00,11.380676920487012
2025-10-23 03:00:00,11.110936536052922
2025-10-23 04:00:00,11.396679805089448
2025-10-23 05:00:00,11.319468266679706
2025-10-23 06:00:00,11.510397112704057
2025-10-23 07:00:00,32.22835480475276
2025-10-23 08:00:00,49.026058650440426
2025-10-23 09:00:00,107.987355764
2025-10-23 10:00:00,110.93619999200001
2025-10-23 11:00:00,60.50899422271461
2025-10-23 12:00:00,33.922199992
2025-10-23 13:00:00,32.471380762134416
2025-10-23 14:00:00,7.622050956371591
2025-10-23 15:00:00,6.017408649767045
2025-10-23 16:00:00,5.616248073115909
2025-10-23 17:00:00,5.253293265669643
2025-10-23 18:00:00,50.8281326890185
2025-10-23 19:00:00,78.02810384299416
2025-10-23 20:00:00,78.05141249680146
2025-10-23 21:00:00,14.708898073789285
2025-10-23 22:00:00,13.638473073452598
2025-10-23 23:00:00,12.717475958055033
2025-10-24 00:00:00,12.529574996969806
2025-10-24 01:00:00,12.242731727933279
2025-10-24 02:00:00,11.803165382077271
2025-10-24 03:00:00,11.821968266679708
2025-10-24 04:00:00,12.108311535716233
2025-10-24 05:00:00,11.821468266679707
2025-10-24 06:00:00,30.221268266679704
2025-10-24 07:00:00,77.4333086511138
2025-10-24 08:00:00,3.7823711512821423
2025-10-24 09:00:00,36.596342304000004
2025-10-24 10:00:00,36.640548074462664
2025-10-24 11:00:00,13.827342304
2025-10-24 12:00:00,3.7823711512821423
2025-10-24 13:00:00,4.049811535716233
2025-10-24 14:00:00,3.7632682666797073
2025-10-24 15:00:00,3.7632682666797073
2025-10-24 16:00:00,4.030708651113799
2025-10-24 17:00:00,3.801474035884579
2025-10-24 18:00:00,56.23703365145049
2025-10-24 19:00:00,77.36850288190894
2025-10-24 20:00:00,72.22866345856006
2025-10-24 21:00:00,4.3554576893551955
2025-10-24 22:00:00,11.505028843330845
2025-10-24 23:00:00,11.275594228
2025-10-25 00:00:00,11.351805766511363
2025-10-25 01:00:00,11.103268266679708
2025-10-25 02:00:00,10.931142304
2025-10-25 03:00:00,10.950045189860226
2025-10-25 04:00:00,10.988050959065099
2025-10-25 05:00:00,27.71013653605292
2025-10-25 06:00:00,77.8132644196453
2025-10-25 07:00:00,78.96213941930861
2025-10-25 08:00:00,69.5425567134557
2025-10-25 09:00:00,163.59585284083295
2025-10-25 10:00:00,173.91941052614789
2025-10-25 11:00:00,107.33043937217224
2025-10-25 12:00:00,97.32467398740147
2025-10-25 13:00:00,91.38467687604417
2025-10-25 14:00:00,53.793723040457145
2025-10-25 15:00:00,52.30369804146721
2025-10-25 16:00:00,57.82443169157096
2025-10-25 17:00:00,46.93578746818295
2025-10-25 18:00:00,80.84054901938686
2025-10-25 19:00:00,86.45647595266801
2025-10-25 20:00:00,76.60857787887873
2025-10-25 21:00:00,6.4376721110206185
2025-10-25 22:00:00,12.578084611862337
2025-10-25 23:00:00,11.851974996969805
2025-10-26 00:00:00,11.56523172793328
2025-10-26 01:00:00,11.144768266679707
2025-10-26 02:00:00,14.583087493860226
2025-10-26 03:00:00,11.029750959065098
2025-10-26 04:00:00,10.934036536052922
2025-10-26 05:00:00,12.442964419645293
2025-10-26 06:00:00,78.9609394193086
2025-10-26 07:00:00,98.94385671345569
2025-10-26 08:00:00,64.58685284083296
2025-10-26 09:00:00,107.90741052614788
2025-10-26 10:00:00,108.10443937217224
2025-10-26 11:00:00,85.55867398740148
2025-10-26 12:00:00,69.38167687604417
2025-10-26 13:00:00,53.793723040457145
2025-10-26 14:00:00,52.30369804146721
2025-10-26 15:00:00,57.82443169157096
2025-10-26 16:00:00,46.93578746818295
2025-10-26 17:00:00,28.13854901938685
2025-10-26 18:00:00,65.78747595266802
2025-10-26 19:00:00,81.83457787887873
2025-10-26 20:00:00,79.77767211102062
2025-10-26 21:00:00,14.445584611862337
2025-10-26 22:00:00,12.233074996969805
2025-10-26 23:00:00,11.79663172793328
2025-10-27 00:00:00,11.329568266679708
2025-10-27 01:00:00,11.149842304
2025-10-27 02:00:00,11.168545189860227
2025-10-27 03:00:00,11.206450959065098
2025-10-27 04:00:00,11.110836536052922
2025-10-27 05:00:00,12.619864419645292
2025-10-27 06:00:00,13.116439419308605
2025-10-27 07:00:00,33.097856713455684
2025-10-27 08:00:00,120.00676284083295
2025-10-27 09:00:00,148.30541052614788
2025-10-27 10:00:00,148.49843937217224
2025-10-27 11:00:00,148.72967398740147
2025-10-27 12:00:00,69.38167687604417
2025-10-27 13:00:00,53.793723040457145
2025-10-27 14:00:00,52.30369804146721
2025-10-27 15:00:00,57.82443169157096
2025-10-27 16:00:00,46.93578746818295
2025-10-27 17:00:00,28.13854901938685
2025-10-27 18:00:00,13.085475952668018
2025-10-27 19:00:00,8.462577878878731
2025-10-27 20:00:00,6.4376721110206185
2025-10-27 21:00:00,5.195984611862338
2025-10-27 22:00:00,4.470074996969806
2025-10-27 23:00:00,4.183531727933279
2025-10-28 00:00:00,3.7632682666797073
2025-10-28 01:00:00,3.591342304
2025-10-28 02:00:00,3.610445189860227
2025-10-28 03:00:00,3.6486509590650975
2025-10-28 04:00:00,3.553136536052922
2025-10-28 05:00:00,5.062264419645293
2025-10-28 06:00:00,5.558939419308604
2025-10-28 07:00:00,25.540556713455686
2025-10-28 08:00:00,64.58685284083296
2025-10-28 09:00:00,74.90241052614788
2025-10-28 10:00:00,75.09343937217224
2025-10-28 11:00:00,75.32267398740147
2025-10-28 12:00:00,69.38167687604417
2025-10-28 13:00:00,53.793723040457145
2025-10-28 14:00:00,52.30369804146721
2025-10-28 15:00:00,57.82443169157096
2025-10-28 16:00:00,46.93578746818295
2025-10-28 17:00:00,28.13854901938685
2025-10-28 18:00:00,13.085475952668018
2025-10-28 19:00:00,8.462577878878731
2025-10-28 20:00:00,6.4376721110206185
2025-10-28 21:00:00,5.195984611862338
2025-10-28 22:00:00,4.470074996969806
2025-10-28 23:00:00,4.183531727933279
2025-10-29 00:00:00,3.7632682666797073
2025-10-29 01:00:00,3.591342304
2025-10-29 02:00:00,3.610445189860227
2025-10-29 03:00:00,3.6486509590650975
2025-10-29 04:00:00,3.553136536052922
2025-10-29 05:00:00,5.062264419645293
2025-10-29 06:00:00,5.558939419308604
2025-10-29 07:00:00,25.540556713455686
2025-10-29 08:00:00,102.23985284083295
2025-10-29 09:00:00,151.91041052614787
2025-10-29 10:00:00,152.10843937217226
2025-10-29 11:00:00,106.08467398740147
2025-10-29 12:00:00,69.38167687604417
2025-10-29 13:00:00,53.793723040457145
2025-10-29 14:00:00,52.30369804146721
2025-10-29 15:00:00,57.82443169157096
2025-10-29 16:00:00,46.93578746818295
2025-10-29 17:00:00,28.13854901938685
2025-10-29 18:00:00,13.085475952668018
2025-10-29 19:00:00,81.80057787887873
2025-10-29 20:00:00,79.83867211102061
2025-10-29 21:00:00,45.217984611862335
2025-10-29 22:00:00,14.893074996969805
2025-10-29 23:00:00,11.661931727933279
2025-10-30 00:00:00,11.888999997306493
2025-10-30 01:00:00,11.735876920487012
2025-10-30 02:00:00,11.468136536052922
2025-10-30 03:00:00,11.75447980508945
2025-10-30 04:00:00,11.677768266679708
2025-10-30 05:00:00,11.868497112704057
2025-10-30 06:00:00,12.25035480475276
2025-10-30 07:00:00,31.915358650440425
2025-10-30 08:00:00,42.956355764
2025-10-30 09:00:00,66.925199992
2025-10-30 10:00:00,66.8929942227146
2025-10-30 11:00:00,44.157199992
2025-10-30 12:00:00,32.47038076213442
2025-10-30 13:00:00,29.62505095637159
2025-10-30 14:00:00,6.017408649767045
2025-10-30 15:00:00,5.616248073115909
2025-10-30 16:00:00,5.253293265669643
2025-10-30 17:00:00,4.852132689018506
2025-10-30 18:00:00,50.638103842994155
2025-10-30 19:00:00,78.08841249680147
2025-10-30 20:00:00,77.96089807378928
2025-10-30 21:00:00,14.047073073452598
2025-10-30 22:00:00,13.297875958055032
2025-10-30 23:00:00,12.137674996969807
2025-10-31 00:00:00,11.793431727933278
2025-10-31 01:00:00,11.309865382077273
2025-10-31 02:00:00,11.321368266679707
2025-10-31 03:00:00,11.607411535716233
2025-10-31 04:00:00,11.320868266679707
2025-10-31 05:00:00,28.499268266679707
2025-10-31 06:00:00,29.6977086511138
2025-10-31 07:00:00,77.18577115128215
2025-10-31 08:00:00,29.010342304
2025-10-31 09:00:00,80.63854807446266
2025-10-31 10:00:00,36.602342304000004
2025-10-31 11:00:00,14.018371151282143
2025-10-31 12:00:00,4.049811535716233
2025-10-31 13:00:00,3.7632682666797073
2025-10-31 14:00:00,3.7632682666797073
2025-10-31 15:00:00,4.030708651113799
2025-10-31 16:00:00,3.801474035884579
2025-10-31 17:00:00,3.534033651450487
2025-10-31 18:00:00,56.69550288190893
2025-10-31 19:00:00,77.76866345856007
2025-10-31 20:00:00,68.76845768935519
2025-10-31 21:00:00,4.164428843330844
2025-10-31 22:00:00,10.900594228
2025-10-31 23:00:00,10.976805766511363
2025-11-01 00:00:00,12.008161535042856
2025-11-01 01:00:00,12.027064419645292
2025-11-01 02:00:00,12.046067304247726
2025-11-01 03:00:00,11.893044227428248
2025-11-01 04:00:00,11.52988941998198
2025-11-01 05:00:00,12.19829038106721
2025-11-01 06:00:00,79.72505480340601
2025-11-01 07:00:00,105.36172593987388
2025-11-01 08:00:00,107.36128840637338
2025-11-01 09:00:00,175.6355912828953
2025-11-01 10:00:00,190.70984609168832
2025-11-01 11:00:00,111.99468936207158
2025-11-01 12:00:00,102.36783552244431
2025-11-01 13:00:00,78.33277399682873
2025-11-01 14:00:00,67.67096822897062
2025-11-01 15:00:00,65.63751149396688
2025-11-01 16:00:00,53.67910573284254
2025-11-01 17:00:00,33.37273940045405
2025-11-01 18:00:00,70.96535767992793
2025-11-01 19:00:00,84.6094961462318
2025-11-01 20:00:00,69.51425672557646
2025-11-01 21:00:00,6.724215380057143
2025-11-01 22:00:00,5.73086538
2025-11-01 23:00:00,5.215087496464773
2025-11-02 00:00:00,5.043161535042857
2025-11-02 01:00:00,5.062264419645293
2025-11-02 02:00:00,5.081367304247727
2025-11-02 03:00:00,4.928544227428247
2025-11-02 04:00:00,4.565589419981981
2025-11-02 05:00:00,77.14919038106721
2025-11-02 06:00:00,79.170054803406
2025-11-02 07:00:00,105.36272593987388
2025-11-02 08:00:00,81.37828840637337
2025-11-02 09:00:00,126.32059128289528
2025-11-02 10:00:00,124.70184609168831
2025-11-02 11:00:00,114.02768936207158
2025-11-02 12:00:00,80.36583552244431
2025-11-02 13:00:00,61.41577399682873
2025-11-02 14:00:00,59.390868228970625
2025-11-02 15:00:00,65.63751149396688
2025-11-02 16:00:00,53.67910573284254
2025-11-02 17:00:00,33.37273940045405
2025-11-02 18:00:00,70.96435767992793
2025-11-02 19:00:00,84.60449614623181
2025-11-02 20:00:00,81.02025672557646
2025-11-02 21:00:00,15.918715380057144
2025-11-02 22:00:00,13.44466538
2025-11-02 23:00:00,12.779587496464773
2025-11-03 00:00:00,12.602161535042857
2025-11-03 01:00:00,12.620464419645293
2025-11-03 02:00:00,12.639367304247727
2025-11-03 03:00:00,12.486444227428247
2025-11-03 04:00:00,12.123389419981981
2025-11-03 05:00:00,12.791990381067208
2025-11-03 06:00:00,14.387554803406006
2025-11-03 07:00:00,40.02333593987387
2025-11-03 08:00:00,130.71788840637336
2025-11-03 09:00:00,166.72059128289527
2025-11-03 10:00:00,160.05272609168833
2025-11-03 11:00:00,162.5551993620716
2025-11-03 12:00:00,92.76083552244431
2025-11-03 13:00:00,61.41577399682873
2025-11-03 14:00:00,59.390868228970625
2025-11-03 15:00:00,65.63751149396688
2025-11-03 16:00:00,53.67910573284254
2025-11-03 17:00:00,33.37273940045405
2025-11-03 18:00:00,18.262357679927923
2025-11-03 19:00:00,11.232496146231817
2025-11-03 20:00:00,7.66025672557646
2025-11-03 21:00:00,6.724215380057143
2025-11-03 22:00:00,5.73086538
2025-11-03 23:00:00,5.215087496464773
2025-11-04 00:00:00,5.043161535042857
2025-11-04 01:00:00,5.062264419645293
2025-11-04 02:00:00,5.081367304247727
2025-11-04 03:00:00,4.928544227428247
2025-11-04 04:00:00,4.565589419981981
2025-11-04 05:00:00,5.234190381067209
2025-11-04 06:00:00,6.323054803406006
2025-11-04 07:00:00,31.959125939873868
2025-11-04 08:00:00,81.37828840637337
2025-11-04 09:00:00,93.31759128289528
2025-11-04 10:00:00,91.69384609168831
2025-11-04 11:00:00,89.99368936207158
2025-11-04 12:00:00,80.36583552244431
2025-11-04 13:00:00,61.41577399682873
2025-11-04 14:00:00,59.390868228970625
2025-11-04 15:00:00,65.63751149396688
2025-11-04 16:00:00,53.67910573284254
2025-11-04 17:00:00,33.37273940045405
2025-11-04 18:00:00,18.262357679927923
2025-11-04 19:00:00,11.232496146231817
2025-11-04 20:00:00,7.66025672557646
2025-11-04 21:00:00,6.724215380057143
2025-11-04 22:00:00,5.73086538
2025-11-04 23:00:00,5.215087496464773
2025-11-05 00:00:00,5.043161535042857
2025-11-05 01:00:00,5.062264419645293
2025-11-05 02:00:00,5.081367304247727
2025-11-05 03:00:00,4.928544227428247
2025-11-05 04:00:00,4.565589419981981
2025-11-05 05:00:00,5.234190381067209
2025-11-05 06:00:00,6.323054803406006
2025-11-05 07:00:00,31.959125939873868
2025-11-05 08:00:00,125.38028840637338
2025-11-05 09:00:00,170.32659128289527
2025-11-05 10:00:00,168.70984609168832
2025-11-05 11:00:00,100.22968936207158
2025-11-05 12:00:00,80.36583552244431
2025-11-05 13:00:00,61.41577399682873
2025-11-05 14:00:00,59.390868228970625
2025-11-05 15:00:00,65.63751149396688
2025-11-05 16:00:00,53.67910573284254
2025-11-05 17:00:00,33.37273940045405
2025-11-05 18:00:00,18.262357679927923
2025-11-05 19:00:00,84.58849614623182
2025-11-05 20:00:00,81.06125672557646
2025-11-05 21:00:00,50.34521538005715
2025-11-05 22:00:00,17.16386538
2025-11-05 23:00:00,13.497687496464774
2025-11-06 00:00:00,12.557526919813636
2025-11-06 01:00:00,12.518538458223377
2025-11-06 02:00:00,12.491641342825812
2025-11-06 03:00:00,12.244106727596591
2025-11-06 04:00:00,12.218203842994157
2025-11-06 05:00:00,12.619064419645293
2025-11-06 06:00:00,13.020024996296428
2025-11-06 07:00:00,41.76924518851347
2025-11-06 08:00:00,41.5406105719375
2025-11-06 09:00:00,108.69326537803701
2025-11-06 10:00:00,66.03336441560504
2025-11-06 11:00:00,42.972821146568506
2025-11-06 12:00:00,31.648956724229706
2025-11-06 13:00:00,29.930697110010552
2025-11-06 14:00:00,6.514083649430358
2025-11-06 15:00:00,6.571392303237662
2025-11-06 16:00:00,6.284849034201136
2025-11-06 17:00:00,6.3039519188035715
2025-11-06 18:00:00,52.50918653403279
2025-11-06 19:00:00,79.9001865340328
2025-11-06 20:00:00,79.5604374957914
2025-11-06 21:00:00,14.231304804079382
2025-11-06 22:00:00,13.349487496464771
2025-11-06 23:00:00,12.973704804079382
2025-11-07 00:00:00,12.3813240352112
2025-11-07 01:00:00,12.458438458223377
2025-11-07 02:00:00,12.47074134282581
2025-11-07 03:00:00,12.239106727596592
2025-11-07 04:00:00,12.219203842994155
2025-11-07 05:00:00,12.620064419645292
2025-11-07 06:00:00,31.440527880898863
2025-11-07 07:00:00,78.79001345788669
2025-11-07 08:00:00,22.157145188513475
2025-11-07 09:00:00,73.25253980374269
2025-11-07 10:00:00,59.16386538
2025-11-07 11:00:00,20.49430576516461
2025-11-07 12:00:00,6.036511536
2025-11-07 13:00:00,5.539836534706169
2025-11-07 14:00:00,5.558939419308604
2025-11-07 15:00:00,5.998305765164609
2025-11-07 16:00:00,6.189334611188961
2025-11-07 17:00:00,6.074717303574351
2025-11-07 18:00:00,59.275392303237666
2025-11-07 19:00:00,79.92928941863522
2025-11-07 20:00:00,69.58702595738166
2025-11-07 21:00:00,5.80727691914026
2025-11-07 22:00:00,5.387013457886688
2025-11-07 23:00:00,5.272396150272077
2025-11-08 00:00:00,5.043161535042857
2025-11-08 01:00:00,5.062264419645293
2025-11-08 02:00:00,5.081367304247727
2025-11-08 03:00:00,4.928544227428247
2025-11-08 04:00:00,4.565589419981981
2025-11-08 05:00:00,60.235190381067206
2025-11-08 06:00:00,79.72505480340601
2025-11-08 07:00:00,105.36212593987388
2025-11-08 08:00:00,81.37828840637337
2025-11-08 09:00:00,134.47559128289527
2025-11-08 10:00:00,178.7246660916883
2025-11-08 11:00:00,123.84368936207159
2025-11-08 12:00:00,102.69583552244431
2025-11-08 13:00:00,81.72677399682874
2025-11-08 14:00:00,81.39286822897063
2025-11-08 15:00:00,65.63751149396688
2025-11-08 16:00:00,53.67910573284254
2025-11-08 17:00:00,33.37273940045405
2025-11-08 18:00:00,70.96535767992793
2025-11-08 19:00:00,84.6094961462318
2025-11-08 20:00:00,41.49025672557646
2025-11-08 21:00:00,15.238415380057145
2025-11-08 22:00:00,13.66336538
2025-11-08 23:00:00,12.906087496464773
2025-11-09 00:00:00,12.625461535042856
2025-11-09 01:00:00,12.624264419645293
2025-11-09 02:00:00,12.640667304247728
2025-11-09 03:00:00,12.487044227428248
2025-11-09 04:00:00,12.123989419981982
2025-11-09 05:00:00,31.175190381067207
2025-11-09 06:00:00,79.72505480340601
2025-11-09 07:00:00,105.36212593987388
2025-11-09 08:00:00,104.30028840637337
2025-11-09 09:00:00,170.3275912828953
2025-11-09 10:00:00,145.1428460916883
2025-11-09 11:00:00,101.80768936207159
2025-11-09 12:00:00,80.36583552244431
2025-11-09 13:00:00,61.41577399682873
2025-11-09 14:00:00,59.390868228970625
2025-11-09 15:00:00,65.63751149396688
2025-11-09 16:00:00,53.67910573284254
2025-11-09 17:00:00,33.37273940045405
2025-11-09 18:00:00,70.96635767992792
2025-11-09 19:00:00,84.61049614623181
2025-11-09 20:00:00,81.01025672557645
2025-11-09 21:00:00,15.826615380057142
2025-11-09 22:00:00,13.36206538
2025-11-09 23:00:00,12.783587496464772
2025-11-10 00:00:00,12.604661535042856
2025-11-10 01:00:00,12.621364419645293
2025-11-10 02:00:00,12.639667304247727
2025-11-10 03:00:00,12.486744227428247
2025-11-10 04:00:00,12.12368941998198
2025-11-10 05:00:00,12.792190381067208
2025-11-10 06:00:00,13.881054803406006
2025-11-10 07:00:00,39.51702593987387
2025-11-10 08:00:00,97.92628840637337
2025-11-10 09:00:00,166.7195912828953
2025-11-10 10:00:00,165.09784609168833
2025-11-10 11:00:00,163.3986893620716
2025-11-10 12:00:00,98.76783552244432
2025-11-10 13:00:00,68.83727399682873
2025-11-10 14:00:00,59.390868228970625
2025-11-10 15:00:00,65.63751149396688
2025-11-10 16:00:00,53.67910573284254
2025-11-10 17:00:00,33.37273940045405
2025-11-10 18:00:00,18.262357679927923
2025-11-10 19:00:00,11.232496146231817
2025-11-10 20:00:00,7.66025672557646
2025-11-10 21:00:00,6.724215380057143
2025-11-10 22:00:00,5.73086538
2025-11-10 23:00:00,5.215087496464773
2025-11-11 00:00:00,5.043161535042857
2025-11-11 01:00:00,5.062264419645293
2025-11-11 02:00:00,5.081367304247727
2025-11-11 03:00:00,4.928544227428247
2025-11-11 04:00:00,4.565589419981981
2025-11-11 05:00:00,5.234190381067209
2025-11-11 06:00:00,6.323054803406006
2025-11-11 07:00:00,31.959125939873868
2025-11-11 08:00:00,81.37828840637337
2025-11-11 09:00:00,93.31759128289528
2025-11-11 10:00:00,91.69384609168831
2025-11-11 11:00:00,89.99368936207158
2025-11-11 12:00:00,80.36583552244431
2025-11-11 13:00:00,61.41577399682873
2025-11-11 14:00:00,59.390868228970625
2025-11-11 15:00:00,65.63751149396688
2025-11-11 16:00:00,53.67910573284254
2025-11-11 17:00:00,33.37273940045405
2025-11-11 18:00:00,18.262357679927923
2025-11-11 19:00:00,11.232496146231817
2025-11-11 20:00:00,7.66025672557646
2025-11-11 21:00:00,6.724215380057143
2025-11-11 22:00:00,5.73086538
2025-11-11 23:00:00,5.215087496464773
2025-11-12 00:00:00,5.043161535042857
2025-11-12 01:00:00,5.062264419645293
2025-11-12 02:00:00,5.081367304247727
2025-11-12 03:00:00,4.928544227428247
2025-11-12 04:00:00,4.565589419981981
2025-11-12 05:00:00,5.234190381067209
2025-11-12 06:00:00,6.323054803406006
2025-11-12 07:00:00,31.959125939873868
2025-11-12 08:00:00,110.39028840637337
2025-11-12 09:00:00,169.57359128289528
2025-11-12 10:00:00,124.70484609168832
2025-11-12 11:00:00,100.22968936207158
2025-11-12 12:00:00,80.36583552244431
2025-11-12 13:00:00,61.41577399682873
2025-11-12 14:00:00,59.390868228970625
2025-11-12 15:00:00,65.63751149396688
2025-11-12 16:00:00,53.67910573284254
2025-11-12 17:00:00,33.37273940045405
2025-11-12 18:00:00,18.262357679927923
2025-11-12 19:00:00,84.60149614623182
2025-11-12 20:00:00,81.06125672557646
2025-11-12 21:00:00,50.218215380057146
2025-11-12 22:00:00,17.15286538
2025-11-12 23:00:00,13.487987496464772
2025-11-13 00:00:00,12.548226919813636
2025-11-13 01:00:00,12.509438458223379
2025-11-13 02:00:00,12.482641342825811
2025-11-13 03:00:00,12.245706727596591
2025-11-13 04:00:00,12.220203842994156
2025-11-13 05:00:00,12.620364419645291
2025-11-13 06:00:00,13.020724996296428
2025-11-13 07:00:00,65.56714518851348
2025-11-13 08:00:00,7.3546105719375
2025-11-13 09:00:00,76.209265378037
2025-11-13 10:00:00,107.75936441560503
2025-11-13 11:00:00,54.81882114656851
2025-11-13 12:00:00,31.647956724229708
2025-11-13 13:00:00,29.92969711001055
2025-11-13 14:00:00,17.784083649430357
2025-11-13 15:00:00,14.851492303237661
2025-11-13 16:00:00,6.284849034201136
2025-11-13 17:00:00,6.3039519188035715
2025-11-13 18:00:00,52.50918653403279
2025-11-13 19:00:00,79.90118653403279
2025-11-13 20:00:00,69.74543749579139
2025-11-13 21:00:00,5.329704804079383
2025-11-13 22:00:00,5.215087496464773
2025-11-13 23:00:00,5.329704804079383
2025-11-14 00:00:00,4.794824035211201
2025-11-14 01:00:00,4.890338458223377
2025-11-14 02:00:00,4.9094413428258115
2025-11-14 03:00:00,4.680206727596591
2025-11-14 04:00:00,4.661103842994156
2025-11-14 05:00:00,5.062264419645293
2025-11-14 06:00:00,78.88352788089887
2025-11-14 07:00:00,78.79001345788669
2025-11-14 08:00:00,5.597145188513474
2025-11-14 09:00:00,12.722679803742695
2025-11-14 10:00:00,5.73086538
2025-11-14 11:00:00,12.894005765164609
2025-11-14 12:00:00,61.585991536
2025-11-14 13:00:00,53.72404653470617
2025-11-14 14:00:00,14.007539419308605
2025-11-14 15:00:00,5.998305765164609
2025-11-14 16:00:00,6.189334611188961
2025-11-14 17:00:00,6.074717303574351
2025-11-14 18:00:00,13.652092303237662
2025-11-14 19:00:00,14.694389418635225
2025-11-14 20:00:00,13.914725957381656
2025-11-14 21:00:00,13.474276919140259
2025-11-14 22:00:00,12.947013457886687
2025-11-14 23:00:00,13.335896150272077
2025-11-15 00:00:00,13.106461535042857
2025-11-15 01:00:00,13.125364419645294
2025-11-15 02:00:00,13.144267304247727
2025-11-15 03:00:00,76.13354422742825
2025-11-15 04:00:00,76.52358941998197
2025-11-15 05:00:00,78.6351903810672
2025-11-15 06:00:00,79.72505480340601
2025-11-15 07:00:00,105.36212593987388
2025-11-15 08:00:00,81.37828840637337
2025-11-15 09:00:00,192.30659128289528
2025-11-15 10:00:00,137.7078460916883
2025-11-15 11:00:00,138.00568936207156
2025-11-15 12:00:00,102.36683552244432
2025-11-15 13:00:00,108.66277399682873
2025-11-15 14:00:00,68.84536822897063
2025-11-15 15:00:00,65.63751149396688
2025-11-15 16:00:00,53.67910573284254
2025-11-15 17:00:00,33.37273940045405
2025-11-15 18:00:00,70.96535767992793
2025-11-15 19:00:00,84.60649614623182
2025-11-15 20:00:00,66.37725672557646
2025-11-15 21:00:00,6.724215380057143
2025-11-15 22:00:00,5.73086538
2025-11-15 23:00:00,5.215087496464773
2025-11-16 00:00:00,5.043161535042857
2025-11-16 01:00:00,5.062264419645293
2025-11-16 02:00:00,5.081367304247727
2025-11-16 03:00:00,4.928544227428247
2025-11-16 04:00:00,4.565589419981981
2025-11-16 05:00:00,76.15219038106721
2025-11-16 06:00:00,79.185054803406
2025-11-16 07:00:00,105.36212593987388
2025-11-16 08:00:00,81.37828840637337
2025-11-16 09:00:00,100.21389128289528
2025-11-16 10:00:00,168.70384609168832
2025-11-16 11:00:00,123.00568936207158
2025-11-16 12:00:00,80.36583552244431
2025-11-16 13:00:00,61.41577399682873
2025-11-16 14:00:00,59.390868228970625
2025-11-16 15:00:00,65.63751149396688
2025-11-16 16:00:00,53.67910573284254
2025-11-16 17:00:00,33.37273940045405
2025-11-16 18:00:00,70.96435767992793
2025-11-16 19:00:00,84.60249614623183
2025-11-16 20:00:00,81.01825672557646
2025-11-16 21:00:00,15.735915380057143
2025-11-16 22:00:00,13.281065380000001
2025-11-16 23:00:00,13.227487496464772
2025-11-17 00:00:00,13.055261535042856
2025-11-17 01:00:00,13.074164419645292
2025-11-17 02:00:00,13.092967304247725
2025-11-17 03:00:00,12.939944227428247
2025-11-17 04:00:00,12.576689419981982
2025-11-17 05:00:00,13.245090381067207
2025-11-17 06:00:00,14.333654803406006
2025-11-17 07:00:00,39.96952593987387
2025-11-17 08:00:00,89.38838840637337
2025-11-17 09:00:00,113.24609128289528
2025-11-17 10:00:00,134.7723160916883
2025-11-17 11:00:00,135.19341936207158
2025-11-17 12:00:00,110.06706552244431
2025-11-17 13:00:00,79.95027399682874
2025-11-17 14:00:00,92.57228822897062
2025-11-17 15:00:00,107.93960149396688
2025-11-17 16:00:00,60.57560573284253
2025-11-17 17:00:00,33.37273940045405
2025-11-17 18:00:00,18.262357679927923
2025-11-17 19:00:00,11.232496146231817
2025-11-17 20:00:00,7.66025672557646
2025-11-17 21:00:00,6.724215380057143
2025-11-17 22:00:00,5.73086538
2025-11-17 23:00:00,5.215087496464773
2025-11-18 00:00:00,5.043161535042857
2025-11-18 01:00:00,5.062264419645293
2025-11-18 02:00:00,5.081367304247727
2025-11-18 03:00:00,4.928544227428247
2025-11-18 04:00:00,4.565589419981981
2025-11-18 05:00:00,5.234190381067209
2025-11-18 06:00:00,6.323054803406006
2025-11-18 07:00:00,31.959125939873868
2025-11-18 08:00:00,124.47528840637338
2025-11-18 09:00:00,103.74659128289528
2025-11-18 10:00:00,91.69384609168831
2025-11-18 11:00:00,89.99368936207158
2025-11-18 12:00:00,80.36583552244431
2025-11-18 13:00:00,61.41577399682873
2025-11-18 14:00:00,59.390868228970625
2025-11-18 15:00:00,65.63751149396688
2025-11-18 16:00:00,53.67910573284254
2025-11-18 17:00:00,33.37273940045405
2025-11-18 18:00:00,18.262357679927923
2025-11-18 19:00:00,11.232496146231817
2025-11-18 20:00:00,7.66025672557646
2025-11-18 21:00:00,6.724215380057143
2025-11-18 22:00:00,5.73086538
2025-11-18 23:00:00,5.215087496464773
2025-11-19 00:00:00,5.043161535042857
2025-11-19 01:00:00,5.062264419645293
2025-11-19 02:00:00,5.081367304247727
2025-11-19 03:00:00,4.928544227428247
2025-11-19 04:00:00,4.565589419981981
2025-11-19 05:00:00,5.234190381067209
2025-11-19 06:00:00,6.323054803406006
2025-11-19 07:00:00,31.959125939873868
2025-11-19 08:00:00,97.93828840637337
2025-11-19 09:00:00,144.54059128289526
2025-11-19 10:00:00,117.03644609168832
2025-11-19 11:00:00,96.89368936207158
2025-11-19 12:00:00,87.26593552244431
2025-11-19 13:00:00,68.31587399682873
2025-11-19 14:00:00,66.29096822897063
2025-11-19 15:00:00,65.63751149396688
2025-11-19 16:00:00,53.67910573284254
2025-11-19 17:00:00,33.37273940045405
2025-11-19 18:00:00,18.262357679927923
2025-11-19 19:00:00,84.58049614623181
2025-11-19 20:00:00,81.06225672557646
2025-11-19 21:00:00,73.87321538005715
2025-11-19 22:00:00,5.73086538
2025-11-19 23:00:00,5.215087496464773
2025-11-20 00:00:00,4.813926919813636
2025-11-20 01:00:00,4.890338458223377
2025-11-20 02:00:00,4.9094413428258115
2025-11-20 03:00:00,4.680206727596591
2025-11-20 04:00:00,4.661103842994156
2025-11-20 05:00:00,5.062264419645293
2025-11-20 06:00:00,5.463424996296428
2025-11-20 07:00:00,60.01014518851347
2025-11-20 08:00:00,44.7366105719375
2025-11-20 09:00:00,108.712265378037
2025-11-20 10:00:00,110.03836441560503
2025-11-20 11:00:00,65.9758211465685
2025-11-20 12:00:00,31.648956724229706
2025-11-20 13:00:00,29.930697110010552
2025-11-20 14:00:00,6.514083649430358
2025-11-20 15:00:00,6.571392303237662
2025-11-20 16:00:00,6.284849034201136
2025-11-20 17:00:00,6.3039519188035715
2025-11-20 18:00:00,52.50918653403279
2025-11-20 19:00:00,79.9001865340328
2025-11-20 20:00:00,79.5624374957914
2025-11-20 21:00:00,12.744604804079383
2025-11-20 22:00:00,13.238887496464773
2025-11-20 23:00:00,13.353204804079382
2025-11-21 00:00:00,12.818124035211202
2025-11-21 01:00:00,12.913338458223377
2025-11-21 02:00:00,12.932241342825812
2025-11-21 03:00:00,12.702706727596592
2025-11-21 04:00:00,12.683403842994156
2025-11-21 05:00:00,13.084264419645294
2025-11-21 06:00:00,31.904527880898865
2025-11-21 07:00:00,78.79001345788669
2025-11-21 08:00:00,24.652145188513472
2025-11-21 09:00:00,82.8363798037427
2025-11-21 10:00:00,38.74186538
2025-11-21 11:00:00,16.23430576516461
2025-11-21 12:00:00,6.036511536
2025-11-21 13:00:00,5.539836534706169
2025-11-21 14:00:00,5.558939419308604
2025-11-21 15:00:00,5.998305765164609
2025-11-21 16:00:00,6.189334611188961
2025-11-21 17:00:00,6.074717303574351
2025-11-21 18:00:00,59.275392303237666
2025-11-21 19:00:00,79.92928941863522
2025-11-21 20:00:00,64.82002595738166
2025-11-21 21:00:00,5.80727691914026
2025-11-21 22:00:00,5.387013457886688
2025-11-21 23:00:00,5.272396150272077
2025-11-22 00:00:00,5.043161535042857
2025-11-22 01:00:00,5.062264419645293
2025-11-22 02:00:00,5.081367304247727
2025-11-22 03:00:00,4.928544227428247
2025-11-22 04:00:00,4.565589419981981
2025-11-22 05:00:00,60.235190381067206
2025-11-22 06:00:00,79.72505480340601
2025-11-22 07:00:00,105.36212593987388
2025-11-22 08:00:00,81.37828840637337
2025-11-22 09:00:00,192.3275912828953
2025-11-22 10:00:00,146.70484609168832
2025-11-22 11:00:00,122.23068936207159
2025-11-22 12:00:00,102.36783552244431
2025-11-22 13:00:00,83.41877399682873
2025-11-22 14:00:00,59.390868228970625
2025-11-22 15:00:00,65.63751149396688
2025-11-22 16:00:00,53.67910573284254
2025-11-22 17:00:00,33.37273940045405
2025-11-22 18:00:00,70.96635767992792
2025-11-22 19:00:00,84.61149614623181
2025-11-22 20:00:00,65.90225672557645
2025-11-22 21:00:00,6.724215380057143
2025-11-22 22:00:00,5.73086538
2025-11-22 23:00:00,5.215087496464773
2025-11-23 00:00:00,5.043161535042857
2025-11-23 01:00:00,5.062264419645293
2025-11-23 02:00:00,5.081367304247727
2025-11-23 03:00:00,4.928544227428247
2025-11-23 04:00:00,4.565589419981981
2025-11-23 05:00:00,78.6351903810672
2025-11-23 06:00:00,79.72505480340601
2025-11-23 07:00:00,105.36212593987388
2025-11-23 08:00:00,81.37828840637337
2025-11-23 09:00:00,122.64185128289529
2025-11-23 10:00:00,157.80690609168832
2025-11-23 11:00:00,167.01068936207156
2025-11-23 12:00:00,80.36583552244431
2025-11-23 13:00:00,61.41577399682873
2025-11-23 14:00:00,59.390868228970625
2025-11-23 15:00:00,65.63751149396688
2025-11-23 16:00:00,53.67910573284254
2025-11-23 17:00:00,33.37273940045405
2025-11-23 18:00:00,70.96535767992793
2025-11-23 19:00:00,84.60649614623182
2025-11-23 20:00:00,72.17925672557647
2025-11-23 21:00:00,6.724215380057143
2025-11-23 22:00:00,13.025865379999999
2025-11-23 23:00:00,12.509887496464774
2025-11-24 00:00:00,12.337761535042857
2025-11-24 01:00:00,12.356664419645293
2025-11-24 02:00:00,12.375567304247728
2025-11-24 03:00:00,12.222544227428248
2025-11-24 04:00:00,11.85938941998198
2025-11-24 05:00:00,12.52779038106721
2025-11-24 06:00:00,13.616454803406006
2025-11-24 07:00:00,39.25232593987387
2025-11-24 08:00:00,97.08478840637338
2025-11-24 09:00:00,154.39774128289528
2025-11-24 10:00:00,163.1648760916883
2025-11-24 11:00:00,162.2643693620716
2025-11-24 12:00:00,153.77283552244432
2025-11-24 13:00:00,70.18987399682874
2025-11-24 14:00:00,59.390868228970625
2025-11-24 15:00:00,65.63751149396688
2025-11-24 16:00:00,53.67910573284254
2025-11-24 17:00:00,33.37273940045405
2025-11-24 18:00:00,18.262357679927923
2025-11-24 19:00:00,11.232496146231817
2025-11-24 20:00:00,7.66025672557646
2025-11-24 21:00:00,6.724215380057143
2025-11-24 22:00:00,5.73086538
2025-11-24 23:00:00,5.215087496464773
2025-11-25 00:00:00,5.043161535042857
2025-11-25 01:00:00,5.062264419645293
2025-11-25 02:00:00,5.081367304247727
2025-11-25 03:00:00,4.928544227428247
2025-11-25 04:00:00,4.565589419981981
2025-11-25 05:00:00,5.234190381067209
2025-11-25 06:00:00,6.323054803406006
2025-11-25 07:00:00,31.959125939873868
2025-11-25 08:00:00,81.37828840637337
2025-11-25 09:00:00,93.31759128289528
2025-11-25 10:00:00,91.69384609168831
2025-11-25 11:00:00,89.99368936207158
2025-11-25 12:00:00,80.36583552244431
2025-11-25 13:00:00,61.41577399682873
2025-11-25 14:00:00,59.390868228970625
2025-11-25 15:00:00,65.63751149396688
2025-11-25 16:00:00,53.67910573284254
2025-11-25 17:00:00,33.37273940045405
2025-11-25 18:00:00,18.262357679927923
2025-11-25 19:00:00,11.232496146231817
2025-11-25 20:00:00,7.66025672557646
2025-11-25 21:00:00,6.724215380057143
2025-11-25 22:00:00,5.73086538
2025-11-25 23:00:00,5.215087496464773
2025-11-26 00:00:00,5.043161535042857
2025-11-26 01:00:00,5.062264419645293
2025-11-26 02:00:00,5.081367304247727
2025-11-26 03:00:00,4.928544227428247
2025-11-26 04:00:00,4.565589419981981
2025-11-26 05:00:00,5.234190381067209
2025-11-26 06:00:00,6.323054803406006
2025-11-26 07:00:00,31.959125939873868
2025-11-26 08:00:00,81.37828840637337
2025-11-26 09:00:00,160.51429128289527
2025-11-26 10:00:00,168.70984609168832
2025-11-26 11:00:00,103.07768936207158
2025-11-26 12:00:00,80.36583552244431
2025-11-26 13:00:00,61.41577399682873
2025-11-26 14:00:00,59.390868228970625
2025-11-26 15:00:00,65.63751149396688
2025-11-26 16:00:00,53.67910573284254
2025-11-26 17:00:00,33.37273940045405
2025-11-26 18:00:00,18.262357679927923
2025-11-26 19:00:00,84.58949614623182
2025-11-26 20:00:00,81.06125672557646
2025-11-26 21:00:00,45.907215380057146
2025-11-26 22:00:00,15.931865380000001
2025-11-26 23:00:00,13.585787496464771
2025-11-27 00:00:00,12.666826919813637
2025-11-27 01:00:00,12.507938458223379
2025-11-27 02:00:00,12.477441342825811
2025-11-27 03:00:00,12.24050672759659
2025-11-27 04:00:00,12.219103842994155
2025-11-27 05:00:00,12.619864419645292
2025-11-27 06:00:00,13.020724996296428
2025-11-27 07:00:00,46.09414518851347
2025-11-27 08:00:00,7.3546105719375
2025-11-27 09:00:00,72.12726537803701
2025-11-27 10:00:00,110.03636441560502
2025-11-27 11:00:00,54.22082114656851
2025-11-27 12:00:00,31.647956724229708
2025-11-27 13:00:00,20.431697110010553
2025-11-27 14:00:00,6.514083649430358
2025-11-27 15:00:00,6.571392303237662
2025-11-27 16:00:00,6.284849034201136
2025-11-27 17:00:00,6.3039519188035715
2025-11-27 18:00:00,52.50918653403279
2025-11-27 19:00:00,79.9001865340328
2025-11-27 20:00:00,69.7354374957914
2025-11-27 21:00:00,5.329704804079383
2025-11-27 22:00:00,5.215087496464773
2025-11-27 23:00:00,5.329704804079383
2025-11-28 00:00:00,4.794824035211201
2025-11-28 01:00:00,4.890338458223377
2025-11-28 02:00:00,4.9094413428258115
2025-11-28 03:00:00,4.680206727596591
2025-11-28 04:00:00,4.661103842994156
2025-11-28 05:00:00,5.062264419645293
2025-11-28 06:00:00,78.88352788089887
2025-11-28 07:00:00,78.79001345788669
2025-11-28 08:00:00,5.597145188513474
2025-11-28 09:00:00,47.4404198037427
2025-11-28 10:00:00,73.73613538
2025-11-28 11:00:00,17.79030576516461
2025-11-28 12:00:00,25.100511536
2025-11-28 13:00:00,5.539836534706169
2025-11-28 14:00:00,5.558939419308604
2025-11-28 15:00:00,5.998305765164609
2025-11-28 16:00:00,6.189334611188961
2025-11-28 17:00:00,6.074717303574351
2025-11-28 18:00:00,59.27639230323766
2025-11-28 19:00:00,79.93528941863522
2025-11-28 20:00:00,15.884225957381656
2025-11-28 21:00:00,14.125076919140259
2025-11-28 22:00:00,13.179413457886689
2025-11-28 23:00:00,12.826796150272077
2025-11-29 00:00:00,13.097061535042858
2025-11-29 01:00:00,13.115964419645291
2025-11-29 02:00:00,13.134867304247727
2025-11-29 03:00:00,12.981844227428248
2025-11-29 04:00:00,12.618689419981981
2025-11-29 05:00:00,78.6201903810672
2025-11-29 06:00:00,79.72505480340601
2025-11-29 07:00:00,105.36212593987388
2025-11-29 08:00:00,81.37828840637337
2025-11-29 09:00:00,100.21389128289528
2025-11-29 10:00:00,98.58954609168832
2025-11-29 11:00:00,96.88868936207157
2025-11-29 12:00:00,87.26013552244432
2025-11-29 13:00:00,89.13677399682874
2025-11-29 14:00:00,80.72456822897063
2025-11-29 15:00:00,87.63851149396689
2025-11-29 16:00:00,75.68010573284253
2025-11-29 17:00:00,33.37273940045405
2025-11-29 18:00:00,18.262357679927923
2025-11-29 19:00:00,18.79439614623182
2025-11-29 20:00:00,15.22095672557646
2025-11-29 21:00:00,14.284215380057143
2025-11-29 22:00:00,13.29066538
2025-11-29 23:00:00,12.774587496464772
2025-11-30 00:00:00,13.109161535042858
2025-11-30 01:00:00,13.128064419645291
2025-11-30 02:00:00,13.146967304247728
2025-11-30 03:00:00,31.392544227428246
2025-11-30 04:00:00,77.93358941998197
2025-11-30 05:00:00,78.5691903810672
2025-11-30 06:00:00,79.72505480340601
2025-11-30 07:00:00,105.36212593987388
2025-11-30 08:00:00,81.37828840637337
2025-11-30 09:00:00,122.09396128289528
2025-11-30 10:00:00,119.97363609168832
2025-11-30 11:00:00,122.94668936207158
2025-11-30 12:00:00,118.28045552244431
2025-11-30 13:00:00,97.52850399682873
2025-11-30 14:00:00,86.76866822897063
2025-11-30 15:00:00,72.53751149396689
2025-11-30 16:00:00,53.67910573284254
2025-11-30 17:00:00,33.37273940045405
2025-11-30 18:00:00,18.262357679927923
2025-11-30 19:00:00,18.858996146231817
2025-11-30 20:00:00,15.237456725576461
2025-11-30 21:00:00,14.293615380057144
2025-11-30 22:00:00,13.29366538
2025-11-30 23:00:00,12.775387496464774
2025-12-01 00:00:00,12.602761535042855
2025-12-01 01:00:00,13.128264419645294
2025-12-01 02:00:00,13.147167304247727
2025-12-01 03:00:00,12.994144227428247
2025-12-01 04:00:00,12.630989419981981
2025-12-01 05:00:00,13.299390381067209
2025-12-01 06:00:00,14.388054803406005
2025-12-01 07:00:00,40.02392593987387
2025-12-01 08:00:00,89.44288840637337
2025-12-01 09:00:00,119.14159128289528
2025-12-01 10:00:00,113.40038609168832
2025-12-01 11:00:00,116.77168936207158
2025-12-01 12:00:00,115.98083552244432
2025-12-01 13:00:00,117.88777399682874
2025-12-01 14:00:00,128.70786822897063
2025-12-01 15:00:00,105.34451149396688
2025-12-01 16:00:00,61.30010573284254
2025-12-01 17:00:00,40.96203940045405
2025-12-01 18:00:00,25.833657679927924
2025-12-01 19:00:00,18.796896146231816
2025-12-01 20:00:00,15.21805672557646
2025-12-01 21:00:00,14.281515380057144
2025-12-01 22:00:00,13.28786538
2025-12-01 23:00:00,12.771887496464773
2025-12-02 00:00:00,12.599861535042857
2025-12-02 01:00:00,5.062264419645293
2025-12-02 02:00:00,5.081367304247727
2025-12-02 03:00:00,4.928544227428247
2025-12-02 04:00:00,4.565589419981981
2025-12-02 05:00:00,5.234190381067209
2025-12-02 06:00:00,6.323054803406006
2025-12-02 07:00:00,31.959125939873868
2025-12-02 08:00:00,81.37828840637337
2025-12-02 09:00:00,107.55139128289528
2025-12-02 10:00:00,98.59124609168832
2025-12-02 11:00:00,89.99368936207158
2025-12-02 12:00:00,95.70593552244432
2025-12-02 13:00:00,82.48081399682873
2025-12-02 14:00:00,66.28786822897062
2025-12-02 15:00:00,65.63751149396688
2025-12-02 16:00:00,53.67910573284254
2025-12-02 17:00:00,33.37273940045405
2025-12-02 18:00:00,18.262357679927923
2025-12-02 19:00:00,11.232496146231817
2025-12-02 20:00:00,7.66025672557646
2025-12-02 21:00:00,6.724215380057143
2025-12-02 22:00:00,5.73086538
2025-12-02 23:00:00,5.215087496464773
2025-12-03 00:00:00,5.043161535042857
2025-12-03 01:00:00,5.062264419645293
2025-12-03 02:00:00,5.081367304247727
2025-12-03 03:00:00,4.928544227428247
2025-12-03 04:00:00,4.565589419981981
2025-12-03 05:00:00,5.234190381067209
2025-12-03 06:00:00,6.323054803406006
2025-12-03 07:00:00,50.36012593987387
2025-12-03 08:00:00,81.37828840637337
2025-12-03 09:00:00,126.26359128289528
2025-12-03 10:00:00,126.67584609168831
2025-12-03 11:00:00,139.00446936207157
2025-12-03 12:00:00,157.37883552244432
2025-12-03 13:00:00,85.43277399682873
2025-12-03 14:00:00,59.390868228970625
2025-12-03 15:00:00,65.63751149396688
2025-12-03 16:00:00,53.67910573284254
2025-12-03 17:00:00,33.37273940045405
2025-12-03 18:00:00,31.473357679927922
2025-12-03 19:00:00,84.59549614623182
2025-12-03 20:00:00,81.00625672557646
2025-12-03 21:00:00,21.847215380057143
2025-12-03 22:00:00,13.18336538
2025-12-03 23:00:00,13.050387496464772
2025-12-04 00:00:00,12.649026919813636
2025-12-04 01:00:00,12.725138458223377
2025-12-04 02:00:00,12.744041342825811
2025-12-04 03:00:00,12.51460672759659
2025-12-04 04:00:00,12.495203842994156
2025-12-04 05:00:00,12.896164419645292
2025-12-04 06:00:00,31.69742499629643
2025-12-04 07:00:00,79.00014518851349
2025-12-04 08:00:00,7.3546105719375
2025-12-04 09:00:00,72.00960537803701
2025-12-04 10:00:00,110.02636441560503
2025-12-04 11:00:00,36.24782114656851
2025-12-04 12:00:00,25.236956724229707
2025-12-04 13:00:00,16.203997110010555
2025-12-04 14:00:00,19.754083649430356
2025-12-04 15:00:00,19.382292303237662
2025-12-04 16:00:00,15.006749034201135
2025-12-04 17:00:00,6.3039519188035715
2025-12-04 18:00:00,21.203186534032792
2025-12-04 19:00:00,14.066786534032792
2025-12-04 20:00:00,14.180737495791396
2025-12-04 21:00:00,13.301804804079383
2025-12-04 22:00:00,13.187087496464773
2025-12-04 23:00:00,13.301504804079382
2025-12-05 00:00:00,12.766424035211202
2025-12-05 01:00:00,12.861738458223378
2025-12-05 02:00:00,12.880641342825811
2025-12-05 03:00:00,31.04920672759659
2025-12-05 04:00:00,78.02410384299415
2025-12-05 05:00:00,78.40826441964529
2025-12-05 06:00:00,78.88452788089887
2025-12-05 07:00:00,78.79001345788669
2025-12-05 08:00:00,5.597145188513474
2025-12-05 09:00:00,12.722879803742694
2025-12-05 10:00:00,55.77195538
2025-12-05 11:00:00,83.0133057651646
2025-12-05 12:00:00,19.666511536
2025-12-05 13:00:00,5.539836534706169
2025-12-05 14:00:00,5.558939419308604
2025-12-05 15:00:00,5.998305765164609
2025-12-05 16:00:00,6.189334611188961
2025-12-05 17:00:00,6.074717303574351
2025-12-05 18:00:00,54.34439230323767
2025-12-05 19:00:00,49.09428941863523
2025-12-05 20:00:00,16.244025957381655
2025-12-05 21:00:00,14.053376919140259
2025-12-05 22:00:00,13.109713457886688
2025-12-05 23:00:00,12.877896150272077
2025-12-06 00:00:00,12.602261535042857
2025-12-06 01:00:00,13.126364419645292
2025-12-06 02:00:00,13.145267304247728
2025-12-06 03:00:00,12.992244227428248
2025-12-06 04:00:00,30.82558941998198
2025-12-06 05:00:00,78.5811903810672
2025-12-06 06:00:00,79.72505480340601
2025-12-06 07:00:00,105.36212593987388
2025-12-06 08:00:00,81.37828840637337
2025-12-06 09:00:00,100.21429128289527
2025-12-06 10:00:00,160.8750260916883
2025-12-06 11:00:00,142.20368936207157
2025-12-06 12:00:00,117.29884552244431
2025-12-06 13:00:00,81.02877399682873
2025-12-06 14:00:00,77.41286822897062
2025-12-06 15:00:00,87.63841149396688
2025-12-06 16:00:00,75.68010573284253
2025-12-06 17:00:00,33.37273940045405
2025-12-06 18:00:00,18.262357679927923
2025-12-06 19:00:00,18.826796146231818
2025-12-06 20:00:00,15.23475672557646
2025-12-06 21:00:00,14.291515380057144
2025-12-06 22:00:00,13.29146538
2025-12-06 23:00:00,12.774787496464773
2025-12-07 00:00:00,12.602861535042857
2025-12-07 01:00:00,12.621864419645291
2025-12-07 02:00:00,12.640967304247727
2025-12-07 03:00:00,74.07754422742825
2025-12-07 04:00:00,74.71158941998198
2025-12-07 05:00:00,76.97219038106721
2025-12-07 06:00:00,79.72505480340601
2025-12-07 07:00:00,105.36212593987388
2025-12-07 08:00:00,81.37828840637337
2025-12-07 09:00:00,166.97805128289528
2025-12-07 10:00:00,124.70384609168832
2025-12-07 11:00:00,89.99368936207158
2025-12-07 12:00:00,80.36583552244431
2025-12-07 13:00:00,61.41577399682873
2025-12-07 14:00:00,59.390868228970625
2025-12-07 15:00:00,65.63751149396688
2025-12-07 16:00:00,53.67910573284254
2025-12-07 17:00:00,33.37273940045405
2025-12-07 18:00:00,70.96435767992793
2025-12-07 19:00:00,84.6034961462318
2025-12-07 20:00:00,80.99925672557646
2025-12-07 21:00:00,15.707715380057142
2025-12-07 22:00:00,13.25586538
2025-12-07 23:00:00,13.202287496464773
2025-12-08 00:00:00,13.030161535042858
2025-12-08 01:00:00,13.049064419645292
2025-12-08 02:00:00,13.067867304247727
2025-12-08 03:00:00,12.914844227428247
2025-12-08 04:00:00,12.55158941998198
2025-12-08 05:00:00,13.219990381067209
2025-12-08 06:00:00,14.308554803406006
2025-12-08 07:00:00,39.94442593987387
2025-12-08 08:00:00,88.27688840637337
2025-12-08 09:00:00,147.8675112828953
2025-12-08 10:00:00,165.09784609168833
2025-12-08 11:00:00,163.3986893620716
2025-12-08 12:00:00,98.76783552244432
2025-12-08 13:00:00,74.14177399682873
2025-12-08 14:00:00,59.390868228970625
2025-12-08 15:00:00,65.63751149396688
2025-12-08 16:00:00,53.67910573284254
2025-12-08 17:00:00,33.37273940045405
2025-12-08 18:00:00,18.262357679927923
2025-12-08 19:00:00,11.232496146231817
2025-12-08 20:00:00,7.66025672557646
2025-12-08 21:00:00,6.724215380057143
2025-12-08 22:00:00,5.73086538
2025-12-08 23:00:00,5.215087496464773
2025-12-09 00:00:00,5.043161535042857
2025-12-09 01:00:00,5.062264419645293
2025-12-09 02:00:00,5.081367304247727
2025-12-09 03:00:00,4.928544227428247
2025-12-09 04:00:00,4.565589419981981
2025-12-09 05:00:00,5.234190381067209
2025-12-09 06:00:00,6.323054803406006
2025-12-09 07:00:00,31.959125939873868
2025-12-09 08:00:00,81.37828840637337
2025-12-09 09:00:00,93.31759128289528
2025-12-09 10:00:00,91.69384609168831
2025-12-09 11:00:00,89.99368936207158
2025-12-09 12:00:00,80.36583552244431
2025-12-09 13:00:00,61.41577399682873
2025-12-09 14:00:00,59.390868228970625
2025-12-09 15:00:00,65.63751149396688
2025-12-09 16:00:00,53.67910573284254
2025-12-09 17:00:00,33.37273940045405
2025-12-09 18:00:00,18.262357679927923
2025-12-09 19:00:00,11.232496146231817
2025-12-09 20:00:00,7.66025672557646
2025-12-09 21:00:00,6.724215380057143
2025-12-09 22:00:00,5.73086538
2025-12-09 23:00:00,5.215087496464773
2025-12-10 00:00:00,5.043161535042857
2025-12-10 01:00:00,5.062264419645293
2025-12-10 02:00:00,5.081367304247727
2025-12-10 03:00:00,4.928544227428247
2025-12-10 04:00:00,4.565589419981981
2025-12-10 05:00:00,5.234190381067209
2025-12-10 06:00:00,6.323054803406006
2025-12-10 07:00:00,31.959125939873868
2025-12-10 08:00:00,81.37828840637337
2025-12-10 09:00:00,150.7025912828953
2025-12-10 10:00:00,164.74994609168832
2025-12-10 11:00:00,156.61368936207157
2025-12-10 12:00:00,80.36583552244431
2025-12-10 13:00:00,61.41577399682873
2025-12-10 14:00:00,59.390868228970625
2025-12-10 15:00:00,65.63751149396688
2025-12-10 16:00:00,53.67910573284254
2025-12-10 17:00:00,33.37273940045405
2025-12-10 18:00:00,18.262357679927923
2025-12-10 19:00:00,84.60049614623182
2025-12-10 20:00:00,81.06125672557646
2025-12-10 21:00:00,41.651215380057145
2025-12-10 22:00:00,14.705965379999999
2025-12-10 23:00:00,13.175387496464772
2025-12-11 00:00:00,12.521526919813637
2025-12-11 01:00:00,12.490138458223377
2025-12-11 02:00:00,12.48914134282581
2025-12-11 03:00:00,12.242406727596592
2025-12-11 04:00:00,12.220603842994155
2025-12-11 05:00:00,12.620864419645294
2025-12-11 06:00:00,13.021324996296428
2025-12-11 07:00:00,72.14014518851349
2025-12-11 08:00:00,7.3546105719375
2025-12-11 09:00:00,46.190765378037014
2025-12-11 10:00:00,56.356364415605036
2025-12-11 11:00:00,30.888821146568507
2025-12-11 12:00:00,64.6449567242297
2025-12-11 13:00:00,29.927697110010552
2025-12-11 14:00:00,28.51508364943036
2025-12-11 15:00:00,14.843792303237661
2025-12-11 16:00:00,28.286159034201134
2025-12-11 17:00:00,6.3039519188035715
2025-12-11 18:00:00,52.50918653403279
2025-12-11 19:00:00,79.9021865340328
2025-12-11 20:00:00,48.110437495791395
2025-12-11 21:00:00,16.161704804079385
2025-12-11 22:00:00,12.985687496464774
2025-12-11 23:00:00,12.924604804079383
2025-12-12 00:00:00,12.3693240352112
2025-12-12 01:00:00,12.458038458223378
2025-12-12 02:00:00,12.470641342825811
2025-12-12 03:00:00,12.239106727596592
2025-12-12 04:00:00,12.219803842994157
2025-12-12 05:00:00,12.620864419645294
2025-12-12 06:00:00,78.88452788089887
2025-12-12 07:00:00,78.79001345788669
2025-12-12 08:00:00,5.597145188513474
2025-12-12 09:00:00,5.826379803742695
2025-12-12 10:00:00,12.62776538
2025-12-12 11:00:00,31.41520576516461
2025-12-12 12:00:00,43.772291536
2025-12-12 13:00:00,58.33229653470617
2025-12-12 14:00:00,25.246939419308603
2025-12-12 15:00:00,17.50030576516461
2025-12-12 16:00:00,6.189334611188961
2025-12-12 17:00:00,6.074717303574351
2025-12-12 18:00:00,22.78839230323766
2025-12-12 19:00:00,30.792289418635225
2025-12-12 20:00:00,14.611725957381655
2025-12-12 21:00:00,13.67027691914026
2025-12-12 22:00:00,13.006413457886687
2025-12-12 23:00:00,12.841096150272076
2025-12-13 00:00:00,12.604161535042856
2025-12-13 01:00:00,12.622364419645294
2025-12-13 02:00:00,12.641167304247727
2025-12-13 03:00:00,30.885544227428248
2025-12-13 04:00:00,74.32558941998198
2025-12-13 05:00:00,76.52019038106721
2025-12-13 06:00:00,79.72505480340601
2025-12-13 07:00:00,105.36212593987388
2025-12-13 08:00:00,81.37828840637337
2025-12-13 09:00:00,93.31759128289528
2025-12-13 10:00:00,163.49884609168834
2025-12-13 11:00:00,188.99068936207158
2025-12-13 12:00:00,121.95783552244431
2025-12-13 13:00:00,83.41677399682874
2025-12-13 14:00:00,81.39186822897062
2025-12-13 15:00:00,65.63751149396688
2025-12-13 16:00:00,53.67910573284254
2025-12-13 17:00:00,33.37273940045405
2025-12-13 18:00:00,70.96435767992793
2025-12-13 19:00:00,84.60549614623181
2025-12-13 20:00:00,65.34525672557646
2025-12-13 21:00:00,6.724215380057143
2025-12-13 22:00:00,5.73086538
2025-12-13 23:00:00,5.215087496464773
2025-12-14 00:00:00,5.043161535042857
2025-12-14 01:00:00,5.062264419645293
2025-12-14 02:00:00,5.081367304247727
2025-12-14 03:00:00,4.928544227428247
2025-12-14 04:00:00,4.565589419981981
2025-12-14 05:00:00,75.35719038106721
2025-12-14 06:00:00,79.43305480340601
2025-12-14 07:00:00,105.36212593987388
2025-12-14 08:00:00,81.37828840637337
2025-12-14 09:00:00,123.35587128289528
2025-12-14 10:00:00,167.6651060916883
2025-12-14 11:00:00,157.51924936207158
2025-12-14 12:00:00,80.36583552244431
2025-12-14 13:00:00,61.41577399682873
2025-12-14 14:00:00,59.390868228970625
2025-12-14 15:00:00,65.63751149396688
2025-12-14 16:00:00,53.67910573284254
2025-12-14 17:00:00,33.37273940045405
2025-12-14 18:00:00,68.33835767992792
2025-12-14 19:00:00,57.31649614623182
2025-12-14 20:00:00,19.155256725576457
2025-12-14 21:00:00,15.055315380057142
2025-12-14 22:00:00,13.50896538
2025-12-14 23:00:00,12.873887496464773
2025-12-15 00:00:00,12.654861535042857
2025-12-15 01:00:00,12.629364419645292
2025-12-15 02:00:00,12.640867304247728
2025-12-15 03:00:00,12.487744227428248
2025-12-15 04:00:00,12.12478941998198
2025-12-15 05:00:00,12.793290381067209
2025-12-15 06:00:00,13.882154803406006
2025-12-15 07:00:00,39.51812593987387
2025-12-15 08:00:00,88.93727840637337
2025-12-15 09:00:00,126.34859128289528
2025-12-15 10:00:00,134.88784609168832
2025-12-15 11:00:00,130.97968936207158
2025-12-15 12:00:00,124.56334552244431
2025-12-15 13:00:00,118.64539399682874
2025-12-15 14:00:00,97.88444822897063
2025-12-15 15:00:00,95.42481149396689
2025-12-15 16:00:00,53.67910573284254
2025-12-15 17:00:00,33.37273940045405
2025-12-15 18:00:00,18.262357679927923
2025-12-15 19:00:00,11.232496146231817
2025-12-15 20:00:00,7.66025672557646
2025-12-15 21:00:00,6.724215380057143
2025-12-15 22:00:00,5.73086538
2025-12-15 23:00:00,5.215087496464773
2025-12-16 00:00:00,5.043161535042857
2025-12-16 01:00:00,5.062264419645293
2025-12-16 02:00:00,5.081367304247727
2025-12-16 03:00:00,4.928544227428247
2025-12-16 04:00:00,4.565589419981981
2025-12-16 05:00:00,5.234190381067209
2025-12-16 06:00:00,6.323054803406006
2025-12-16 07:00:00,31.959125939873868
2025-12-16 08:00:00,81.37828840637337
2025-12-16 09:00:00,120.54284128289528
2025-12-16 10:00:00,150.0303660916883
2025-12-16 11:00:00,103.87768936207158
2025-12-16 12:00:00,80.36583552244431
2025-12-16 13:00:00,61.41577399682873
2025-12-16 14:00:00,59.390868228970625
2025-12-16 15:00:00,65.63751149396688
2025-12-16 16:00:00,53.67910573284254
2025-12-16 17:00:00,33.37273940045405
2025-12-16 18:00:00,18.262357679927923
2025-12-16 19:00:00,11.232496146231817
2025-12-16 20:00:00,7.66025672557646
2025-12-16 21:00:00,6.724215380057143
2025-12-16 22:00:00,5.73086538
2025-12-16 23:00:00,5.215087496464773
2025-12-17 00:00:00,5.043161535042857
2025-12-17 01:00:00,5.062264419645293
2025-12-17 02:00:00,5.081367304247727
2025-12-17 03:00:00,4.928544227428247
2025-12-17 04:00:00,4.565589419981981
2025-12-17 05:00:00,5.234190381067209
2025-12-17 06:00:00,6.323054803406006
2025-12-17 07:00:00,31.959125939873868
2025-12-17 08:00:00,81.37828840637337
2025-12-17 09:00:00,100.21409128289528
2025-12-17 10:00:00,141.25884609168833
2025-12-17 11:00:00,116.05518936207159
2025-12-17 12:00:00,106.56433552244431
2025-12-17 13:00:00,90.03947399682873
2025-12-17 14:00:00,70.13586822897062
2025-12-17 15:00:00,65.63751149396688
2025-12-17 16:00:00,53.67910573284254
2025-12-17 17:00:00,33.37273940045405
2025-12-17 18:00:00,18.262357679927923
2025-12-17 19:00:00,84.58049614623181
2025-12-17 20:00:00,81.06225672557646
2025-12-17 21:00:00,31.719215380057143
2025-12-17 22:00:00,15.597665379999999
2025-12-17 23:00:00,13.241487496464774
2025-12-18 00:00:00,12.566926919813636
2025-12-18 01:00:00,12.534938458223376
2025-12-18 02:00:00,12.508041342825813
2025-12-18 03:00:00,12.260506727596592
2025-12-18 04:00:00,12.223903842994156
2025-12-18 05:00:00,12.622364419645294
2025-12-18 06:00:00,13.021124996296429
2025-12-18 07:00:00,42.52814518851347
2025-12-18 08:00:00,7.3546105719375
2025-12-18 09:00:00,16.60056537803701
2025-12-18 10:00:00,56.75536441560503
2025-12-18 11:00:00,46.121621146568515
2025-12-18 12:00:00,64.16495672422971
2025-12-18 13:00:00,46.41769711001055
2025-12-18 14:00:00,6.514083649430358
2025-12-18 15:00:00,6.571392303237662
2025-12-18 16:00:00,6.284849034201136
2025-12-18 17:00:00,28.30395191880357
2025-12-18 18:00:00,28.53418653403279
2025-12-18 19:00:00,14.429786534032793
2025-12-18 20:00:00,14.104837495791397
2025-12-18 21:00:00,13.225904804079384
2025-12-18 22:00:00,13.111187496464773
2025-12-18 23:00:00,13.225604804079383
2025-12-19 00:00:00,12.690524035211201
2025-12-19 01:00:00,12.785838458223378
2025-12-19 02:00:00,12.80474134282581
2025-12-19 03:00:00,30.46420672759659
2025-12-19 04:00:00,76.59110384299416
2025-12-19 05:00:00,78.46326441964528
2025-12-19 06:00:00,78.88452788089887
2025-12-19 07:00:00,78.79001345788669
2025-12-19 08:00:00,5.597145188513474
2025-12-19 09:00:00,5.826379803742695
2025-12-19 10:00:00,5.73086538
2025-12-19 11:00:00,14.355405765164608
2025-12-19 12:00:00,12.933411536
2025-12-19 13:00:00,39.09083653470617
2025-12-19 14:00:00,41.5087594193086
2025-12-19 15:00:00,5.998305765164609
2025-12-19 16:00:00,6.189334611188961
2025-12-19 17:00:00,6.074717303574351
2025-12-19 18:00:00,6.571392303237662
2025-12-19 19:00:00,14.618089418635225
2025-12-19 20:00:00,14.197625957381653
2025-12-19 21:00:00,13.872676919140261
2025-12-19 22:00:00,13.452213457886689
2025-12-19 23:00:00,13.337396150272077
2025-12-20 00:00:00,13.107961535042858
2025-12-20 01:00:00,13.126864419645294
2025-12-20 02:00:00,13.145767304247727
2025-12-20 03:00:00,31.05754422742825
2025-12-20 04:00:00,77.80658941998198
2025-12-20 05:00:00,78.5811903810672
2025-12-20 06:00:00,79.72505480340601
2025-12-20 07:00:00,105.36212593987388
2025-12-20 08:00:00,81.37828840637337
2025-12-20 09:00:00,93.31759128289528
2025-12-20 10:00:00,126.39994609168832
2025-12-20 11:00:00,89.99368936207158
2025-12-20 12:00:00,101.45553552244431
2025-12-20 13:00:00,82.73097399682874
2025-12-20 14:00:00,81.20056822897062
2025-12-20 15:00:00,87.63811149396687
2025-12-20 16:00:00,75.68010573284253
2025-12-20 17:00:00,33.37273940045405
2025-12-20 18:00:00,51.264357679927926
2025-12-20 19:00:00,18.792396146231816
2025-12-20 20:00:00,15.220156725576459
2025-12-20 21:00:00,14.284115380057143
2025-12-20 22:00:00,13.29066538
2025-12-20 23:00:00,13.281087496464774
2025-12-21 00:00:00,13.108961535042855
2025-12-21 01:00:00,13.127864419645292
2025-12-21 02:00:00,13.146867304247728
2025-12-21 03:00:00,73.76354422742824
2025-12-21 04:00:00,74.40358941998197
2025-12-21 05:00:00,76.63119038106721
2025-12-21 06:00:00,79.72505480340601
2025-12-21 07:00:00,105.36212593987388
2025-12-21 08:00:00,81.37828840637337
2025-12-21 09:00:00,119.13779128289528
2025-12-21 10:00:00,147.13284609168832
2025-12-21 11:00:00,140.11868936207156
2025-12-21 12:00:00,119.75249552244432
2025-12-21 13:00:00,121.80601399682874
2025-12-21 14:00:00,74.52286822897062
2025-12-21 15:00:00,65.63751149396688
2025-12-21 16:00:00,53.67910573284254
2025-12-21 17:00:00,33.37273940045405
2025-12-21 18:00:00,29.841357679927924
2025-12-21 19:00:00,24.46049614623182
2025-12-21 20:00:00,15.32455672557646
2025-12-21 21:00:00,14.789315380057143
2025-12-21 22:00:00,13.795765379999999
2025-12-21 23:00:00,13.279787496464774
2025-12-22 00:00:00,13.107661535042858
2025-12-22 01:00:00,13.126564419645291
2025-12-22 02:00:00,13.145467304247727
2025-12-22 03:00:00,12.992444227428248
2025-12-22 04:00:00,12.62918941998198
2025-12-22 05:00:00,13.29759038106721
2025-12-22 06:00:00,14.386254803406006
2025-12-22 07:00:00,40.02212593987387
2025-12-22 08:00:00,89.44104840637337
2025-12-22 09:00:00,109.28689128289528
2025-12-22 10:00:00,121.72784609168832
2025-12-22 11:00:00,113.62468936207158
2025-12-22 12:00:00,101.31990552244432
2025-12-22 13:00:00,93.72477399682873
2025-12-22 14:00:00,85.19286822897062
2025-12-22 15:00:00,73.36111149396689
2025-12-22 16:00:00,63.18470573284254
2025-12-22 17:00:00,41.18143940045405
2025-12-22 18:00:00,25.91555767992792
2025-12-22 19:00:00,18.836196146231817
2025-12-22 20:00:00,15.21685672557646
2025-12-22 21:00:00,14.785215380057142
2025-12-22 22:00:00,13.791565380000002
2025-12-22 23:00:00,13.275587496464773
2025-12-23 00:00:00,13.103361535042858
2025-12-23 01:00:00,13.122164419645294
2025-12-23 02:00:00,13.140967304247727
2025-12-23 03:00:00,12.987944227428248
2025-12-23 04:00:00,12.624689419981982
2025-12-23 05:00:00,13.29299038106721
2025-12-23 06:00:00,14.381554803406006
2025-12-23 07:00:00,31.959125939873868
2025-12-23 08:00:00,81.37828840637337
2025-12-23 09:00:00,124.95059128289527
2025-12-23 10:00:00,151.64636609168832
2025-12-23 11:00:00,116.13968936207158
2025-12-23 12:00:00,98.76683552244431
2025-12-23 13:00:00,79.81677399682873
2025-12-23 14:00:00,77.79276822897063
2025-12-23 15:00:00,65.63751149396688
2025-12-23 16:00:00,53.67910573284254
2025-12-23 17:00:00,33.37273940045405
2025-12-23 18:00:00,18.262357679927923
2025-12-23 19:00:00,11.232496146231817
2025-12-23 20:00:00,7.66025672557646
2025-12-23 21:00:00,6.724215380057143
2025-12-23 22:00:00,5.73086538
2025-12-23 23:00:00,5.215087496464773
2025-12-24 00:00:00,5.043161535042857
2025-12-24 01:00:00,5.062264419645293
2025-12-24 02:00:00,5.081367304247727
2025-12-24 03:00:00,4.928544227428247
2025-12-24 04:00:00,4.565589419981981
2025-12-24 05:00:00,5.234190381067209
2025-12-24 06:00:00,6.323054803406006
2025-12-24 07:00:00,31.959125939873868
2025-12-24 08:00:00,81.37828840637337
2025-12-24 09:00:00,114.40399128289528
2025-12-24 10:00:00,131.5318460916883
2025-12-24 11:00:00,118.72906936207158
2025-12-24 12:00:00,80.36583552244431
2025-12-24 13:00:00,86.65597399682873
2025-12-24 14:00:00,66.55896822897063
2025-12-24 15:00:00,65.63751149396688
2025-12-24 16:00:00,53.67910573284254
2025-12-24 17:00:00,33.37273940045405
2025-12-24 18:00:00,18.262357679927923
2025-12-24 19:00:00,19.19059614623182
2025-12-24 20:00:00,15.61815672557646
2025-12-24 21:00:00,14.681915380057143
2025-12-24 22:00:00,13.68836538
2025-12-24 23:00:00,13.172287496464772
2025-12-25 00:00:00,12.770926919813636
2025-12-25 01:00:00,12.847138458223377
2025-12-25 02:00:00,12.866041342825811
2025-12-25 03:00:00,12.63650672759659
2025-12-25 04:00:00,29.759103842994154
2025-12-25 05:00:00,30.629264419645292
2025-12-25 06:00:00,78.86542499629643
2025-12-25 07:00:00,79.00014518851349
2025-12-25 08:00:00,7.3546105719375
2025-12-25 09:00:00,9.704265378037013
2025-12-25 10:00:00,77.44736441560502
2025-12-25 11:00:00,49.069821146568515
2025-12-25 12:00:00,75.7529567242297
2025-12-25 13:00:00,85.19469711001055
2025-12-25 14:00:00,67.67108364943036
2025-12-25 15:00:00,6.571392303237662
2025-12-25 16:00:00,6.284849034201136
2025-12-25 17:00:00,6.3039519188035715
2025-12-25 18:00:00,28.53418653403279
2025-12-25 19:00:00,15.366086534032792
2025-12-25 20:00:00,13.915737495791397
2025-12-25 21:00:00,12.896804804079384
2025-12-25 22:00:00,12.776387496464773
2025-12-25 23:00:00,12.890204804079383
2025-12-26 00:00:00,12.355124035211201
2025-12-26 01:00:00,12.450438458223378
2025-12-26 02:00:00,12.46924134282581
2025-12-26 03:00:00,73.0412067275966
2025-12-26 04:00:00,74.03710384299416
2025-12-26 05:00:00,76.40726441964529
2025-12-26 06:00:00,78.88452788089887
2025-12-26 07:00:00,78.79001345788669
2025-12-26 08:00:00,5.597145188513474
2025-12-26 09:00:00,12.722679803742695
2025-12-26 10:00:00,82.74086538
2025-12-26 11:00:00,66.7093057651646
2025-12-26 12:00:00,6.036511536
2025-12-26 13:00:00,5.539836534706169
2025-12-26 14:00:00,5.558939419308604
2025-12-26 15:00:00,5.998305765164609
2025-12-26 16:00:00,6.189334611188961
2025-12-26 17:00:00,6.074717303574351
2025-12-26 18:00:00,59.27339230323766
2025-12-26 19:00:00,79.92328941863522
2025-12-26 20:00:00,62.566025957381655
2025-12-26 21:00:00,5.80727691914026
2025-12-26 22:00:00,5.387013457886688
2025-12-26 23:00:00,5.272396150272077
2025-12-27 00:00:00,5.043161535042857
2025-12-27 01:00:00,5.062264419645293
2025-12-27 02:00:00,5.081367304247727
2025-12-27 03:00:00,4.928544227428247
2025-12-27 04:00:00,4.565589419981981
2025-12-27 05:00:00,58.52619038106721
2025-12-27 06:00:00,79.72505480340601
2025-12-27 07:00:00,105.36212593987388
2025-12-27 08:00:00,81.37828840637337
2025-12-27 09:00:00,170.94218128289526
2025-12-27 10:00:00,146.6948460916883
2025-12-27 11:00:00,133.11968936207157
2025-12-27 12:00:00,102.36583552244431
2025-12-27 13:00:00,83.41677399682874
2025-12-27 14:00:00,81.39286822897063
2025-12-27 15:00:00,65.63751149396688
2025-12-27 16:00:00,53.67910573284254
2025-12-27 17:00:00,33.37273940045405
2025-12-27 18:00:00,70.96535767992793
2025-12-27 19:00:00,84.60649614623182
2025-12-27 20:00:00,61.85425672557646
2025-12-27 21:00:00,6.724215380057143
2025-12-27 22:00:00,5.73086538
2025-12-27 23:00:00,5.215087496464773
2025-12-28 00:00:00,5.043161535042857
2025-12-28 01:00:00,5.062264419645293
2025-12-28 02:00:00,5.081367304247727
2025-12-28 03:00:00,4.928544227428247
2025-12-28 04:00:00,4.565589419981981
2025-12-28 05:00:00,77.63319038106721
2025-12-28 06:00:00,79.72505480340601
2025-12-28 07:00:00,105.36212593987388
2025-12-28 08:00:00,81.37828840637337
2025-12-28 09:00:00,170.3255912828953
2025-12-28 10:00:00,168.70884609168832
2025-12-28 11:00:00,119.25268936207158
2025-12-28 12:00:00,80.36583552244431
2025-12-28 13:00:00,61.41577399682873
2025-12-28 14:00:00,59.390868228970625
2025-12-28 15:00:00,65.63751149396688
2025-12-28 16:00:00,53.67910573284254
2025-12-28 17:00:00,33.37273940045405
2025-12-28 18:00:00,70.96435767992793
2025-12-28 19:00:00,84.60449614623181
2025-12-28 20:00:00,79.45525672557646
2025-12-28 21:00:00,13.917915380057142
2025-12-28 22:00:00,13.517365380000001
2025-12-28 23:00:00,13.001387496464773
2025-12-29 00:00:00,12.829261535042857
2025-12-29 01:00:00,12.848164419645293
2025-12-29 02:00:00,12.866967304247726
2025-12-29 03:00:00,12.713944227428247
2025-12-29 04:00:00,12.35078941998198
2025-12-29 05:00:00,13.019090381067208
2025-12-29 06:00:00,14.107754803406007
2025-12-29 07:00:00,39.74352593987387
2025-12-29 08:00:00,89.16249840637337
2025-12-29 09:00:00,166.72059128289527
2025-12-29 10:00:00,165.09784609168833
2025-12-29 11:00:00,163.39968936207157
2025-12-29 12:00:00,140.62183552244431
2025-12-29 13:00:00,69.13277399682873
2025-12-29 14:00:00,59.390868228970625
2025-12-29 15:00:00,65.63751149396688
2025-12-29 16:00:00,53.67910573284254
2025-12-29 17:00:00,33.37273940045405
2025-12-29 18:00:00,18.262357679927923
2025-12-29 19:00:00,11.232496146231817
2025-12-29 20:00:00,7.66025672557646
2025-12-29 21:00:00,6.724215380057143
2025-12-29 22:00:00,5.73086538
2025-12-29 23:00:00,5.215087496464773
2025-12-30 00:00:00,5.043161535042857
2025-12-30 01:00:00,5.062264419645293
2025-12-30 02:00:00,5.081367304247727
2025-12-30 03:00:00,4.928544227428247
2025-12-30 04:00:00,4.565589419981981
2025-12-30 05:00:00,5.234190381067209
2025-12-30 06:00:00,6.323054803406006
2025-12-30 07:00:00,31.959125939873868
2025-12-30 08:00:00,81.37828840637337
2025-12-30 09:00:00,93.31759128289528
2025-12-30 10:00:00,91.69384609168831
2025-12-30 11:00:00,89.99368936207158
2025-12-30 12:00:00,80.36583552244431
2025-12-30 13:00:00,61.41577399682873
2025-12-30 14:00:00,59.390868228970625
2025-12-30 15:00:00,65.63751149396688
2025-12-30 16:00:00,53.67910573284254
2025-12-30 17:00:00,33.37273940045405
2025-12-30 18:00:00,18.262357679927923
2025-12-30 19:00:00,11.232496146231817
2025-12-30 20:00:00,7.66025672557646
2025-12-30 21:00:00,6.724215380057143
2025-12-30 22:00:00,5.73086538
2025-12-30 23:00:00,5.215087496464773
2025-12-31 00:00:00,5.043161535042857
2025-12-31 01:00:00,5.062264419645293
2025-12-31 02:00:00,5.081367304247727
2025-12-31 03:00:00,4.928544227428247
2025-12-31 04:00:00,4.565589419981981
2025-12-31 05:00:00,5.234190381067209
2025-12-31 06:00:00,6.323054803406006
2025-12-31 07:00:00,31.959125939873868
2025-12-31 08:00:00,81.37828840637337
2025-12-31 09:00:00,142.88259128289528
2025-12-31 10:00:00,168.70984609168832
2025-12-31 11:00:00,100.22968936207158
2025-12-31 12:00:00,80.36583552244431
2025-12-31 13:00:00,61.41577399682873
2025-12-31 14:00:00,59.390868228970625
2025-12-31 15:00:00,65.63751149396688
2025-12-31 16:00:00,53.67910573284254
2025-12-31 17:00:00,33.37273940045405
2025-12-31 18:00:00,18.262357679927923
2025-12-31 19:00:00,84.58049614623181
2025-12-31 20:00:00,81.06225672557646
2025-12-31 21:00:00,36.88421538005714
2025-12-31 22:00:00,13.15626538
2025-12-31 23:00:00,13.026187496464772
