Timestamp,kwh_hourly,ev_kwh,total_kwh
2025-01-01 00:00:00,1.04E+16,0,1.04E+16
2025-01-01 01:00:00,1.06E+16,0,1.06E+16
2025-01-01 02:00:00,1.08E+16,0,1.08E+16
2025-01-01 03:00:00,9.28544E+15,0,9.28544E+15
2025-01-01 04:00:00,5.65589E+15,0,5.65589E+15
2025-01-01 05:00:00,1.23E+16,0,1.23E+16
2025-01-01 06:00:00,2.32E+16,0,2.32E+16
2025-01-01 07:00:00,3.95913E+15,0,3.95913E+15
2025-01-01 08:00:00,1.37829E+15,0,1.37829E+15
2025-01-01 09:00:00,1.31759E+14,6.8963,1.31759E+14
2025-01-01 10:00:00,3.69385E+14,49.566,3.69385E+14
2025-01-01 11:00:00,1.99369E+15,32.43082,1.99369E+15
2025-01-01 12:00:00,3.65836E+14,21.835,3.65836E+14
2025-01-01 13:00:00,1.41577E+15,0,1.41577E+15
2025-01-01 14:00:00,3.39087E+15,0,3.39087E+15
2025-01-01 15:00:00,1.63751E+14,0,1.63751E+14
2025-01-01 16:00:00,1.67911E+15,0,1.67911E+15
2025-01-01 17:00:00,1.37274E+15,0,1.37274E+15
2025-01-01 18:00:00,2.26236E+15,0,2.26236E+15
2025-01-01 19:00:00,3.23E+16,73.347,3.23E+16
2025-01-01 20:00:00,3.66026E+15,73.402,3.66026E+15
2025-01-01 21:00:00,2.72E+16,30.445,2.72E+16
2025-01-01 22:00:00,1730865380,7.4998,1730865387
2025-01-01 23:00:00,1.22E+16,7.8914,1.22E+16
2025-01-02 00:00:00,8.13927E+14,7.8911,8.13927E+14
2025-01-02 01:00:00,8.90338E+15,7.8909,8.90338E+15
2025-01-02 02:00:00,9.09441E+15,7.8906,9.09441E+15
2025-01-02 03:00:00,6.80207E+15,7.8904,6.80207E+15
2025-01-02 04:00:00,6.61104E+14,7.8901,6.61104E+14
2025-01-02 05:00:00,1.06E+16,7.8898,1.06E+16
2025-01-02 06:00:00,1.46342E+15,7.8896,1.46342E+15
2025-01-02 07:00:00,1.60E+16,32.681,1.60E+16
2025-01-02 08:00:00,3.35461E+15,0,3.35461E+15
2025-01-02 09:00:00,1.70427E+15,43.632,1.70427E+15
2025-01-02 10:00:00,3.02236E+15,80.80829,3.02236E+15
2025-01-02 11:00:00,2.73582E+15,67.57756,2.73582E+15
2025-01-02 12:00:00,1.64696E+15,46.224,1.64696E+15
2025-01-02 13:00:00,3.9277E+15,22.002,3.9277E+15
2025-01-02 14:00:00,2.51E+16,16.806,2.51E+16
2025-01-02 15:00:00,2.57E+16,0,2.57E+16
2025-01-02 16:00:00,2.28485E+15,0,2.28485E+15
2025-01-02 17:00:00,2.30E+16,0,2.30E+16
2025-01-02 18:00:00,2.53319E+15,45.976,2.53319E+15
2025-01-02 19:00:00,2.53319E+15,73.367,2.53319E+15
2025-01-02 20:00:00,2.20844E+15,61.234,2.20844E+15
2025-01-02 21:00:00,1.33E+16,0,1.33E+16
2025-01-02 22:00:00,1.22E+16,0,1.22E+16
2025-01-02 23:00:00,1.33E+16,0,1.33E+16
2025-01-03 00:00:00,7.94824E+15,0,7.94824E+15
2025-01-03 01:00:00,8.90338E+15,0,8.90338E+15
2025-01-03 02:00:00,9.09441E+15,0,9.09441E+15
2025-01-03 03:00:00,6.80207E+15,0,6.80207E+15
2025-01-03 04:00:00,6.61104E+14,0,6.61104E+14
2025-01-03 05:00:00,1.06E+16,0,1.06E+16
2025-01-03 06:00:00,1.48253E+15,73.401,1.48253E+15
2025-01-03 07:00:00,1.38701E+15,73.402,1.38701E+15
2025-01-03 08:00:00,1.60E+16,0,1.60E+16
2025-01-03 09:00:00,1.83E+16,27.1811,1.83E+16
2025-01-03 10:00:00,1730865380,47.37068,1730865427
2025-01-03 11:00:00,2.00E+16,62.707,2.00E+16
2025-01-03 12:00:00,2036511536,27.055,2036511563
2025-01-03 13:00:00,1.54E+16,0,1.54E+16
2025-01-03 14:00:00,1.55894E+15,0,1.55894E+15
2025-01-03 15:00:00,2.00E+16,0,2.00E+16
2025-01-03 16:00:00,2.19E+16,0,2.19E+16
2025-01-03 17:00:00,2.07E+16,0,2.07E+16
2025-01-03 18:00:00,2.57E+16,52.705,2.57E+16
2025-01-03 19:00:00,2.55E+16,73.383,2.55E+16
2025-01-03 20:00:00,2.13E+16,55.043,2.13E+16
2025-01-03 21:00:00,1.80728E+15,0,1.80728E+15
2025-01-03 22:00:00,1.38701E+15,0,1.38701E+15
2025-01-03 23:00:00,1.27E+16,0,1.27E+16
2025-01-04 00:00:00,1.04E+16,0,1.04E+16
2025-01-04 01:00:00,1.06E+16,0,1.06E+16
2025-01-04 02:00:00,1.08E+16,0,1.08E+16
2025-01-04 03:00:00,9.28544E+15,0,9.28544E+15
2025-01-04 04:00:00,5.65589E+15,0,5.65589E+15
2025-01-04 05:00:00,1.23E+16,73.151,1.23E+16
2025-01-04 06:00:00,2.32E+16,73.402,2.32E+16
2025-01-04 07:00:00,3.95913E+15,73.403,3.95913E+15
2025-01-04 08:00:00,1.37829E+15,0,1.37829E+15
2025-01-04 09:00:00,1.31759E+14,69.455,1.31759E+14
2025-01-04 10:00:00,3.69385E+14,33.4801,3.69385E+14
2025-01-04 11:00:00,1.99369E+15,34.0185,1.99369E+15
2025-01-04 12:00:00,3.65836E+14,16.745,3.65836E+14
2025-01-04 13:00:00,1.41577E+15,16.871,1.41577E+15
2025-01-04 14:00:00,3.39087E+15,6.9001,3.39087E+15
2025-01-04 15:00:00,1.63751E+14,0,1.63751E+14
2025-01-04 16:00:00,1.67911E+15,22.001,1.67911E+15
2025-01-04 17:00:00,1.37274E+15,0,1.37274E+15
2025-01-04 18:00:00,2.26236E+15,0,2.26236E+15
2025-01-04 19:00:00,3.23E+16,7.5521,3.23E+16
2025-01-04 20:00:00,3.66026E+15,8.0649,3.66026E+15
2025-01-04 21:00:00,2.72E+16,8.0647,2.72E+16
2025-01-04 22:00:00,1730865380,8.0645,1730865388
2025-01-04 23:00:00,1.22E+16,8.0643,1.22E+16
2025-01-05 00:00:00,1.04E+16,8.0641,1.04E+16
2025-01-05 01:00:00,1.06E+16,8.064,1.06E+16
2025-01-05 02:00:00,1.08E+16,8.0638,1.08E+16
2025-01-05 03:00:00,9.28544E+15,70.486,9.28544E+15
2025-01-05 04:00:00,5.65589E+15,71.457,5.65589E+15
2025-01-05 05:00:00,1.23E+16,73.226,1.23E+16
2025-01-05 06:00:00,2.32E+16,73.402,2.32E+16
2025-01-05 07:00:00,3.95913E+15,73.403,3.95913E+15
2025-01-05 08:00:00,1.37829E+15,0,1.37829E+15
2025-01-05 09:00:00,1.31759E+14,37.30056,1.31759E+14
2025-01-05 10:00:00,3.69385E+14,77.01,3.69385E+14
2025-01-05 11:00:00,1.99369E+15,49.787,1.99369E+15
2025-01-05 12:00:00,3.65836E+14,8.3142,3.65836E+14
2025-01-05 13:00:00,1.41577E+15,0,1.41577E+15
2025-01-05 14:00:00,3.39087E+15,0,3.39087E+15
2025-01-05 15:00:00,1.63751E+14,0,1.63751E+14
2025-01-05 16:00:00,1.67911E+15,0,1.67911E+15
2025-01-05 17:00:00,1.37274E+15,0,1.37274E+15
2025-01-05 18:00:00,2.26236E+15,52.702,2.26236E+15
2025-01-05 19:00:00,3.23E+16,73.372,3.23E+16
2025-01-05 20:00:00,3.66026E+15,73.34,3.66026E+15
2025-01-05 21:00:00,2.72E+16,9.7048,2.72E+16
2025-01-05 22:00:00,1730865380,8.168,1730865388
2025-01-05 23:00:00,1.22E+16,7.6479,1.22E+16
2025-01-06 00:00:00,1.04E+16,7.5888,1.04E+16
2025-01-06 01:00:00,1.06E+16,7.5699,1.06E+16
2025-01-06 02:00:00,1.08E+16,7.5519,1.08E+16
2025-01-06 03:00:00,9.28544E+15,7.5512,9.28544E+15
2025-01-06 04:00:00,5.65589E+15,7.5511,5.65589E+15
2025-01-06 05:00:00,1.23E+16,7.551,1.23E+16
2025-01-06 06:00:00,2.32E+16,8.0641,2.32E+16
2025-01-06 07:00:00,3.95913E+15,8.0638,3.95913E+15
2025-01-06 08:00:00,1.37829E+15,8.0636,1.37829E+15
2025-01-06 09:00:00,1.31759E+14,6.8986,1.31759E+14
2025-01-06 10:00:00,3.69385E+14,46.262,3.69385E+14
2025-01-06 11:00:00,1.99369E+15,50.56197,1.99369E+15
2025-01-06 12:00:00,3.65836E+14,73.405,3.65836E+14
2025-01-06 13:00:00,1.41577E+15,73.407,1.41577E+15
2025-01-06 14:00:00,3.39087E+15,6.0343,3.39087E+15
2025-01-06 15:00:00,1.63751E+14,0,1.63751E+14
2025-01-06 16:00:00,1.67911E+15,0,1.67911E+15
2025-01-06 17:00:00,1.37274E+15,0,1.37274E+15
2025-01-06 18:00:00,2.26236E+15,0,2.26236E+15
2025-01-06 19:00:00,3.23E+16,0,3.23E+16
2025-01-06 20:00:00,3.66026E+15,0,3.66026E+15
2025-01-06 21:00:00,2.72E+16,0,2.72E+16
2025-01-06 22:00:00,1730865380,0,1730865380
2025-01-06 23:00:00,1.22E+16,0,1.22E+16
2025-01-07 00:00:00,1.04E+16,0,1.04E+16
2025-01-07 01:00:00,1.06E+16,0,1.06E+16
2025-01-07 02:00:00,1.08E+16,0,1.08E+16
2025-01-07 03:00:00,9.28544E+15,0,9.28544E+15
2025-01-07 04:00:00,5.65589E+15,0,5.65589E+15
2025-01-07 05:00:00,1.23E+16,0,1.23E+16
2025-01-07 06:00:00,2.32E+16,0,2.32E+16
2025-01-07 07:00:00,3.95913E+15,0,3.95913E+15
2025-01-07 08:00:00,1.37829E+15,0,1.37829E+15
2025-01-07 09:00:00,1.31759E+14,0,1.31759E+14
2025-01-07 10:00:00,3.69385E+14,0,3.69385E+14
2025-01-07 11:00:00,1.99369E+15,0,1.99369E+15
2025-01-07 12:00:00,3.65836E+14,0,3.65836E+14
2025-01-07 13:00:00,1.41577E+15,0,1.41577E+15
2025-01-07 14:00:00,3.39087E+15,0,3.39087E+15
2025-01-07 15:00:00,1.63751E+14,0,1.63751E+14
2025-01-07 16:00:00,1.67911E+15,0,1.67911E+15
2025-01-07 17:00:00,1.37274E+15,0,1.37274E+15
2025-01-07 18:00:00,2.26236E+15,0,2.26236E+15
2025-01-07 19:00:00,3.23E+16,0,3.23E+16
2025-01-07 20:00:00,3.66026E+15,0,3.66026E+15
2025-01-07 21:00:00,2.72E+16,0,2.72E+16
2025-01-07 22:00:00,1730865380,0,1730865380
2025-01-07 23:00:00,1.22E+16,0,1.22E+16
2025-01-08 00:00:00,1.04E+16,0,1.04E+16
2025-01-08 01:00:00,1.06E+16,0,1.06E+16
2025-01-08 02:00:00,1.08E+16,0,1.08E+16
2025-01-08 03:00:00,9.28544E+15,0,9.28544E+15
2025-01-08 04:00:00,5.65589E+15,0,5.65589E+15
2025-01-08 05:00:00,1.23E+16,0,1.23E+16
2025-01-08 06:00:00,2.32E+16,0,2.32E+16
2025-01-08 07:00:00,3.95913E+15,0,3.95913E+15
2025-01-08 08:00:00,1.37829E+15,0,1.37829E+15
2025-01-08 09:00:00,1.31759E+14,52.964,1.31759E+14
2025-01-08 10:00:00,3.69385E+14,77.016,3.69385E+14
2025-01-08 11:00:00,1.99369E+15,10.23,1.99369E+15
2025-01-08 12:00:00,3.65836E+14,0,3.65836E+14
2025-01-08 13:00:00,1.41577E+15,0,1.41577E+15
2025-01-08 14:00:00,3.39087E+15,0,3.39087E+15
2025-01-08 15:00:00,1.63751E+14,0,1.63751E+14
2025-01-08 16:00:00,1.67911E+15,0,1.67911E+15
2025-01-08 17:00:00,1.37274E+15,0,1.37274E+15
2025-01-08 18:00:00,2.26236E+15,0,2.26236E+15
2025-01-08 19:00:00,3.23E+16,73.344,3.23E+16
2025-01-08 20:00:00,3.66026E+15,73.401,3.66026E+15
2025-01-08 21:00:00,2.72E+16,32.033,2.72E+16
2025-01-08 22:00:00,1730865380,7.9598,1730865388
2025-01-08 23:00:00,1.22E+16,7.6145,1.22E+16
2025-01-09 00:00:00,8.13927E+14,7.5628,8.13927E+14
2025-01-09 01:00:00,8.90338E+15,7.5549,8.90338E+15
2025-01-09 02:00:00,9.09441E+15,7.5524,9.09441E+15
2025-01-09 03:00:00,6.80207E+15,7.5515,6.80207E+15
2025-01-09 04:00:00,6.61104E+14,7.5508,6.61104E+14
2025-01-09 05:00:00,1.06E+16,7.5504,1.06E+16
2025-01-09 06:00:00,1.46342E+15,7.5501,1.46342E+15
2025-01-09 07:00:00,1.60E+16,46.223,1.60E+16
2025-01-09 08:00:00,3.35461E+15,0,3.35461E+15
2025-01-09 09:00:00,1.70427E+15,6.8963,1.70427E+15
2025-01-09 10:00:00,3.02236E+15,6.8957,3.02236E+15
2025-01-09 11:00:00,2.73582E+15,42.4451,2.73582E+15
2025-01-09 12:00:00,1.64696E+15,33.1223,1.64696E+15
2025-01-09 13:00:00,3.9277E+15,34.476,3.9277E+15
2025-01-09 14:00:00,2.51E+16,32.5201,2.51E+16
2025-01-09 15:00:00,2.57E+16,0,2.57E+16
2025-01-09 16:00:00,2.28485E+15,21.98143,2.28485E+15
2025-01-09 17:00:00,2.30E+16,22.001,2.30E+16
2025-01-09 18:00:00,2.53319E+15,22.001,2.53319E+15
2025-01-09 19:00:00,2.53319E+15,7.5801,2.53319E+15
2025-01-09 20:00:00,2.20844E+15,7.5587,2.20844E+15
2025-01-09 21:00:00,1.33E+16,7.5557,1.33E+16
2025-01-09 22:00:00,1.22E+16,7.5534,1.22E+16
2025-01-09 23:00:00,1.33E+16,7.5526,1.33E+16
2025-01-10 00:00:00,7.94824E+15,7.5523,7.94824E+15
2025-01-10 01:00:00,8.90338E+15,7.5522,8.90338E+15
2025-01-10 02:00:00,9.09441E+15,7.5521,9.09441E+15
2025-01-10 03:00:00,6.80207E+15,25.95,6.80207E+15
2025-01-10 04:00:00,6.61104E+14,73.161,6.61104E+14
2025-01-10 05:00:00,1.06E+16,73.384,1.06E+16
2025-01-10 06:00:00,1.48253E+15,73.402,1.48253E+15
2025-01-10 07:00:00,1.38701E+15,73.403,1.38701E+15
2025-01-10 08:00:00,1.60E+16,0,1.60E+16
2025-01-10 09:00:00,1.83E+16,38.193,1.83E+16
2025-01-10 10:00:00,1730865380,77.009,1730865457
2025-01-10 11:00:00,2.00E+16,53.978,2.00E+16
2025-01-10 12:00:00,2036511536,18.098,2036511554
2025-01-10 13:00:00,1.54E+16,0,1.54E+16
2025-01-10 14:00:00,1.55894E+15,0,1.55894E+15
2025-01-10 15:00:00,2.00E+16,0,2.00E+16
2025-01-10 16:00:00,2.19E+16,0,2.19E+16
2025-01-10 17:00:00,2.07E+16,0,2.07E+16
2025-01-10 18:00:00,2.57E+16,52.703,2.57E+16
2025-01-10 19:00:00,2.55E+16,73.376,2.55E+16
2025-01-10 20:00:00,2.13E+16,56.551,2.13E+16
2025-01-10 21:00:00,1.80728E+15,0,1.80728E+15
2025-01-10 22:00:00,1.38701E+15,0,1.38701E+15
2025-01-10 23:00:00,1.27E+16,0,1.27E+16
2025-01-11 00:00:00,1.04E+16,0,1.04E+16
2025-01-11 01:00:00,1.06E+16,0,1.06E+16
2025-01-11 02:00:00,1.08E+16,0,1.08E+16
2025-01-11 03:00:00,9.28544E+15,0,9.28544E+15
2025-01-11 04:00:00,5.65589E+15,0,5.65589E+15
2025-01-11 05:00:00,1.23E+16,73.059,1.23E+16
2025-01-11 06:00:00,2.32E+16,73.402,2.32E+16
2025-01-11 07:00:00,3.95913E+15,73.403,3.95913E+15
2025-01-11 08:00:00,1.37829E+15,0,1.37829E+15
2025-01-11 09:00:00,1.31759E+14,0,1.31759E+14
2025-01-11 10:00:00,3.69385E+14,99.007,3.69385E+14
2025-01-11 11:00:00,1.99369E+15,82.747,1.99369E+15
2025-01-11 12:00:00,3.65836E+14,32.233,3.65836E+14
2025-01-11 13:00:00,1.41577E+15,22.001,1.41577E+15
2025-01-11 14:00:00,3.39087E+15,8.2731,3.39087E+15
2025-01-11 15:00:00,1.63751E+14,22.00108,1.63751E+14
2025-01-11 16:00:00,1.67911E+15,22.002,1.67911E+15
2025-01-11 17:00:00,1.37274E+15,0,1.37274E+15
2025-01-11 18:00:00,2.26236E+15,52.702,2.26236E+15
2025-01-11 19:00:00,3.23E+16,73.372,3.23E+16
2025-01-11 20:00:00,3.66026E+15,0,3.66026E+15
2025-01-11 21:00:00,2.72E+16,0,2.72E+16
2025-01-11 22:00:00,1730865380,0,1730865380
2025-01-11 23:00:00,1.22E+16,0,1.22E+16
2025-01-12 00:00:00,1.04E+16,0,1.04E+16
2025-01-12 01:00:00,1.06E+16,0,1.06E+16
2025-01-12 02:00:00,1.08E+16,0,1.08E+16
2025-01-12 03:00:00,9.28544E+15,0,9.28544E+15
2025-01-12 04:00:00,5.65589E+15,50.745,5.65589E+15
2025-01-12 05:00:00,1.23E+16,70.67,1.23E+16
2025-01-12 06:00:00,2.32E+16,73.402,2.32E+16
2025-01-12 07:00:00,3.95913E+15,73.403,3.95913E+15
2025-01-12 08:00:00,1.37829E+15,0,1.37829E+15
2025-01-12 09:00:00,1.31759E+14,0,1.31759E+14
2025-01-12 10:00:00,3.69385E+14,41.81107,3.69385E+14
2025-01-12 11:00:00,1.99369E+15,60.10337,1.99369E+15
2025-01-12 12:00:00,3.65836E+14,19.899,3.65836E+14
2025-01-12 13:00:00,1.41577E+15,14.106,1.41577E+15
2025-01-12 14:00:00,3.39087E+15,0,3.39087E+15
2025-01-12 15:00:00,1.63751E+14,0,1.63751E+14
2025-01-12 16:00:00,1.67911E+15,0,1.67911E+15
2025-01-12 17:00:00,1.37274E+15,0,1.37274E+15
2025-01-12 18:00:00,2.26236E+15,46.344,2.26236E+15
2025-01-12 19:00:00,3.23E+16,42.445,3.23E+16
2025-01-12 20:00:00,3.66026E+15,10.203,3.66026E+15
2025-01-12 21:00:00,2.72E+16,8.3259,2.72E+16
2025-01-12 22:00:00,1730865380,7.7964,1730865388
2025-01-12 23:00:00,1.22E+16,7.5537,1.22E+16
2025-01-13 00:00:00,1.04E+16,8.0597,1.04E+16
2025-01-13 01:00:00,1.06E+16,8.0595,1.06E+16
2025-01-13 02:00:00,1.08E+16,8.0593,1.08E+16
2025-01-13 03:00:00,9.28544E+15,8.0591,9.28544E+15
2025-01-13 04:00:00,5.65589E+15,8.0589,5.65589E+15
2025-01-13 05:00:00,1.23E+16,8.0586,1.23E+16
2025-01-13 06:00:00,2.32E+16,8.0584,2.32E+16
2025-01-13 07:00:00,3.95913E+15,8.0582,3.95913E+15
2025-01-13 08:00:00,1.37829E+15,8.05797,1.37829E+15
2025-01-13 09:00:00,1.31759E+14,62.319,1.31759E+14
2025-01-13 10:00:00,3.69385E+14,73.402,3.69385E+14
2025-01-13 11:00:00,1.99369E+15,73.403,1.99369E+15
2025-01-13 12:00:00,3.65836E+14,73.405,3.65836E+14
2025-01-13 13:00:00,1.41577E+15,17.913,1.41577E+15
2025-01-13 14:00:00,3.39087E+15,0,3.39087E+15
2025-01-13 15:00:00,1.63751E+14,0,1.63751E+14
2025-01-13 16:00:00,1.67911E+15,0,1.67911E+15
2025-01-13 17:00:00,1.37274E+15,0,1.37274E+15
2025-01-13 18:00:00,2.26236E+15,0,2.26236E+15
2025-01-13 19:00:00,3.23E+16,0,3.23E+16
2025-01-13 20:00:00,3.66026E+15,0,3.66026E+15
2025-01-13 21:00:00,2.72E+16,0,2.72E+16
2025-01-13 22:00:00,1730865380,0,1730865380
2025-01-13 23:00:00,1.22E+16,0,1.22E+16
2025-01-14 00:00:00,1.04E+16,0,1.04E+16
2025-01-14 01:00:00,1.06E+16,0,1.06E+16
2025-01-14 02:00:00,1.08E+16,0,1.08E+16
2025-01-14 03:00:00,9.28544E+15,0,9.28544E+15
2025-01-14 04:00:00,5.65589E+15,0,5.65589E+15
2025-01-14 05:00:00,1.23E+16,0,1.23E+16
2025-01-14 06:00:00,2.32E+16,0,2.32E+16
2025-01-14 07:00:00,3.95913E+15,0,3.95913E+15
2025-01-14 08:00:00,1.37829E+15,0,1.37829E+15
2025-01-14 09:00:00,1.31759E+14,10.035,1.31759E+14
2025-01-14 10:00:00,3.69385E+14,18.402,3.69385E+14
2025-01-14 11:00:00,1.99369E+15,8.8305,1.99369E+15
2025-01-14 12:00:00,3.65836E+14,0,3.65836E+14
2025-01-14 13:00:00,1.41577E+15,0,1.41577E+15
2025-01-14 14:00:00,3.39087E+15,0,3.39087E+15
2025-01-14 15:00:00,1.63751E+14,0,1.63751E+14
2025-01-14 16:00:00,1.67911E+15,0,1.67911E+15
2025-01-14 17:00:00,1.37274E+15,0,1.37274E+15
2025-01-14 18:00:00,2.26236E+15,0,2.26236E+15
2025-01-14 19:00:00,3.23E+16,0,3.23E+16
2025-01-14 20:00:00,3.66026E+15,0,3.66026E+15
2025-01-14 21:00:00,2.72E+16,0,2.72E+16
2025-01-14 22:00:00,1730865380,0,1730865380
2025-01-14 23:00:00,1.22E+16,0,1.22E+16
2025-01-15 00:00:00,1.04E+16,0,1.04E+16
2025-01-15 01:00:00,1.06E+16,0,1.06E+16
2025-01-15 02:00:00,1.08E+16,0,1.08E+16
2025-01-15 03:00:00,9.28544E+15,0,9.28544E+15
2025-01-15 04:00:00,5.65589E+15,0,5.65589E+15
2025-01-15 05:00:00,1.23E+16,0,1.23E+16
2025-01-15 06:00:00,2.32E+16,0,2.32E+16
2025-01-15 07:00:00,3.95913E+15,0,3.95913E+15
2025-01-15 08:00:00,1.37829E+15,0,1.37829E+15
2025-01-15 09:00:00,1.31759E+14,61.879,1.31759E+14
2025-01-15 10:00:00,3.69385E+14,77.016,3.69385E+14
2025-01-15 11:00:00,1.99369E+15,10.223,1.99369E+15
2025-01-15 12:00:00,3.65836E+14,0,3.65836E+14
2025-01-15 13:00:00,1.41577E+15,0,1.41577E+15
2025-01-15 14:00:00,3.39087E+15,0,3.39087E+15
2025-01-15 15:00:00,1.63751E+14,0,1.63751E+14
2025-01-15 16:00:00,1.67911E+15,0,1.67911E+15
2025-01-15 17:00:00,1.37274E+15,0,1.37274E+15
2025-01-15 18:00:00,2.26236E+15,0,2.26236E+15
2025-01-15 19:00:00,3.23E+16,73.368,3.23E+16
2025-01-15 20:00:00,3.66026E+15,73.401,3.66026E+15
2025-01-15 21:00:00,2.72E+16,35.48,2.72E+16
2025-01-15 22:00:00,1730865380,8.9489,1730865389
2025-01-15 23:00:00,1.22E+16,7.912,1.22E+16
2025-01-16 00:00:00,8.13927E+14,7.6542,8.13927E+14
2025-01-16 01:00:00,8.90338E+15,7.6025,8.90338E+15
2025-01-16 02:00:00,9.09441E+15,7.557,9.09441E+15
2025-01-16 03:00:00,6.80207E+15,7.5533,6.80207E+15
2025-01-16 04:00:00,6.61104E+14,7.551,6.61104E+14
2025-01-16 05:00:00,1.06E+16,7.5506,1.06E+16
2025-01-16 06:00:00,1.46342E+15,7.5505,1.46342E+15
2025-01-16 07:00:00,1.60E+16,66.303,1.60E+16
2025-01-16 08:00:00,3.35461E+15,0,3.35461E+15
2025-01-16 09:00:00,1.70427E+15,98.994,1.70427E+15
2025-01-16 10:00:00,3.02236E+15,55.011,3.02236E+15
2025-01-16 11:00:00,2.73582E+15,32.237,2.73582E+15
2025-01-16 12:00:00,1.64696E+15,22.001,1.64696E+15
2025-01-16 13:00:00,3.9277E+15,22.002,3.9277E+15
2025-01-16 14:00:00,2.51E+16,0,2.51E+16
2025-01-16 15:00:00,2.57E+16,0,2.57E+16
2025-01-16 16:00:00,2.28485E+15,0,2.28485E+15
2025-01-16 17:00:00,2.30E+16,0,2.30E+16
2025-01-16 18:00:00,2.53319E+15,45.976,2.53319E+15
2025-01-16 19:00:00,2.53319E+15,73.369,2.53319E+15
2025-01-16 20:00:00,2.20844E+15,73.354,2.20844E+15
2025-01-16 21:00:00,1.33E+16,7.8761,1.33E+16
2025-01-16 22:00:00,1.22E+16,7.7625,1.22E+16
2025-01-16 23:00:00,1.33E+16,7.649,1.33E+16
2025-01-17 00:00:00,7.94824E+15,7.6011,7.94824E+15
2025-01-17 01:00:00,8.90338E+15,7.5556,8.90338E+15
2025-01-17 02:00:00,9.09441E+15,7.5519,9.09441E+15
2025-01-17 03:00:00,6.80207E+15,7.5516,6.80207E+15
2025-01-17 04:00:00,6.61104E+14,7.5513,6.61104E+14
2025-01-17 05:00:00,1.06E+16,7.5512,1.06E+16
2025-01-17 06:00:00,1.48253E+15,25.952,1.48253E+15
2025-01-17 07:00:00,1.38701E+15,73.403,1.38701E+15
2025-01-17 08:00:00,1.60E+16,0,1.60E+16
2025-01-17 09:00:00,1.83E+16,77.008,1.83E+16
2025-01-17 10:00:00,1730865380,77.015,1730865457
2025-01-17 11:00:00,2.00E+16,31.497,2.00E+16
2025-01-17 12:00:00,2036511536,0,2036511536
2025-01-17 13:00:00,1.54E+16,0,1.54E+16
2025-01-17 14:00:00,1.55894E+15,0,1.55894E+15
2025-01-17 15:00:00,2.00E+16,0,2.00E+16
2025-01-17 16:00:00,2.19E+16,0,2.19E+16
2025-01-17 17:00:00,2.07E+16,0,2.07E+16
2025-01-17 18:00:00,2.57E+16,52.704,2.57E+16
2025-01-17 19:00:00,2.55E+16,73.379,2.55E+16
2025-01-17 20:00:00,2.13E+16,65.578,2.13E+16
2025-01-17 21:00:00,1.80728E+15,0,1.80728E+15
2025-01-17 22:00:00,1.38701E+15,0,1.38701E+15
2025-01-17 23:00:00,1.27E+16,0,1.27E+16
2025-01-18 00:00:00,1.04E+16,0,1.04E+16
2025-01-18 01:00:00,1.06E+16,0,1.06E+16
2025-01-18 02:00:00,1.08E+16,0,1.08E+16
2025-01-18 03:00:00,9.28544E+15,0,9.28544E+15
2025-01-18 04:00:00,5.65589E+15,0,5.65589E+15
2025-01-18 05:00:00,1.23E+16,55.001,1.23E+16
2025-01-18 06:00:00,2.32E+16,73.402,2.32E+16
2025-01-18 07:00:00,3.95913E+15,73.403,3.95913E+15
2025-01-18 08:00:00,1.37829E+15,0,1.37829E+15
2025-01-18 09:00:00,1.31759E+14,86.107,1.31759E+14
2025-01-18 10:00:00,3.69385E+14,55.01,3.69385E+14
2025-01-18 11:00:00,1.99369E+15,37.046,1.99369E+15
2025-01-18 12:00:00,3.65836E+14,22.001,3.65836E+14
2025-01-18 13:00:00,1.41577E+15,8.2801,1.41577E+15
2025-01-18 14:00:00,3.39087E+15,8.6551,3.39087E+15
2025-01-18 15:00:00,1.63751E+14,8.2801,1.63751E+14
2025-01-18 16:00:00,1.67911E+15,0,1.67911E+15
2025-01-18 17:00:00,1.37274E+15,0,1.37274E+15
2025-01-18 18:00:00,2.26236E+15,52.704,2.26236E+15
2025-01-18 19:00:00,3.23E+16,73.378,3.23E+16
2025-01-18 20:00:00,3.66026E+15,55.828,3.66026E+15
2025-01-18 21:00:00,2.72E+16,0,2.72E+16
2025-01-18 22:00:00,1730865380,0,1730865380
2025-01-18 23:00:00,1.22E+16,0,1.22E+16
2025-01-19 00:00:00,1.04E+16,0,1.04E+16
2025-01-19 01:00:00,1.06E+16,0,1.06E+16
2025-01-19 02:00:00,1.08E+16,0,1.08E+16
2025-01-19 03:00:00,9.28544E+15,0,9.28544E+15
2025-01-19 04:00:00,5.65589E+15,0,5.65589E+15
2025-01-19 05:00:00,1.23E+16,73.401,1.23E+16
2025-01-19 06:00:00,2.32E+16,73.402,2.32E+16
2025-01-19 07:00:00,3.95913E+15,73.403,3.95913E+15
2025-01-19 08:00:00,1.37829E+15,0,1.37829E+15
2025-01-19 09:00:00,1.31759E+14,54.54137,1.31759E+14
2025-01-19 10:00:00,3.69385E+14,77.013,3.69385E+14
2025-01-19 11:00:00,1.99369E+15,48.849,1.99369E+15
2025-01-19 12:00:00,3.65836E+14,0,3.65836E+14
2025-01-19 13:00:00,1.41577E+15,0,1.41577E+15
2025-01-19 14:00:00,3.39087E+15,0,3.39087E+15
2025-01-19 15:00:00,1.63751E+14,0,1.63751E+14
2025-01-19 16:00:00,1.67911E+15,0,1.67911E+15
2025-01-19 17:00:00,1.37274E+15,0,1.37274E+15
2025-01-19 18:00:00,2.26236E+15,52.703,2.26236E+15
2025-01-19 19:00:00,3.23E+16,73.374,3.23E+16
2025-01-19 20:00:00,3.66026E+15,73.343,3.66026E+15
2025-01-19 21:00:00,2.72E+16,9.09,2.72E+16
2025-01-19 22:00:00,1730865380,7.6172,1730865388
2025-01-19 23:00:00,1.22E+16,7.5541,1.22E+16
2025-01-20 00:00:00,1.04E+16,7.5528,1.04E+16
2025-01-20 01:00:00,1.06E+16,7.552,1.06E+16
2025-01-20 02:00:00,1.08E+16,7.5517,1.08E+16
2025-01-20 03:00:00,9.28544E+15,7.5515,9.28544E+15
2025-01-20 04:00:00,5.65589E+15,8.0644,5.65589E+15
2025-01-20 05:00:00,1.23E+16,8.0641,1.23E+16
2025-01-20 06:00:00,2.32E+16,8.0639,2.32E+16
2025-01-20 07:00:00,3.95913E+15,8.0636,3.95913E+15
2025-01-20 08:00:00,1.37829E+15,8.0633,1.37829E+15
2025-01-20 09:00:00,1.31759E+14,42.504,1.31759E+14
2025-01-20 10:00:00,3.69385E+14,70.45376,3.69385E+14
2025-01-20 11:00:00,1.99369E+15,73.405,1.99369E+15
2025-01-20 12:00:00,3.65836E+14,73.407,3.65836E+14
2025-01-20 13:00:00,1.41577E+15,0,1.41577E+15
2025-01-20 14:00:00,3.39087E+15,0,3.39087E+15
2025-01-20 15:00:00,1.63751E+14,0,1.63751E+14
2025-01-20 16:00:00,1.67911E+15,0,1.67911E+15
2025-01-20 17:00:00,1.37274E+15,0,1.37274E+15
2025-01-20 18:00:00,2.26236E+15,0,2.26236E+15
2025-01-20 19:00:00,3.23E+16,0,3.23E+16
2025-01-20 20:00:00,3.66026E+15,0,3.66026E+15
2025-01-20 21:00:00,2.72E+16,0,2.72E+16
2025-01-20 22:00:00,1730865380,0,1730865380
2025-01-20 23:00:00,1.22E+16,0,1.22E+16
2025-01-21 00:00:00,1.04E+16,0,1.04E+16
2025-01-21 01:00:00,1.06E+16,0,1.06E+16
2025-01-21 02:00:00,1.08E+16,0,1.08E+16
2025-01-21 03:00:00,9.28544E+15,0,9.28544E+15
2025-01-21 04:00:00,5.65589E+15,0,5.65589E+15
2025-01-21 05:00:00,1.23E+16,0,1.23E+16
2025-01-21 06:00:00,2.32E+16,0,2.32E+16
2025-01-21 07:00:00,3.95913E+15,0,3.95913E+15
2025-01-21 08:00:00,1.37829E+15,0,1.37829E+15
2025-01-21 09:00:00,1.31759E+14,0,1.31759E+14
2025-01-21 10:00:00,3.69385E+14,0,3.69385E+14
2025-01-21 11:00:00,1.99369E+15,0,1.99369E+15
2025-01-21 12:00:00,3.65836E+14,0,3.65836E+14
2025-01-21 13:00:00,1.41577E+15,0,1.41577E+15
2025-01-21 14:00:00,3.39087E+15,0,3.39087E+15
2025-01-21 15:00:00,1.63751E+14,0,1.63751E+14
2025-01-21 16:00:00,1.67911E+15,0,1.67911E+15
2025-01-21 17:00:00,1.37274E+15,0,1.37274E+15
2025-01-21 18:00:00,2.26236E+15,0,2.26236E+15
2025-01-21 19:00:00,3.23E+16,0,3.23E+16
2025-01-21 20:00:00,3.66026E+15,0,3.66026E+15
2025-01-21 21:00:00,2.72E+16,0,2.72E+16
2025-01-21 22:00:00,1730865380,0,1730865380
2025-01-21 23:00:00,1.22E+16,0,1.22E+16
2025-01-22 00:00:00,1.04E+16,0,1.04E+16
2025-01-22 01:00:00,1.06E+16,0,1.06E+16
2025-01-22 02:00:00,1.08E+16,0,1.08E+16
2025-01-22 03:00:00,9.28544E+15,0,9.28544E+15
2025-01-22 04:00:00,5.65589E+15,0,5.65589E+15
2025-01-22 05:00:00,1.23E+16,0,1.23E+16
2025-01-22 06:00:00,2.32E+16,0,2.32E+16
2025-01-22 07:00:00,3.95913E+15,0,3.95913E+15
2025-01-22 08:00:00,1.37829E+15,0,1.37829E+15
2025-01-22 09:00:00,1.31759E+14,77.01,1.31759E+14
2025-01-22 10:00:00,3.69385E+14,60.745,3.69385E+14
2025-01-22 11:00:00,1.99369E+15,10.236,1.99369E+15
2025-01-22 12:00:00,3.65836E+14,0,3.65836E+14
2025-01-22 13:00:00,1.41577E+15,0,1.41577E+15
2025-01-22 14:00:00,3.39087E+15,0,3.39087E+15
2025-01-22 15:00:00,1.63751E+14,0,1.63751E+14
2025-01-22 16:00:00,1.67911E+15,0,1.67911E+15
2025-01-22 17:00:00,1.37274E+15,0,1.37274E+15
2025-01-22 18:00:00,2.26236E+15,0,2.26236E+15
2025-01-22 19:00:00,3.23E+16,73.345,3.23E+16
2025-01-22 20:00:00,3.66026E+15,73.401,3.66026E+15
2025-01-22 21:00:00,2.72E+16,42.546,2.72E+16
2025-01-22 22:00:00,1730865380,10.957,1730865391
2025-01-22 23:00:00,1.22E+16,7.837,1.22E+16
2025-01-23 00:00:00,8.13927E+14,7.6576,8.13927E+14
2025-01-23 01:00:00,8.90338E+15,7.5508,8.90338E+15
2025-01-23 02:00:00,9.09441E+15,8.0602,9.09441E+15
2025-01-23 03:00:00,6.80207E+15,8.0599,6.80207E+15
2025-01-23 04:00:00,6.61104E+14,8.0597,6.61104E+14
2025-01-23 05:00:00,1.06E+16,8.0594,1.06E+16
2025-01-23 06:00:00,1.46342E+15,8.0591,1.46342E+15
2025-01-23 07:00:00,1.60E+16,34.678,1.60E+16
2025-01-23 08:00:00,3.35461E+15,0,3.35461E+15
2025-01-23 09:00:00,1.70427E+15,40.903,1.70427E+15
2025-01-23 10:00:00,3.02236E+15,42.083,3.02236E+15
2025-01-23 11:00:00,2.73582E+15,27.791,2.73582E+15
2025-01-23 12:00:00,1.64696E+15,43.117,1.64696E+15
2025-01-23 13:00:00,3.9277E+15,30.236,3.9277E+15
2025-01-23 14:00:00,2.51E+16,22.001,2.51E+16
2025-01-23 15:00:00,2.57E+16,12.663,2.57E+16
2025-01-23 16:00:00,2.28485E+15,0,2.28485E+15
2025-01-23 17:00:00,2.30E+16,0,2.30E+16
2025-01-23 18:00:00,2.53319E+15,45.977,2.53319E+15
2025-01-23 19:00:00,2.53319E+15,73.371,2.53319E+15
2025-01-23 20:00:00,2.20844E+15,73.269,2.20844E+15
2025-01-23 21:00:00,1.33E+16,7.037,1.33E+16
2025-01-23 22:00:00,1.22E+16,7.6383,1.22E+16
2025-01-23 23:00:00,1.33E+16,7.6381,1.33E+16
2025-01-24 00:00:00,7.94824E+15,7.6379,7.94824E+15
2025-01-24 01:00:00,8.90338E+15,7.6376,8.90338E+15
2025-01-24 02:00:00,9.09441E+15,7.6374,9.09441E+15
2025-01-24 03:00:00,6.80207E+15,7.6372,6.80207E+15
2025-01-24 04:00:00,6.61104E+14,7.637,6.61104E+14
2025-01-24 05:00:00,1.06E+16,24.99,1.06E+16
2025-01-24 06:00:00,1.48253E+15,25.92,1.48253E+15
2025-01-24 07:00:00,1.38701E+15,73.403,1.38701E+15
2025-01-24 08:00:00,1.60E+16,0,1.60E+16
2025-01-24 09:00:00,1.83E+16,6.8963,1.83E+16
2025-01-24 10:00:00,1730865380,45.81639,1730865426
2025-01-24 11:00:00,2.00E+16,74.75794,2.00E+16
2025-01-24 12:00:00,2036511536,19.012,2036511555
2025-01-24 13:00:00,1.54E+16,0,1.54E+16
2025-01-24 14:00:00,1.55894E+15,0,1.55894E+15
2025-01-24 15:00:00,2.00E+16,0,2.00E+16
2025-01-24 16:00:00,2.19E+16,0,2.19E+16
2025-01-24 17:00:00,2.07E+16,0,2.07E+16
2025-01-24 18:00:00,2.57E+16,52.703,2.57E+16
2025-01-24 19:00:00,2.55E+16,59.663,2.55E+16
2025-01-24 20:00:00,2.13E+16,0,2.13E+16
2025-01-24 21:00:00,1.80728E+15,0,1.80728E+15
2025-01-24 22:00:00,1.38701E+15,0,1.38701E+15
2025-01-24 23:00:00,1.27E+16,0,1.27E+16
2025-01-25 00:00:00,1.04E+16,0,1.04E+16
2025-01-25 01:00:00,1.06E+16,0,1.06E+16
2025-01-25 02:00:00,1.08E+16,0,1.08E+16
2025-01-25 03:00:00,9.28544E+15,0,9.28544E+15
2025-01-25 04:00:00,5.65589E+15,54.97,5.65589E+15
2025-01-25 05:00:00,1.23E+16,73.383,1.23E+16
2025-01-25 06:00:00,2.32E+16,73.402,2.32E+16
2025-01-25 07:00:00,3.95913E+15,73.403,3.95913E+15
2025-01-25 08:00:00,1.37829E+15,0,1.37829E+15
2025-01-25 09:00:00,1.31759E+14,0,1.31759E+14
2025-01-25 10:00:00,3.69385E+14,0,3.69385E+14
2025-01-25 11:00:00,1.99369E+15,6.8963,1.99369E+15
2025-01-25 12:00:00,3.65836E+14,49.583,3.65836E+14
2025-01-25 13:00:00,1.41577E+15,44.787,1.41577E+15
2025-01-25 14:00:00,3.39087E+15,49.263,3.39087E+15
2025-01-25 15:00:00,1.63751E+14,28.9,1.63751E+14
2025-01-25 16:00:00,1.67911E+15,22.00109,1.67911E+15
2025-01-25 17:00:00,1.37274E+15,0,1.37274E+15
2025-01-25 18:00:00,2.26236E+15,0,2.26236E+15
2025-01-25 19:00:00,3.23E+16,7.5641,3.23E+16
2025-01-25 20:00:00,3.66026E+15,7.5554,3.66026E+15
2025-01-25 21:00:00,2.72E+16,7.5529,2.72E+16
2025-01-25 22:00:00,1730865380,7.5527,1730865388
2025-01-25 23:00:00,1.22E+16,7.5527,1.22E+16
2025-01-26 00:00:00,1.04E+16,7.5526,1.04E+16
2025-01-26 01:00:00,1.06E+16,7.5526,1.06E+16
2025-01-26 02:00:00,1.08E+16,7.5526,1.08E+16
2025-01-26 03:00:00,9.28544E+15,25.95,9.28544E+15
2025-01-26 04:00:00,5.65589E+15,73.369,5.65589E+15
2025-01-26 05:00:00,1.23E+16,73.335,1.23E+16
2025-01-26 06:00:00,2.32E+16,73.402,2.32E+16
2025-01-26 07:00:00,3.95913E+15,73.403,3.95913E+15
2025-01-26 08:00:00,1.37829E+15,0,1.37829E+15
2025-01-26 09:00:00,1.31759E+14,26.1739,1.31759E+14
2025-01-26 10:00:00,3.69385E+14,57.44937,3.69385E+14
2025-01-26 11:00:00,1.99369E+15,77.012,1.99369E+15
2025-01-26 12:00:00,3.65836E+14,49.12303,3.65836E+14
2025-01-26 13:00:00,1.41577E+15,9.257,1.41577E+15
2025-01-26 14:00:00,3.39087E+15,0,3.39087E+15
2025-01-26 15:00:00,1.63751E+14,0,1.63751E+14
2025-01-26 16:00:00,1.67911E+15,0,1.67911E+15
2025-01-26 17:00:00,1.37274E+15,0,1.37274E+15
2025-01-26 18:00:00,2.26236E+15,52.705,2.26236E+15
2025-01-26 19:00:00,3.23E+16,73.381,3.23E+16
2025-01-26 20:00:00,3.66026E+15,47.19,3.66026E+15
2025-01-26 21:00:00,2.72E+16,12.315,2.72E+16
2025-01-26 22:00:00,1730865380,8.943,1730865389
2025-01-26 23:00:00,1.22E+16,7.9216,1.22E+16
2025-01-27 00:00:00,1.04E+16,7.6633,1.04E+16
2025-01-27 01:00:00,1.06E+16,7.5532,1.06E+16
2025-01-27 02:00:00,1.08E+16,8.0627,1.08E+16
2025-01-27 03:00:00,9.28544E+15,8.0625,9.28544E+15
2025-01-27 04:00:00,5.65589E+15,8.0623,5.65589E+15
2025-01-27 05:00:00,1.23E+16,8.062,1.23E+16
2025-01-27 06:00:00,2.32E+16,8.0618,2.32E+16
2025-01-27 07:00:00,3.95913E+15,8.0616,3.95913E+15
2025-01-27 08:00:00,1.37829E+15,15.5119,1.37829E+15
2025-01-27 09:00:00,1.31759E+14,70.58359,1.31759E+14
2025-01-27 10:00:00,3.69385E+14,73.403,3.69385E+14
2025-01-27 11:00:00,1.99369E+15,73.405,1.99369E+15
2025-01-27 12:00:00,3.65836E+14,73.406,3.65836E+14
2025-01-27 13:00:00,1.41577E+15,13.077,1.41577E+15
2025-01-27 14:00:00,3.39087E+15,0,3.39087E+15
2025-01-27 15:00:00,1.63751E+14,0,1.63751E+14
2025-01-27 16:00:00,1.67911E+15,0,1.67911E+15
2025-01-27 17:00:00,1.37274E+15,0,1.37274E+15
2025-01-27 18:00:00,2.26236E+15,0,2.26236E+15
2025-01-27 19:00:00,3.23E+16,0,3.23E+16
2025-01-27 20:00:00,3.66026E+15,0,3.66026E+15
2025-01-27 21:00:00,2.72E+16,0,2.72E+16
2025-01-27 22:00:00,1730865380,0,1730865380
2025-01-27 23:00:00,1.22E+16,0,1.22E+16
2025-01-28 00:00:00,1.04E+16,0,1.04E+16
2025-01-28 01:00:00,1.06E+16,0,1.06E+16
2025-01-28 02:00:00,1.08E+16,0,1.08E+16
2025-01-28 03:00:00,9.28544E+15,0,9.28544E+15
2025-01-28 04:00:00,5.65589E+15,0,5.65589E+15
2025-01-28 05:00:00,1.23E+16,0,1.23E+16
2025-01-28 06:00:00,2.32E+16,0,2.32E+16
2025-01-28 07:00:00,3.95913E+15,0,3.95913E+15
2025-01-28 08:00:00,1.37829E+15,0,1.37829E+15
2025-01-28 09:00:00,1.31759E+14,5.52,1.31759E+14
2025-01-28 10:00:00,3.69385E+14,0,3.69385E+14
2025-01-28 11:00:00,1.99369E+15,0,1.99369E+15
2025-01-28 12:00:00,3.65836E+14,0,3.65836E+14
2025-01-28 13:00:00,1.41577E+15,0,1.41577E+15
2025-01-28 14:00:00,3.39087E+15,0,3.39087E+15
2025-01-28 15:00:00,1.63751E+14,0,1.63751E+14
2025-01-28 16:00:00,1.67911E+15,0,1.67911E+15
2025-01-28 17:00:00,1.37274E+15,0,1.37274E+15
2025-01-28 18:00:00,2.26236E+15,0,2.26236E+15
2025-01-28 19:00:00,3.23E+16,0,3.23E+16
2025-01-28 20:00:00,3.66026E+15,0,3.66026E+15
2025-01-28 21:00:00,2.72E+16,0,2.72E+16
2025-01-28 22:00:00,1730865380,0,1730865380
2025-01-28 23:00:00,1.22E+16,0,1.22E+16
2025-01-29 00:00:00,1.04E+16,0,1.04E+16
2025-01-29 01:00:00,1.06E+16,0,1.06E+16
2025-01-29 02:00:00,1.08E+16,0,1.08E+16
2025-01-29 03:00:00,9.28544E+15,0,9.28544E+15
2025-01-29 04:00:00,5.65589E+15,0,5.65589E+15
2025-01-29 05:00:00,1.23E+16,0,1.23E+16
2025-01-29 06:00:00,2.32E+16,0,2.32E+16
2025-01-29 07:00:00,3.95913E+15,0,3.95913E+15
2025-01-29 08:00:00,1.37829E+15,0,1.37829E+15
2025-01-29 09:00:00,1.31759E+14,77.01,1.31759E+14
2025-01-29 10:00:00,3.69385E+14,61.358,3.69385E+14
2025-01-29 11:00:00,1.99369E+15,10.223,1.99369E+15
2025-01-29 12:00:00,3.65836E+14,0,3.65836E+14
2025-01-29 13:00:00,1.41577E+15,0,1.41577E+15
2025-01-29 14:00:00,3.39087E+15,0,3.39087E+15
2025-01-29 15:00:00,1.63751E+14,0,1.63751E+14
2025-01-29 16:00:00,1.67911E+15,0,1.67911E+15
2025-01-29 17:00:00,1.37274E+15,0,1.37274E+15
2025-01-29 18:00:00,2.26236E+15,0,2.26236E+15
2025-01-29 19:00:00,3.23E+16,73.339,3.23E+16
2025-01-29 20:00:00,3.66026E+15,73.401,3.66026E+15
2025-01-29 21:00:00,2.72E+16,42.545,2.72E+16
2025-01-29 22:00:00,1730865380,10.948,1730865391
2025-01-29 23:00:00,1.22E+16,7.8301,1.22E+16
2025-01-30 00:00:00,8.13927E+14,7.6508,8.13927E+14
2025-01-30 01:00:00,8.90338E+15,7.6031,8.90338E+15
2025-01-30 02:00:00,9.09441E+15,7.5575,9.09441E+15
2025-01-30 03:00:00,6.80207E+15,7.5538,6.80207E+15
2025-01-30 04:00:00,6.61104E+14,7.5515,6.61104E+14
2025-01-30 05:00:00,1.06E+16,7.5506,1.06E+16
2025-01-30 06:00:00,1.46342E+15,7.5503,1.46342E+15
2025-01-30 07:00:00,1.60E+16,38.861,1.60E+16
2025-01-30 08:00:00,3.35461E+15,0,3.35461E+15
2025-01-30 09:00:00,1.70427E+15,99.004,1.70427E+15
2025-01-30 10:00:00,3.02236E+15,82.746,3.02236E+15
2025-01-30 11:00:00,2.73582E+15,32.237,2.73582E+15
2025-01-30 12:00:00,1.64696E+15,22.001,1.64696E+15
2025-01-30 13:00:00,3.9277E+15,22.001,3.9277E+15
2025-01-30 14:00:00,2.51E+16,22.002,2.51E+16
2025-01-30 15:00:00,2.57E+16,0,2.57E+16
2025-01-30 16:00:00,2.28485E+15,0,2.28485E+15
2025-01-30 17:00:00,2.30E+16,0,2.30E+16
2025-01-30 18:00:00,2.53319E+15,45.976,2.53319E+15
2025-01-30 19:00:00,2.53319E+15,73.367,2.53319E+15
2025-01-30 20:00:00,2.20844E+15,73.352,2.20844E+15
2025-01-30 21:00:00,1.33E+16,7.7252,1.33E+16
2025-01-30 22:00:00,1.22E+16,7.6081,1.22E+16
2025-01-30 23:00:00,1.33E+16,7.556,1.33E+16
2025-01-31 00:00:00,7.94824E+15,7.5523,7.94824E+15
2025-01-31 01:00:00,8.90338E+15,7.552,8.90338E+15
2025-01-31 02:00:00,9.09441E+15,7.5517,9.09441E+15
2025-01-31 03:00:00,6.80207E+15,7.5515,6.80207E+15
2025-01-31 04:00:00,6.61104E+14,7.5514,6.61104E+14
2025-01-31 05:00:00,1.06E+16,8.0641,1.06E+16
2025-01-31 06:00:00,1.48253E+15,26.464,1.48253E+15
2025-01-31 07:00:00,1.38701E+15,73.403,1.38701E+15
2025-01-31 08:00:00,1.60E+16,16.56,1.60E+16
2025-01-31 09:00:00,1.83E+16,77.01,1.83E+16
2025-01-31 10:00:00,1730865380,33.011,1730865413
2025-01-31 11:00:00,2.00E+16,10.236,2.00E+16
2025-01-31 12:00:00,2036511536,0,2036511536
2025-01-31 13:00:00,1.54E+16,0,1.54E+16
2025-01-31 14:00:00,1.55894E+15,0,1.55894E+15
2025-01-31 15:00:00,2.00E+16,0,2.00E+16
2025-01-31 16:00:00,2.19E+16,0,2.19E+16
2025-01-31 17:00:00,2.07E+16,0,2.07E+16
2025-01-31 18:00:00,2.57E+16,52.704,2.57E+16
2025-01-31 19:00:00,2.55E+16,73.378,2.55E+16
2025-01-31 20:00:00,2.13E+16,66.788,2.13E+16
2025-01-31 21:00:00,1.80728E+15,0,1.80728E+15
2025-01-31 22:00:00,1.38701E+15,6.9465,1.38701E+15
2025-01-31 23:00:00,1.27E+16,6.9463,1.27E+16
2025-02-01 00:00:00,1.04E+16,6.9461,1.04E+16
2025-02-01 01:00:00,1.06E+16,6.946,1.06E+16
2025-02-01 02:00:00,1.08E+16,6.9458,1.08E+16
2025-02-01 03:00:00,9.28544E+15,6.9456,9.28544E+15
2025-02-01 04:00:00,5.65589E+15,6.9454,5.65589E+15
2025-02-01 05:00:00,1.23E+16,6.9452,1.23E+16
2025-02-01 06:00:00,2.32E+16,73.402,2.32E+16
2025-02-01 07:00:00,3.95913E+15,73.403,3.95913E+15
2025-02-01 08:00:00,1.37829E+15,0,1.37829E+15
2025-02-01 09:00:00,1.31759E+14,35.6966,1.31759E+14
2025-02-01 10:00:00,3.69385E+14,57.282,3.69385E+14
2025-02-01 11:00:00,1.99369E+15,97.428,1.99369E+15
2025-02-01 12:00:00,3.65836E+14,22.001,3.65836E+14
2025-02-01 13:00:00,1.41577E+15,22.001,1.41577E+15
2025-02-01 14:00:00,3.39087E+15,22.002,3.39087E+15
2025-02-01 15:00:00,1.63751E+14,19.197,1.63751E+14
2025-02-01 16:00:00,1.67911E+15,0,1.67911E+15
2025-02-01 17:00:00,1.37274E+15,0,1.37274E+15
2025-02-01 18:00:00,2.26236E+15,52.704,2.26236E+15
2025-02-01 19:00:00,3.23E+16,73.379,3.23E+16
2025-02-01 20:00:00,3.66026E+15,66.282,3.66026E+15
2025-02-01 21:00:00,2.72E+16,0,2.72E+16
2025-02-01 22:00:00,1730865380,0,1730865380
2025-02-01 23:00:00,1.22E+16,0,1.22E+16
2025-02-02 00:00:00,1.04E+16,0,1.04E+16
2025-02-02 01:00:00,1.06E+16,0,1.06E+16
2025-02-02 02:00:00,1.08E+16,0,1.08E+16
2025-02-02 03:00:00,9.28544E+15,0,9.28544E+15
2025-02-02 04:00:00,5.65589E+15,0,5.65589E+15
2025-02-02 05:00:00,1.23E+16,72.897,1.23E+16
2025-02-02 06:00:00,2.32E+16,73.402,2.32E+16
2025-02-02 07:00:00,3.95913E+15,73.403,3.95913E+15
2025-02-02 08:00:00,1.37829E+15,16.56,1.37829E+15
2025-02-02 09:00:00,1.31759E+14,77.009,1.31759E+14
2025-02-02 10:00:00,3.69385E+14,33.008,3.69385E+14
2025-02-02 11:00:00,1.99369E+15,23.08,1.99369E+15
2025-02-02 12:00:00,3.65836E+14,0,3.65836E+14
2025-02-02 13:00:00,1.41577E+15,0,1.41577E+15
2025-02-02 14:00:00,3.39087E+15,0,3.39087E+15
2025-02-02 15:00:00,1.63751E+14,0,1.63751E+14
2025-02-02 16:00:00,1.67911E+15,0,1.67911E+15
2025-02-02 17:00:00,1.37274E+15,0,1.37274E+15
2025-02-02 18:00:00,2.26236E+15,52.702,2.26236E+15
2025-02-02 19:00:00,3.23E+16,73.372,3.23E+16
2025-02-02 20:00:00,3.66026E+15,73.359,3.66026E+15
2025-02-02 21:00:00,2.72E+16,9.7526,2.72E+16
2025-02-02 22:00:00,1730865380,8.2111,1730865388
2025-02-02 23:00:00,1.22E+16,7.6888,1.22E+16
2025-02-03 00:00:00,1.04E+16,7.5699,1.04E+16
2025-02-03 01:00:00,1.06E+16,7.5601,1.06E+16
2025-02-03 02:00:00,1.08E+16,7.5535,1.08E+16
2025-02-03 03:00:00,9.28544E+15,7.5525,9.28544E+15
2025-02-03 04:00:00,5.65589E+15,7.5518,5.65589E+15
2025-02-03 05:00:00,1.23E+16,7.5516,1.23E+16
2025-02-03 06:00:00,2.32E+16,7.5515,2.32E+16
2025-02-03 07:00:00,3.95913E+15,7.5514,3.95913E+15
2025-02-03 08:00:00,1.37829E+15,18.6326,1.37829E+15
2025-02-03 09:00:00,1.31759E+14,58.01619,1.31759E+14
2025-02-03 10:00:00,3.69385E+14,44.89172,3.69385E+14
2025-02-03 11:00:00,1.99369E+15,43.68984,1.99369E+15
2025-02-03 12:00:00,3.65836E+14,49.13354,3.65836E+14
2025-02-03 13:00:00,1.41577E+15,55.64789,1.41577E+15
2025-02-03 14:00:00,3.39087E+15,12.442,3.39087E+15
2025-02-03 15:00:00,1.63751E+14,0,1.63751E+14
2025-02-03 16:00:00,1.67911E+15,0,1.67911E+15
2025-02-03 17:00:00,1.37274E+15,0,1.37274E+15
2025-02-03 18:00:00,2.26236E+15,0,2.26236E+15
2025-02-03 19:00:00,3.23E+16,0,3.23E+16
2025-02-03 20:00:00,3.66026E+15,0,3.66026E+15
2025-02-03 21:00:00,2.72E+16,0,2.72E+16
2025-02-03 22:00:00,1730865380,0,1730865380
2025-02-03 23:00:00,1.22E+16,0,1.22E+16
2025-02-04 00:00:00,1.04E+16,0,1.04E+16
2025-02-04 01:00:00,1.06E+16,0,1.06E+16
2025-02-04 02:00:00,1.08E+16,0,1.08E+16
2025-02-04 03:00:00,9.28544E+15,0,9.28544E+15
2025-02-04 04:00:00,5.65589E+15,0,5.65589E+15
2025-02-04 05:00:00,1.23E+16,0,1.23E+16
2025-02-04 06:00:00,2.32E+16,0,2.32E+16
2025-02-04 07:00:00,3.95913E+15,0,3.95913E+15
2025-02-04 08:00:00,1.37829E+15,0,1.37829E+15
2025-02-04 09:00:00,1.31759E+14,0,1.31759E+14
2025-02-04 10:00:00,3.69385E+14,0,3.69385E+14
2025-02-04 11:00:00,1.99369E+15,0,1.99369E+15
2025-02-04 12:00:00,3.65836E+14,0,3.65836E+14
2025-02-04 13:00:00,1.41577E+15,0,1.41577E+15
2025-02-04 14:00:00,3.39087E+15,0,3.39087E+15
2025-02-04 15:00:00,1.63751E+14,0,1.63751E+14
2025-02-04 16:00:00,1.67911E+15,0,1.67911E+15
2025-02-04 17:00:00,1.37274E+15,0,1.37274E+15
2025-02-04 18:00:00,2.26236E+15,0,2.26236E+15
2025-02-04 19:00:00,3.23E+16,0,3.23E+16
2025-02-04 20:00:00,3.66026E+15,0,3.66026E+15
2025-02-04 21:00:00,2.72E+16,0,2.72E+16
2025-02-04 22:00:00,1730865380,0,1730865380
2025-02-04 23:00:00,1.22E+16,0,1.22E+16
2025-02-05 00:00:00,1.04E+16,0,1.04E+16
2025-02-05 01:00:00,1.06E+16,0,1.06E+16
2025-02-05 02:00:00,1.08E+16,0,1.08E+16
2025-02-05 03:00:00,9.28544E+15,0,9.28544E+15
2025-02-05 04:00:00,5.65589E+15,0,5.65589E+15
2025-02-05 05:00:00,1.23E+16,0,1.23E+16
2025-02-05 06:00:00,2.32E+16,0,2.32E+16
2025-02-05 07:00:00,3.95913E+15,0,3.95913E+15
2025-02-05 08:00:00,1.37829E+15,0,1.37829E+15
2025-02-05 09:00:00,1.31759E+14,77.009,1.31759E+14
2025-02-05 10:00:00,3.69385E+14,26.42,3.69385E+14
2025-02-05 11:00:00,1.99369E+15,0,1.99369E+15
2025-02-05 12:00:00,3.65836E+14,0,3.65836E+14
2025-02-05 13:00:00,1.41577E+15,0,1.41577E+15
2025-02-05 14:00:00,3.39087E+15,0,3.39087E+15
2025-02-05 15:00:00,1.63751E+14,0,1.63751E+14
2025-02-05 16:00:00,1.67911E+15,0,1.67911E+15
2025-02-05 17:00:00,1.37274E+15,0,1.37274E+15
2025-02-05 18:00:00,2.26236E+15,0,2.26236E+15
2025-02-05 19:00:00,3.23E+16,73.355,3.23E+16
2025-02-05 20:00:00,3.66026E+15,73.401,3.66026E+15
2025-02-05 21:00:00,2.72E+16,36.132,2.72E+16
2025-02-05 22:00:00,1730865380,9.1412,1730865389
2025-02-05 23:00:00,1.22E+16,8.0941,1.22E+16
2025-02-06 00:00:00,8.13927E+14,7.5969,8.13927E+14
2025-02-06 01:00:00,8.90338E+15,7.5649,8.90338E+15
2025-02-06 02:00:00,9.09441E+15,7.5578,9.09441E+15
2025-02-06 03:00:00,6.80207E+15,7.5511,6.80207E+15
2025-02-06 04:00:00,6.61104E+14,7.5508,6.61104E+14
2025-02-06 05:00:00,1.06E+16,7.5506,1.06E+16
2025-02-06 06:00:00,1.46342E+15,7.5505,1.46342E+15
2025-02-06 07:00:00,1.60E+16,41.45,1.60E+16
2025-02-06 08:00:00,3.35461E+15,0,3.35461E+15
2025-02-06 09:00:00,1.70427E+15,99.007,1.70427E+15
2025-02-06 10:00:00,3.02236E+15,99.013,3.02236E+15
2025-02-06 11:00:00,2.73582E+15,67.534,2.73582E+15
2025-02-06 12:00:00,1.64696E+15,22.002,1.64696E+15
2025-02-06 13:00:00,3.9277E+15,22.003,3.9277E+15
2025-02-06 14:00:00,2.51E+16,0,2.51E+16
2025-02-06 15:00:00,2.57E+16,0,2.57E+16
2025-02-06 16:00:00,2.28485E+15,0,2.28485E+15
2025-02-06 17:00:00,2.30E+16,0,2.30E+16
2025-02-06 18:00:00,2.53319E+15,45.976,2.53319E+15
2025-02-06 19:00:00,2.53319E+15,73.367,2.53319E+15
2025-02-06 20:00:00,2.20844E+15,73.353,2.20844E+15
2025-02-06 21:00:00,1.33E+16,10.462,1.33E+16
2025-02-06 22:00:00,1.22E+16,7.6658,1.22E+16
2025-02-06 23:00:00,1.33E+16,7.5747,1.33E+16
2025-02-07 00:00:00,7.94824E+15,7.5566,7.94824E+15
2025-02-07 01:00:00,8.90338E+15,7.5538,8.90338E+15
2025-02-07 02:00:00,9.09441E+15,7.5529,9.09441E+15
2025-02-07 03:00:00,6.80207E+15,7.5521,6.80207E+15
2025-02-07 04:00:00,6.61104E+14,7.5519,6.61104E+14
2025-02-07 05:00:00,1.06E+16,7.5516,1.06E+16
2025-02-07 06:00:00,1.48253E+15,25.952,1.48253E+15
2025-02-07 07:00:00,1.38701E+15,73.403,1.38701E+15
2025-02-07 08:00:00,1.60E+16,22.232,1.60E+16
2025-02-07 09:00:00,1.83E+16,77.01,1.83E+16
2025-02-07 10:00:00,1730865380,33.011,1730865413
2025-02-07 11:00:00,2.00E+16,10.236,2.00E+16
2025-02-07 12:00:00,2036511536,0,2036511536
2025-02-07 13:00:00,1.54E+16,0,1.54E+16
2025-02-07 14:00:00,1.55894E+15,0,1.55894E+15
2025-02-07 15:00:00,2.00E+16,0,2.00E+16
2025-02-07 16:00:00,2.19E+16,0,2.19E+16
2025-02-07 17:00:00,2.07E+16,0,2.07E+16
2025-02-07 18:00:00,2.57E+16,52.704,2.57E+16
2025-02-07 19:00:00,2.55E+16,73.377,2.55E+16
2025-02-07 20:00:00,2.13E+16,70.048,2.13E+16
2025-02-07 21:00:00,1.80728E+15,0,1.80728E+15
2025-02-07 22:00:00,1.38701E+15,7.2976,1.38701E+15
2025-02-07 23:00:00,1.27E+16,7.2974,1.27E+16
2025-02-08 00:00:00,1.04E+16,7.2972,1.04E+16
2025-02-08 01:00:00,1.06E+16,7.297,1.06E+16
2025-02-08 02:00:00,1.08E+16,7.2968,1.08E+16
2025-02-08 03:00:00,9.28544E+15,7.2966,9.28544E+15
2025-02-08 04:00:00,5.65589E+15,7.2964,5.65589E+15
2025-02-08 05:00:00,1.23E+16,7.2962,1.23E+16
2025-02-08 06:00:00,2.32E+16,73.402,2.32E+16
2025-02-08 07:00:00,3.95913E+15,73.403,3.95913E+15
2025-02-08 08:00:00,1.37829E+15,0,1.37829E+15
2025-02-08 09:00:00,1.31759E+14,44.991,1.31759E+14
2025-02-08 10:00:00,3.69385E+14,72.116,3.69385E+14
2025-02-08 11:00:00,1.99369E+15,81.745,1.99369E+15
2025-02-08 12:00:00,3.65836E+14,22.001,3.65836E+14
2025-02-08 13:00:00,1.41577E+15,22.002,1.41577E+15
2025-02-08 14:00:00,3.39087E+15,22.003,3.39087E+15
2025-02-08 15:00:00,1.63751E+14,0,1.63751E+14
2025-02-08 16:00:00,1.67911E+15,0,1.67911E+15
2025-02-08 17:00:00,1.37274E+15,0,1.37274E+15
2025-02-08 18:00:00,2.26236E+15,52.703,2.26236E+15
2025-02-08 19:00:00,3.23E+16,73.377,3.23E+16
2025-02-08 20:00:00,3.66026E+15,67.182,3.66026E+15
2025-02-08 21:00:00,2.72E+16,0,2.72E+16
2025-02-08 22:00:00,1730865380,6.9914,1730865387
2025-02-08 23:00:00,1.22E+16,6.9912,1.22E+16
2025-02-09 00:00:00,1.04E+16,6.991,1.04E+16
2025-02-09 01:00:00,1.06E+16,6.9908,1.06E+16
2025-02-09 02:00:00,1.08E+16,6.9907,1.08E+16
2025-02-09 03:00:00,9.28544E+15,6.9905,9.28544E+15
2025-02-09 04:00:00,5.65589E+15,6.9903,5.65589E+15
2025-02-09 05:00:00,1.23E+16,24.62,1.23E+16
2025-02-09 06:00:00,2.32E+16,73.402,2.32E+16
2025-02-09 07:00:00,3.95913E+15,73.403,3.95913E+15
2025-02-09 08:00:00,1.37829E+15,32.197,1.37829E+15
2025-02-09 09:00:00,1.31759E+14,33.004,1.31759E+14
2025-02-09 10:00:00,3.69385E+14,33.01,3.69385E+14
2025-02-09 11:00:00,1.99369E+15,14.677,1.99369E+15
2025-02-09 12:00:00,3.65836E+14,0,3.65836E+14
2025-02-09 13:00:00,1.41577E+15,0,1.41577E+15
2025-02-09 14:00:00,3.39087E+15,0,3.39087E+15
2025-02-09 15:00:00,1.63751E+14,0,1.63751E+14
2025-02-09 16:00:00,1.67911E+15,0,1.67911E+15
2025-02-09 17:00:00,1.37274E+15,0,1.37274E+15
2025-02-09 18:00:00,2.26236E+15,52.702,2.26236E+15
2025-02-09 19:00:00,3.23E+16,73.372,3.23E+16
2025-02-09 20:00:00,3.66026E+15,73.359,3.66026E+15
2025-02-09 21:00:00,2.72E+16,11.376,2.72E+16
2025-02-09 22:00:00,1730865380,8.4703,1730865388
2025-02-09 23:00:00,1.22E+16,7.91,1.22E+16
2025-02-10 00:00:00,1.04E+16,7.6645,1.04E+16
2025-02-10 01:00:00,1.06E+16,7.5544,1.06E+16
2025-02-10 02:00:00,1.08E+16,8.0636,1.08E+16
2025-02-10 03:00:00,9.28544E+15,8.0634,9.28544E+15
2025-02-10 04:00:00,5.65589E+15,8.0631,5.65589E+15
2025-02-10 05:00:00,1.23E+16,8.0629,1.23E+16
2025-02-10 06:00:00,2.32E+16,8.0626,2.32E+16
2025-02-10 07:00:00,3.95913E+15,8.0624,3.95913E+15
2025-02-10 08:00:00,1.37829E+15,22.003,1.37829E+15
2025-02-10 09:00:00,1.31759E+14,73.403,1.31759E+14
2025-02-10 10:00:00,3.69385E+14,73.404,3.69385E+14
2025-02-10 11:00:00,1.99369E+15,73.406,1.99369E+15
2025-02-10 12:00:00,3.65836E+14,48.525,3.65836E+14
2025-02-10 13:00:00,1.41577E+15,0,1.41577E+15
2025-02-10 14:00:00,3.39087E+15,0,3.39087E+15
2025-02-10 15:00:00,1.63751E+14,0,1.63751E+14
2025-02-10 16:00:00,1.67911E+15,0,1.67911E+15
2025-02-10 17:00:00,1.37274E+15,0,1.37274E+15
2025-02-10 18:00:00,2.26236E+15,0,2.26236E+15
2025-02-10 19:00:00,3.23E+16,0,3.23E+16
2025-02-10 20:00:00,3.66026E+15,0,3.66026E+15
2025-02-10 21:00:00,2.72E+16,0,2.72E+16
2025-02-10 22:00:00,1730865380,0,1730865380
2025-02-10 23:00:00,1.22E+16,0,1.22E+16
2025-02-11 00:00:00,1.04E+16,0,1.04E+16
2025-02-11 01:00:00,1.06E+16,0,1.06E+16
2025-02-11 02:00:00,1.08E+16,0,1.08E+16
2025-02-11 03:00:00,9.28544E+15,0,9.28544E+15
2025-02-11 04:00:00,5.65589E+15,0,5.65589E+15
2025-02-11 05:00:00,1.23E+16,0,1.23E+16
2025-02-11 06:00:00,2.32E+16,0,2.32E+16
2025-02-11 07:00:00,3.95913E+15,0,3.95913E+15
2025-02-11 08:00:00,1.37829E+15,0,1.37829E+15
2025-02-11 09:00:00,1.31759E+14,0,1.31759E+14
2025-02-11 10:00:00,3.69385E+14,0,3.69385E+14
2025-02-11 11:00:00,1.99369E+15,0,1.99369E+15
2025-02-11 12:00:00,3.65836E+14,0,3.65836E+14
2025-02-11 13:00:00,1.41577E+15,0,1.41577E+15
2025-02-11 14:00:00,3.39087E+15,0,3.39087E+15
2025-02-11 15:00:00,1.63751E+14,0,1.63751E+14
2025-02-11 16:00:00,1.67911E+15,0,1.67911E+15
2025-02-11 17:00:00,1.37274E+15,0,1.37274E+15
2025-02-11 18:00:00,2.26236E+15,0,2.26236E+15
2025-02-11 19:00:00,3.23E+16,0,3.23E+16
2025-02-11 20:00:00,3.66026E+15,0,3.66026E+15
2025-02-11 21:00:00,2.72E+16,0,2.72E+16
2025-02-11 22:00:00,1730865380,0,1730865380
2025-02-11 23:00:00,1.22E+16,0,1.22E+16
2025-02-12 00:00:00,1.04E+16,0,1.04E+16
2025-02-12 01:00:00,1.06E+16,0,1.06E+16
2025-02-12 02:00:00,1.08E+16,0,1.08E+16
2025-02-12 03:00:00,9.28544E+15,0,9.28544E+15
2025-02-12 04:00:00,5.65589E+15,0,5.65589E+15
2025-02-12 05:00:00,1.23E+16,0,1.23E+16
2025-02-12 06:00:00,2.32E+16,0,2.32E+16
2025-02-12 07:00:00,3.95913E+15,0,3.95913E+15
2025-02-12 08:00:00,1.37829E+15,0,1.37829E+15
2025-02-12 09:00:00,1.31759E+14,72.0134,1.31759E+14
2025-02-12 10:00:00,3.69385E+14,77.015,3.69385E+14
2025-02-12 11:00:00,1.99369E+15,37.093,1.99369E+15
2025-02-12 12:00:00,3.65836E+14,0,3.65836E+14
2025-02-12 13:00:00,1.41577E+15,0,1.41577E+15
2025-02-12 14:00:00,3.39087E+15,0,3.39087E+15
2025-02-12 15:00:00,1.63751E+14,0,1.63751E+14
2025-02-12 16:00:00,1.67911E+15,0,1.67911E+15
2025-02-12 17:00:00,1.37274E+15,0,1.37274E+15
2025-02-12 18:00:00,2.26236E+15,0,2.26236E+15
2025-02-12 19:00:00,3.23E+16,73.348,3.23E+16
2025-02-12 20:00:00,3.66026E+15,73.402,3.66026E+15
2025-02-12 21:00:00,2.72E+16,35.229,2.72E+16
2025-02-12 22:00:00,1730865380,8.8825,1730865389
2025-02-12 23:00:00,1.22E+16,7.8496,1.22E+16
2025-02-13 00:00:00,8.13927E+14,7.5934,8.13927E+14
2025-02-13 01:00:00,8.90338E+15,7.5686,8.90338E+15
2025-02-13 02:00:00,9.09441E+15,7.5505,9.09441E+15
2025-02-13 03:00:00,6.80207E+15,8.0622,6.80207E+15
2025-02-13 04:00:00,6.61104E+14,8.0619,6.61104E+14
2025-02-13 05:00:00,1.06E+16,8.0616,1.06E+16
2025-02-13 06:00:00,1.46342E+15,8.0614,1.46342E+15
2025-02-13 07:00:00,1.60E+16,29.3,1.60E+16
2025-02-13 08:00:00,3.35461E+15,18.606,3.35461E+15
2025-02-13 09:00:00,1.70427E+15,37.452,1.70427E+15
2025-02-13 10:00:00,3.02236E+15,11.3069,3.02236E+15
2025-02-13 11:00:00,2.73582E+15,17.722,2.73582E+15
2025-02-13 12:00:00,1.64696E+15,55.011,1.64696E+15
2025-02-13 13:00:00,3.9277E+15,34.451,3.9277E+15
2025-02-13 14:00:00,2.51E+16,22.002,2.51E+16
2025-02-13 15:00:00,2.57E+16,22.002,2.57E+16
2025-02-13 16:00:00,2.28485E+15,8.2801,2.28485E+15
2025-02-13 17:00:00,2.30E+16,0,2.30E+16
2025-02-13 18:00:00,2.53319E+15,45.976,2.53319E+15
2025-02-13 19:00:00,2.53319E+15,73.367,2.53319E+15
2025-02-13 20:00:00,2.20844E+15,73.351,2.20844E+15
2025-02-13 21:00:00,1.33E+16,7.1411,1.33E+16
2025-02-13 22:00:00,1.22E+16,7.7462,1.22E+16
2025-02-13 23:00:00,1.33E+16,7.7459,1.33E+16
2025-02-14 00:00:00,7.94824E+15,7.7457,7.94824E+15
2025-02-14 01:00:00,8.90338E+15,7.7455,8.90338E+15
2025-02-14 02:00:00,9.09441E+15,7.7453,9.09441E+15
2025-02-14 03:00:00,6.80207E+15,7.745,6.80207E+15
2025-02-14 04:00:00,6.61104E+14,7.7448,6.61104E+14
2025-02-14 05:00:00,1.06E+16,7.7445,1.06E+16
2025-02-14 06:00:00,1.48253E+15,26.145,1.48253E+15
2025-02-14 07:00:00,1.38701E+15,73.403,1.38701E+15
2025-02-14 08:00:00,1.60E+16,18.044,1.60E+16
2025-02-14 09:00:00,1.83E+16,77.009,1.83E+16
2025-02-14 10:00:00,1730865380,77.016,1730865457
2025-02-14 11:00:00,2.00E+16,10.223,2.00E+16
2025-02-14 12:00:00,2036511536,0,2036511536
2025-02-14 13:00:00,1.54E+16,0,1.54E+16
2025-02-14 14:00:00,1.55894E+15,0,1.55894E+15
2025-02-14 15:00:00,2.00E+16,0,2.00E+16
2025-02-14 16:00:00,2.19E+16,0,2.19E+16
2025-02-14 17:00:00,2.07E+16,0,2.07E+16
2025-02-14 18:00:00,2.57E+16,52.704,2.57E+16
2025-02-14 19:00:00,2.55E+16,73.377,2.55E+16
2025-02-14 20:00:00,2.13E+16,66.99,2.13E+16
2025-02-14 21:00:00,1.80728E+15,0,1.80728E+15
2025-02-14 22:00:00,1.38701E+15,6.9702,1.38701E+15
2025-02-14 23:00:00,1.27E+16,6.97,1.27E+16
2025-02-15 00:00:00,1.04E+16,6.9698,1.04E+16
2025-02-15 01:00:00,1.06E+16,6.9696,1.06E+16
2025-02-15 02:00:00,1.08E+16,6.9694,1.08E+16
2025-02-15 03:00:00,9.28544E+15,6.9692,9.28544E+15
2025-02-15 04:00:00,5.65589E+15,6.969,5.65589E+15
2025-02-15 05:00:00,1.23E+16,6.9688,1.23E+16
2025-02-15 06:00:00,2.32E+16,73.402,2.32E+16
2025-02-15 07:00:00,3.95913E+15,73.403,3.95913E+15
2025-02-15 08:00:00,1.37829E+15,0,1.37829E+15
2025-02-15 09:00:00,1.31759E+14,99.01,1.31759E+14
2025-02-15 10:00:00,3.69385E+14,85.394,3.69385E+14
2025-02-15 11:00:00,1.99369E+15,32.237,1.99369E+15
2025-02-15 12:00:00,3.65836E+14,22.002,3.65836E+14
2025-02-15 13:00:00,1.41577E+15,22.003,1.41577E+15
2025-02-15 14:00:00,3.39087E+15,0,3.39087E+15
2025-02-15 15:00:00,1.63751E+14,0,1.63751E+14
2025-02-15 16:00:00,1.67911E+15,0,1.67911E+15
2025-02-15 17:00:00,1.37274E+15,0,1.37274E+15
2025-02-15 18:00:00,2.26236E+15,52.704,2.26236E+15
2025-02-15 19:00:00,3.23E+16,73.378,3.23E+16
2025-02-15 20:00:00,3.66026E+15,73.35,3.66026E+15
2025-02-15 21:00:00,2.72E+16,7.5034,2.72E+16
2025-02-15 22:00:00,1730865380,7.5637,1730865388
2025-02-15 23:00:00,1.22E+16,7.5557,1.22E+16
2025-02-16 00:00:00,1.04E+16,7.5532,1.04E+16
2025-02-16 01:00:00,1.06E+16,7.5524,1.06E+16
2025-02-16 02:00:00,1.08E+16,7.5523,1.08E+16
2025-02-16 03:00:00,9.28544E+15,7.5522,9.28544E+15
2025-02-16 04:00:00,5.65589E+15,7.5521,5.65589E+15
2025-02-16 05:00:00,1.23E+16,24.996,1.23E+16
2025-02-16 06:00:00,2.32E+16,72.067,2.32E+16
2025-02-16 07:00:00,3.95913E+15,73.404,3.95913E+15
2025-02-16 08:00:00,1.37829E+15,40.253,1.37829E+15
2025-02-16 09:00:00,1.31759E+14,64.633,1.31759E+14
2025-02-16 10:00:00,3.69385E+14,33.011,3.69385E+14
2025-02-16 11:00:00,1.99369E+15,10.236,1.99369E+15
2025-02-16 12:00:00,3.65836E+14,0,3.65836E+14
2025-02-16 13:00:00,1.41577E+15,0,1.41577E+15
2025-02-16 14:00:00,3.39087E+15,0,3.39087E+15
2025-02-16 15:00:00,1.63751E+14,0,1.63751E+14
2025-02-16 16:00:00,1.67911E+15,0,1.67911E+15
2025-02-16 17:00:00,1.37274E+15,0,1.37274E+15
2025-02-16 18:00:00,2.26236E+15,52.701,2.26236E+15
2025-02-16 19:00:00,3.23E+16,73.369,3.23E+16
2025-02-16 20:00:00,3.66026E+15,73.355,3.66026E+15
2025-02-16 21:00:00,2.72E+16,11.318,2.72E+16
2025-02-16 22:00:00,1730865380,8.4234,1730865388
2025-02-16 23:00:00,1.22E+16,7.8653,1.22E+16
2025-02-17 00:00:00,1.04E+16,7.6209,1.04E+16
2025-02-17 01:00:00,1.06E+16,7.5698,1.06E+16
2025-02-17 02:00:00,1.08E+16,7.5619,1.08E+16
2025-02-17 03:00:00,9.28544E+15,7.5553,9.28544E+15
2025-02-17 04:00:00,5.65589E+15,7.5528,5.65589E+15
2025-02-17 05:00:00,1.23E+16,7.552,1.23E+16
2025-02-17 06:00:00,2.32E+16,7.5517,2.32E+16
2025-02-17 07:00:00,3.95913E+15,7.5516,3.95913E+15
2025-02-17 08:00:00,1.37829E+15,16.1071,1.37829E+15
2025-02-17 09:00:00,1.31759E+14,73.403,1.31759E+14
2025-02-17 10:00:00,3.69385E+14,73.404,3.69385E+14
2025-02-17 11:00:00,1.99369E+15,73.406,1.99369E+15
2025-02-17 12:00:00,3.65836E+14,40.664,3.65836E+14
2025-02-17 13:00:00,1.41577E+15,7.6279,1.41577E+15
2025-02-17 14:00:00,3.39087E+15,0,3.39087E+15
2025-02-17 15:00:00,1.63751E+14,0,1.63751E+14
2025-02-17 16:00:00,1.67911E+15,0,1.67911E+15
2025-02-17 17:00:00,1.37274E+15,0,1.37274E+15
2025-02-17 18:00:00,2.26236E+15,0,2.26236E+15
2025-02-17 19:00:00,3.23E+16,0,3.23E+16
2025-02-17 20:00:00,3.66026E+15,0,3.66026E+15
2025-02-17 21:00:00,2.72E+16,0,2.72E+16
2025-02-17 22:00:00,1730865380,0,1730865380
2025-02-17 23:00:00,1.22E+16,0,1.22E+16
2025-02-18 00:00:00,1.04E+16,0,1.04E+16
2025-02-18 01:00:00,1.06E+16,0,1.06E+16
2025-02-18 02:00:00,1.08E+16,0,1.08E+16
2025-02-18 03:00:00,9.28544E+15,0,9.28544E+15
2025-02-18 04:00:00,5.65589E+15,0,5.65589E+15
2025-02-18 05:00:00,1.23E+16,0,1.23E+16
2025-02-18 06:00:00,2.32E+16,0,2.32E+16
2025-02-18 07:00:00,3.95913E+15,0,3.95913E+15
2025-02-18 08:00:00,1.37829E+15,0,1.37829E+15
2025-02-18 09:00:00,1.31759E+14,0,1.31759E+14
2025-02-18 10:00:00,3.69385E+14,0,3.69385E+14
2025-02-18 11:00:00,1.99369E+15,0,1.99369E+15
2025-02-18 12:00:00,3.65836E+14,0,3.65836E+14
2025-02-18 13:00:00,1.41577E+15,0,1.41577E+15
2025-02-18 14:00:00,3.39087E+15,0,3.39087E+15
2025-02-18 15:00:00,1.63751E+14,0,1.63751E+14
2025-02-18 16:00:00,1.67911E+15,0,1.67911E+15
2025-02-18 17:00:00,1.37274E+15,0,1.37274E+15
2025-02-18 18:00:00,2.26236E+15,0,2.26236E+15
2025-02-18 19:00:00,3.23E+16,0,3.23E+16
2025-02-18 20:00:00,3.66026E+15,0,3.66026E+15
2025-02-18 21:00:00,2.72E+16,0,2.72E+16
2025-02-18 22:00:00,1730865380,0,1730865380
2025-02-18 23:00:00,1.22E+16,0,1.22E+16
2025-02-19 00:00:00,1.04E+16,0,1.04E+16
2025-02-19 01:00:00,1.06E+16,0,1.06E+16
2025-02-19 02:00:00,1.08E+16,0,1.08E+16
2025-02-19 03:00:00,9.28544E+15,0,9.28544E+15
2025-02-19 04:00:00,5.65589E+15,0,5.65589E+15
2025-02-19 05:00:00,1.23E+16,0,1.23E+16
2025-02-19 06:00:00,2.32E+16,0,2.32E+16
2025-02-19 07:00:00,3.95913E+15,0,3.95913E+15
2025-02-19 08:00:00,1.37829E+15,31.443,1.37829E+15
2025-02-19 09:00:00,1.31759E+14,73.738,1.31759E+14
2025-02-19 10:00:00,3.69385E+14,33.011,3.69385E+14
2025-02-19 11:00:00,1.99369E+15,10.236,1.99369E+15
2025-02-19 12:00:00,3.65836E+14,0,3.65836E+14
2025-02-19 13:00:00,1.41577E+15,0,1.41577E+15
2025-02-19 14:00:00,3.39087E+15,0,3.39087E+15
2025-02-19 15:00:00,1.63751E+14,0,1.63751E+14
2025-02-19 16:00:00,1.67911E+15,0,1.67911E+15
2025-02-19 17:00:00,1.37274E+15,0,1.37274E+15
2025-02-19 18:00:00,2.26236E+15,0,2.26236E+15
2025-02-19 19:00:00,3.23E+16,73.348,3.23E+16
2025-02-19 20:00:00,3.66026E+15,73.402,3.66026E+15
2025-02-19 21:00:00,2.72E+16,47.081,2.72E+16
2025-02-19 22:00:00,1730865380,12.22,1730865392
2025-02-19 23:00:00,1.22E+16,8.8492,1.22E+16
2025-02-20 00:00:00,8.13927E+14,7.8381,8.13927E+14
2025-02-20 01:00:00,8.90338E+15,7.5832,8.90338E+15
2025-02-20 02:00:00,9.09441E+15,7.5585,9.09441E+15
2025-02-20 03:00:00,6.80207E+15,7.5514,6.80207E+15
2025-02-20 04:00:00,6.61104E+14,7.5509,6.61104E+14
2025-02-20 05:00:00,1.06E+16,7.5506,1.06E+16
2025-02-20 06:00:00,1.46342E+15,7.5504,1.46342E+15
2025-02-20 07:00:00,1.60E+16,24.266,1.60E+16
2025-02-20 08:00:00,3.35461E+15,38.005,3.35461E+15
2025-02-20 09:00:00,1.70427E+15,55.005,1.70427E+15
2025-02-20 10:00:00,3.02236E+15,55.011,3.02236E+15
2025-02-20 11:00:00,2.73582E+15,32.237,2.73582E+15
2025-02-20 12:00:00,1.64696E+15,22.002,1.64696E+15
2025-02-20 13:00:00,3.9277E+15,22.003,3.9277E+15
2025-02-20 14:00:00,2.51E+16,0,2.51E+16
2025-02-20 15:00:00,2.57E+16,0,2.57E+16
2025-02-20 16:00:00,2.28485E+15,0,2.28485E+15
2025-02-20 17:00:00,2.30E+16,0,2.30E+16
2025-02-20 18:00:00,2.53319E+15,11.525,2.53319E+15
2025-02-20 19:00:00,2.53319E+15,73.375,2.53319E+15
2025-02-20 20:00:00,2.20844E+15,73.364,2.20844E+15
2025-02-20 21:00:00,1.33E+16,37.616,1.33E+16
2025-02-20 22:00:00,1.22E+16,9.5654,1.22E+16
2025-02-20 23:00:00,1.33E+16,7.768,1.33E+16
2025-02-21 00:00:00,7.94824E+15,7.6161,7.94824E+15
2025-02-21 01:00:00,8.90338E+15,7.5686,8.90338E+15
2025-02-21 02:00:00,9.09441E+15,7.5607,9.09441E+15
2025-02-21 03:00:00,6.80207E+15,7.554,6.80207E+15
2025-02-21 04:00:00,6.61104E+14,7.553,6.61104E+14
2025-02-21 05:00:00,1.06E+16,7.5522,1.06E+16
2025-02-21 06:00:00,1.48253E+15,7.5519,1.48253E+15
2025-02-21 07:00:00,1.38701E+15,73.403,1.38701E+15
2025-02-21 08:00:00,1.60E+16,28.42,1.60E+16
2025-02-21 09:00:00,1.83E+16,77.009,1.83E+16
2025-02-21 10:00:00,1730865380,64.795,1730865445
2025-02-21 11:00:00,2.00E+16,10.236,2.00E+16
2025-02-21 12:00:00,2036511536,0,2036511536
2025-02-21 13:00:00,1.54E+16,0,1.54E+16
2025-02-21 14:00:00,1.55894E+15,0,1.55894E+15
2025-02-21 15:00:00,2.00E+16,0,2.00E+16
2025-02-21 16:00:00,2.19E+16,0,2.19E+16
2025-02-21 17:00:00,2.07E+16,0,2.07E+16
2025-02-21 18:00:00,2.57E+16,52.704,2.57E+16
2025-02-21 19:00:00,2.55E+16,73.381,2.55E+16
2025-02-21 20:00:00,2.13E+16,72.832,2.13E+16
2025-02-21 21:00:00,1.80728E+15,6.9832,1.80728E+15
2025-02-21 22:00:00,1.38701E+15,7.58,1.38701E+15
2025-02-21 23:00:00,1.27E+16,7.5798,1.27E+16
2025-02-22 00:00:00,1.04E+16,7.5796,1.04E+16
2025-02-22 01:00:00,1.06E+16,7.5794,1.06E+16
2025-02-22 02:00:00,1.08E+16,7.5792,1.08E+16
2025-02-22 03:00:00,9.28544E+15,7.579,9.28544E+15
2025-02-22 04:00:00,5.65589E+15,7.5788,5.65589E+15
2025-02-22 05:00:00,1.23E+16,25.292,1.23E+16
2025-02-22 06:00:00,2.32E+16,73.402,2.32E+16
2025-02-22 07:00:00,3.95913E+15,73.403,3.95913E+15
2025-02-22 08:00:00,1.37829E+15,27.35,1.37829E+15
2025-02-22 09:00:00,1.31759E+14,99.011,1.31759E+14
2025-02-22 10:00:00,3.69385E+14,55.011,3.69385E+14
2025-02-22 11:00:00,1.99369E+15,32.237,1.99369E+15
2025-02-22 12:00:00,3.65836E+14,22.002,3.65836E+14
2025-02-22 13:00:00,1.41577E+15,22.003,1.41577E+15
2025-02-22 14:00:00,3.39087E+15,0,3.39087E+15
2025-02-22 15:00:00,1.63751E+14,0,1.63751E+14
2025-02-22 16:00:00,1.67911E+15,0,1.67911E+15
2025-02-22 17:00:00,1.37274E+15,0,1.37274E+15
2025-02-22 18:00:00,2.26236E+15,52.702,2.26236E+15
2025-02-22 19:00:00,3.23E+16,73.371,3.23E+16
2025-02-22 20:00:00,3.66026E+15,73.358,3.66026E+15
2025-02-22 21:00:00,2.72E+16,7.5755,2.72E+16
2025-02-22 22:00:00,1730865380,7.5783,1730865388
2025-02-22 23:00:00,1.22E+16,7.5571,1.22E+16
2025-02-23 00:00:00,1.04E+16,7.5543,1.04E+16
2025-02-23 01:00:00,1.06E+16,7.5535,1.06E+16
2025-02-23 02:00:00,1.08E+16,7.5527,1.08E+16
2025-02-23 03:00:00,9.28544E+15,7.5524,9.28544E+15
2025-02-23 04:00:00,5.65589E+15,7.5522,5.65589E+15
2025-02-23 05:00:00,1.23E+16,7.5521,1.23E+16
2025-02-23 06:00:00,2.32E+16,25.953,2.32E+16
2025-02-23 07:00:00,3.95913E+15,73.403,3.95913E+15
2025-02-23 08:00:00,1.37829E+15,26.233,1.37829E+15
2025-02-23 09:00:00,1.31759E+14,77.01,1.31759E+14
2025-02-23 10:00:00,3.69385E+14,33.011,3.69385E+14
2025-02-23 11:00:00,1.99369E+15,10.236,1.99369E+15
2025-02-23 12:00:00,3.65836E+14,0,3.65836E+14
2025-02-23 13:00:00,1.41577E+15,0,1.41577E+15
2025-02-23 14:00:00,3.39087E+15,0,3.39087E+15
2025-02-23 15:00:00,1.63751E+14,0,1.63751E+14
2025-02-23 16:00:00,1.67911E+15,0,1.67911E+15
2025-02-23 17:00:00,1.37274E+15,0,1.37274E+15
2025-02-23 18:00:00,2.26236E+15,52.704,2.26236E+15
2025-02-23 19:00:00,3.23E+16,73.381,3.23E+16
2025-02-23 20:00:00,3.66026E+15,73.354,3.66026E+15
2025-02-23 21:00:00,2.72E+16,11.35,2.72E+16
2025-02-23 22:00:00,1730865380,8.4487,1730865388
2025-02-23 23:00:00,1.22E+16,7.8894,1.22E+16
2025-02-24 00:00:00,1.04E+16,7.6444,1.04E+16
2025-02-24 01:00:00,1.06E+16,7.5932,1.06E+16
2025-02-24 02:00:00,1.08E+16,7.5742,1.08E+16
2025-02-24 03:00:00,9.28544E+15,7.5563,9.28544E+15
2025-02-24 04:00:00,5.65589E+15,7.5535,5.65589E+15
2025-02-24 05:00:00,1.23E+16,7.5527,1.23E+16
2025-02-24 06:00:00,2.32E+16,7.5524,2.32E+16
2025-02-24 07:00:00,3.95913E+15,7.5523,3.95913E+15
2025-02-24 08:00:00,1.37829E+15,63.49218,1.37829E+15
2025-02-24 09:00:00,1.31759E+14,73.403,1.31759E+14
2025-02-24 10:00:00,3.69385E+14,73.405,3.69385E+14
2025-02-24 11:00:00,1.99369E+15,73.407,1.99369E+15
2025-02-24 12:00:00,3.65836E+14,37.839,3.65836E+14
2025-02-24 13:00:00,1.41577E+15,0,1.41577E+15
2025-02-24 14:00:00,3.39087E+15,0,3.39087E+15
2025-02-24 15:00:00,1.63751E+14,0,1.63751E+14
2025-02-24 16:00:00,1.67911E+15,0,1.67911E+15
2025-02-24 17:00:00,1.37274E+15,0,1.37274E+15
2025-02-24 18:00:00,2.26236E+15,0,2.26236E+15
2025-02-24 19:00:00,3.23E+16,0,3.23E+16
2025-02-24 20:00:00,3.66026E+15,0,3.66026E+15
2025-02-24 21:00:00,2.72E+16,0,2.72E+16
2025-02-24 22:00:00,1730865380,0,1730865380
2025-02-24 23:00:00,1.22E+16,0,1.22E+16
2025-02-25 00:00:00,1.04E+16,0,1.04E+16
2025-02-25 01:00:00,1.06E+16,0,1.06E+16
2025-02-25 02:00:00,1.08E+16,0,1.08E+16
2025-02-25 03:00:00,9.28544E+15,0,9.28544E+15
2025-02-25 04:00:00,5.65589E+15,0,5.65589E+15
2025-02-25 05:00:00,1.23E+16,0,1.23E+16
2025-02-25 06:00:00,2.32E+16,0,2.32E+16
2025-02-25 07:00:00,3.95913E+15,0,3.95913E+15
2025-02-25 08:00:00,1.37829E+15,0,1.37829E+15
2025-02-25 09:00:00,1.31759E+14,0,1.31759E+14
2025-02-25 10:00:00,3.69385E+14,0,3.69385E+14
2025-02-25 11:00:00,1.99369E+15,0,1.99369E+15
2025-02-25 12:00:00,3.65836E+14,0,3.65836E+14
2025-02-25 13:00:00,1.41577E+15,0,1.41577E+15
2025-02-25 14:00:00,3.39087E+15,0,3.39087E+15
2025-02-25 15:00:00,1.63751E+14,0,1.63751E+14
2025-02-25 16:00:00,1.67911E+15,0,1.67911E+15
2025-02-25 17:00:00,1.37274E+15,0,1.37274E+15
2025-02-25 18:00:00,2.26236E+15,0,2.26236E+15
2025-02-25 19:00:00,3.23E+16,0,3.23E+16
2025-02-25 20:00:00,3.66026E+15,0,3.66026E+15
2025-02-25 21:00:00,2.72E+16,0,2.72E+16
2025-02-25 22:00:00,1730865380,0,1730865380
2025-02-25 23:00:00,1.22E+16,0,1.22E+16
2025-02-26 00:00:00,1.04E+16,0,1.04E+16
2025-02-26 01:00:00,1.06E+16,0,1.06E+16
2025-02-26 02:00:00,1.08E+16,0,1.08E+16
2025-02-26 03:00:00,9.28544E+15,0,9.28544E+15
2025-02-26 04:00:00,5.65589E+15,0,5.65589E+15
2025-02-26 05:00:00,1.23E+16,0,1.23E+16
2025-02-26 06:00:00,2.32E+16,0,2.32E+16
2025-02-26 07:00:00,3.95913E+15,0,3.95913E+15
2025-02-26 08:00:00,1.37829E+15,34.326,1.37829E+15
2025-02-26 09:00:00,1.31759E+14,73.596,1.31759E+14
2025-02-26 10:00:00,3.69385E+14,33.011,3.69385E+14
2025-02-26 11:00:00,1.99369E+15,10.236,1.99369E+15
2025-02-26 12:00:00,3.65836E+14,0,3.65836E+14
2025-02-26 13:00:00,1.41577E+15,0,1.41577E+15
2025-02-26 14:00:00,3.39087E+15,0,3.39087E+15
2025-02-26 15:00:00,1.63751E+14,0,1.63751E+14
2025-02-26 16:00:00,1.67911E+15,0,1.67911E+15
2025-02-26 17:00:00,1.37274E+15,0,1.37274E+15
2025-02-26 18:00:00,2.26236E+15,0,2.26236E+15
2025-02-26 19:00:00,3.23E+16,73.348,3.23E+16
2025-02-26 20:00:00,3.66026E+15,73.402,3.66026E+15
2025-02-26 21:00:00,2.72E+16,49.099,2.72E+16
2025-02-26 22:00:00,1730865380,12.779,1730865393
2025-02-26 23:00:00,1.22E+16,7.5843,1.22E+16
2025-02-27 00:00:00,8.13927E+14,7.9928,8.13927E+14
2025-02-27 01:00:00,8.90338E+15,7.9926,8.90338E+15
2025-02-27 02:00:00,9.09441E+15,7.9923,9.09441E+15
2025-02-27 03:00:00,6.80207E+15,7.992,6.80207E+15
2025-02-27 04:00:00,6.61104E+14,7.9917,6.61104E+14
2025-02-27 05:00:00,1.06E+16,7.9915,1.06E+16
2025-02-27 06:00:00,1.46342E+15,7.9912,1.46342E+15
2025-02-27 07:00:00,1.60E+16,16.931,1.60E+16
2025-02-27 08:00:00,3.35461E+15,33.414,3.35461E+15
2025-02-27 09:00:00,1.70427E+15,55.005,1.70427E+15
2025-02-27 10:00:00,3.02236E+15,55.011,3.02236E+15
2025-02-27 11:00:00,2.73582E+15,32.237,2.73582E+15
2025-02-27 12:00:00,1.64696E+15,8.2801,1.64696E+15
2025-02-27 13:00:00,3.9277E+15,22.002,3.9277E+15
2025-02-27 14:00:00,2.51E+16,0,2.51E+16
2025-02-27 15:00:00,2.57E+16,0,2.57E+16
2025-02-27 16:00:00,2.28485E+15,0,2.28485E+15
2025-02-27 17:00:00,2.30E+16,0,2.30E+16
2025-02-27 18:00:00,2.53319E+15,11.525,2.53319E+15
2025-02-27 19:00:00,2.53319E+15,73.375,2.53319E+15
2025-02-27 20:00:00,2.20844E+15,73.365,2.20844E+15
2025-02-27 21:00:00,1.33E+16,37.63,1.33E+16
2025-02-27 22:00:00,1.22E+16,9.5692,1.22E+16
2025-02-27 23:00:00,1.33E+16,7.7714,1.33E+16
2025-02-28 00:00:00,7.94824E+15,7.6195,7.94824E+15
2025-02-28 01:00:00,8.90338E+15,7.5719,8.90338E+15
2025-02-28 02:00:00,9.09441E+15,7.553,9.09441E+15
2025-02-28 03:00:00,6.80207E+15,7.5522,6.80207E+15
2025-02-28 04:00:00,6.61104E+14,8.0642,6.61104E+14
2025-02-28 05:00:00,1.06E+16,8.064,1.06E+16
2025-02-28 06:00:00,1.48253E+15,8.0637,1.48253E+15
2025-02-28 07:00:00,1.38701E+15,73.403,1.38701E+15
2025-02-28 08:00:00,1.60E+16,44.003,1.60E+16
2025-02-28 09:00:00,1.83E+16,77.01,1.83E+16
2025-02-28 10:00:00,1730865380,53.097,1730865433
2025-02-28 11:00:00,2.00E+16,10.236,2.00E+16
2025-02-28 12:00:00,2036511536,0,2036511536
2025-02-28 13:00:00,1.54E+16,0,1.54E+16
2025-02-28 14:00:00,1.55894E+15,0,1.55894E+15
2025-02-28 15:00:00,2.00E+16,0,2.00E+16
2025-02-28 16:00:00,2.19E+16,0,2.19E+16
2025-02-28 17:00:00,2.07E+16,0,2.07E+16
2025-02-28 18:00:00,2.57E+16,52.705,2.57E+16
2025-02-28 19:00:00,2.55E+16,73.381,2.55E+16
2025-02-28 20:00:00,2.13E+16,73.354,2.13E+16
2025-02-28 21:00:00,1.80728E+15,7.5503,1.80728E+15
2025-02-28 22:00:00,1.38701E+15,7.5522,1.38701E+15
2025-02-28 23:00:00,1.27E+16,8.061,1.27E+16
2025-03-01 00:00:00,1.04E+16,8.0608,1.04E+16
2025-03-01 01:00:00,1.06E+16,8.0605,1.06E+16
2025-03-01 02:00:00,1.08E+16,8.0603,1.08E+16
2025-03-01 03:00:00,9.28544E+15,8.0601,9.28544E+15
2025-03-01 04:00:00,5.65589E+15,8.0598,5.65589E+15
2025-03-01 05:00:00,1.23E+16,25.716,1.23E+16
2025-03-01 06:00:00,2.32E+16,73.402,2.32E+16
2025-03-01 07:00:00,3.95913E+15,73.4033,3.95913E+15
2025-03-01 08:00:00,1.37829E+15,16.56,1.37829E+15
2025-03-01 09:00:00,1.31759E+14,98.995,1.31759E+14
2025-03-01 10:00:00,3.69385E+14,55.011,3.69385E+14
2025-03-01 11:00:00,1.99369E+15,32.237,1.99369E+15
2025-03-01 12:00:00,3.65836E+14,22.001,3.65836E+14
2025-03-01 13:00:00,1.41577E+15,22.002,1.41577E+15
2025-03-01 14:00:00,3.39087E+15,0,3.39087E+15
2025-03-01 15:00:00,1.63751E+14,0,1.63751E+14
2025-03-01 16:00:00,1.67911E+15,0,1.67911E+15
2025-03-01 17:00:00,1.37274E+15,0,1.37274E+15
2025-03-01 18:00:00,2.26236E+15,52.702,2.26236E+15
2025-03-01 19:00:00,3.23E+16,73.37,3.23E+16
2025-03-01 20:00:00,3.66026E+15,73.357,3.66026E+15
2025-03-01 21:00:00,2.72E+16,7.3951,2.72E+16
2025-03-01 22:00:00,1730865380,8.0085,1730865388
2025-03-01 23:00:00,1.22E+16,8.0083,1.22E+16
2025-03-02 00:00:00,1.04E+16,8.0081,1.04E+16
2025-03-02 01:00:00,1.06E+16,8.0078,1.06E+16
2025-03-02 02:00:00,1.08E+16,8.0076,1.08E+16
2025-03-02 03:00:00,9.28544E+15,8.0073,9.28544E+15
2025-03-02 04:00:00,5.65589E+15,8.0071,5.65589E+15
2025-03-02 05:00:00,1.23E+16,8.0068,1.23E+16
2025-03-02 06:00:00,2.32E+16,26.407,2.32E+16
2025-03-02 07:00:00,3.95913E+15,73.403,3.95913E+15
2025-03-02 08:00:00,1.37829E+15,0,1.37829E+15
2025-03-02 09:00:00,1.31759E+14,33.005,1.31759E+14
2025-03-02 10:00:00,3.69385E+14,33.011,3.69385E+14
2025-03-02 11:00:00,1.99369E+15,10.236,1.99369E+15
2025-03-02 12:00:00,3.65836E+14,0,3.65836E+14
2025-03-02 13:00:00,1.41577E+15,0,1.41577E+15
2025-03-02 14:00:00,3.39087E+15,0,3.39087E+15
2025-03-02 15:00:00,1.63751E+14,0,1.63751E+14
2025-03-02 16:00:00,1.67911E+15,0,1.67911E+15
2025-03-02 17:00:00,1.37274E+15,0,1.37274E+15
2025-03-02 18:00:00,2.26236E+15,52.704,2.26236E+15
2025-03-02 19:00:00,3.23E+16,73.379,3.23E+16
2025-03-02 20:00:00,3.66026E+15,73.351,3.66026E+15
2025-03-02 21:00:00,2.72E+16,9.7285,2.72E+16
2025-03-02 22:00:00,1730865380,8.1897,1730865388
2025-03-02 23:00:00,1.22E+16,7.6685,1.22E+16
2025-03-03 00:00:00,1.04E+16,7.5499,1.04E+16
2025-03-03 01:00:00,1.06E+16,8.0587,1.06E+16
2025-03-03 02:00:00,1.08E+16,8.0585,1.08E+16
2025-03-03 03:00:00,9.28544E+15,8.0582,9.28544E+15
2025-03-03 04:00:00,5.65589E+15,8.058,5.65589E+15
2025-03-03 05:00:00,1.23E+16,8.0577,1.23E+16
2025-03-03 06:00:00,2.32E+16,8.0575,2.32E+16
2025-03-03 07:00:00,3.95913E+15,30.053,3.95913E+15
2025-03-03 08:00:00,1.37829E+15,73.402,1.37829E+15
2025-03-03 09:00:00,1.31759E+14,73.404,1.31759E+14
2025-03-03 10:00:00,3.69385E+14,73.406,3.69385E+14
2025-03-03 11:00:00,1.99369E+15,18.402,1.99369E+15
2025-03-03 12:00:00,3.65836E+14,0,3.65836E+14
2025-03-03 13:00:00,1.41577E+15,0,1.41577E+15
2025-03-03 14:00:00,3.39087E+15,0,3.39087E+15
2025-03-03 15:00:00,1.63751E+14,0,1.63751E+14
2025-03-03 16:00:00,1.67911E+15,0,1.67911E+15
2025-03-03 17:00:00,1.37274E+15,0,1.37274E+15
2025-03-03 18:00:00,2.26236E+15,0,2.26236E+15
2025-03-03 19:00:00,3.23E+16,0,3.23E+16
2025-03-03 20:00:00,3.66026E+15,0,3.66026E+15
2025-03-03 21:00:00,2.72E+16,0,2.72E+16
2025-03-03 22:00:00,1730865380,0,1730865380
2025-03-03 23:00:00,1.22E+16,0,1.22E+16
2025-03-04 00:00:00,1.04E+16,0,1.04E+16
2025-03-04 01:00:00,1.06E+16,0,1.06E+16
2025-03-04 02:00:00,1.08E+16,0,1.08E+16
2025-03-04 03:00:00,9.28544E+15,0,9.28544E+15
2025-03-04 04:00:00,5.65589E+15,0,5.65589E+15
2025-03-04 05:00:00,1.23E+16,0,1.23E+16
2025-03-04 06:00:00,2.32E+16,0,2.32E+16
2025-03-04 07:00:00,3.95913E+15,0,3.95913E+15
2025-03-04 08:00:00,1.37829E+15,0,1.37829E+15
2025-03-04 09:00:00,1.31759E+14,0,1.31759E+14
2025-03-04 10:00:00,3.69385E+14,0,3.69385E+14
2025-03-04 11:00:00,1.99369E+15,0,1.99369E+15
2025-03-04 12:00:00,3.65836E+14,0,3.65836E+14
2025-03-04 13:00:00,1.41577E+15,0,1.41577E+15
2025-03-04 14:00:00,3.39087E+15,0,3.39087E+15
2025-03-04 15:00:00,1.63751E+14,0,1.63751E+14
2025-03-04 16:00:00,1.67911E+15,0,1.67911E+15
2025-03-04 17:00:00,1.37274E+15,0,1.37274E+15
2025-03-04 18:00:00,2.26236E+15,0,2.26236E+15
2025-03-04 19:00:00,3.23E+16,0,3.23E+16
2025-03-04 20:00:00,3.66026E+15,0,3.66026E+15
2025-03-04 21:00:00,2.72E+16,0,2.72E+16
2025-03-04 22:00:00,1730865380,0,1730865380
2025-03-04 23:00:00,1.22E+16,0,1.22E+16
2025-03-05 00:00:00,1.04E+16,0,1.04E+16
2025-03-05 01:00:00,1.06E+16,0,1.06E+16
2025-03-05 02:00:00,1.08E+16,0,1.08E+16
2025-03-05 03:00:00,9.28544E+15,0,9.28544E+15
2025-03-05 04:00:00,5.65589E+15,0,5.65589E+15
2025-03-05 05:00:00,1.23E+16,0,1.23E+16
2025-03-05 06:00:00,2.32E+16,0,2.32E+16
2025-03-05 07:00:00,3.95913E+15,16.547,3.95913E+15
2025-03-05 08:00:00,1.37829E+15,44.003,1.37829E+15
2025-03-05 09:00:00,1.31759E+14,77.009,1.31759E+14
2025-03-05 10:00:00,3.69385E+14,77.016,3.69385E+14
2025-03-05 11:00:00,1.99369E+15,10.236,1.99369E+15
2025-03-05 12:00:00,3.65836E+14,0,3.65836E+14
2025-03-05 13:00:00,1.41577E+15,0,1.41577E+15
2025-03-05 14:00:00,3.39087E+15,0,3.39087E+15
2025-03-05 15:00:00,1.63751E+14,0,1.63751E+14
2025-03-05 16:00:00,1.67911E+15,0,1.67911E+15
2025-03-05 17:00:00,1.37274E+15,0,1.37274E+15
2025-03-05 18:00:00,2.26236E+15,0,2.26236E+15
2025-03-05 19:00:00,3.23E+16,73.351,3.23E+16
2025-03-05 20:00:00,3.66026E+15,73.401,3.66026E+15
2025-03-05 21:00:00,2.72E+16,49.032,2.72E+16
2025-03-05 22:00:00,1730865380,12.762,1730865393
2025-03-05 23:00:00,1.22E+16,7.5718,1.22E+16
2025-03-06 00:00:00,8.13927E+14,7.9805,8.13927E+14
2025-03-06 01:00:00,8.90338E+15,7.9802,8.90338E+15
2025-03-06 02:00:00,9.09441E+15,7.9799,9.09441E+15
2025-03-06 03:00:00,6.80207E+15,7.9797,6.80207E+15
2025-03-06 04:00:00,6.61104E+14,7.9794,6.61104E+14
2025-03-06 05:00:00,1.06E+16,7.9791,1.06E+16
2025-03-06 06:00:00,1.46342E+15,7.9789,1.46342E+15
2025-03-06 07:00:00,1.60E+16,52.023,1.60E+16
2025-03-06 08:00:00,3.35461E+15,0,3.35461E+15
2025-03-06 09:00:00,1.70427E+15,54.989,1.70427E+15
2025-03-06 10:00:00,3.02236E+15,55.011,3.02236E+15
2025-03-06 11:00:00,2.73582E+15,32.237,2.73582E+15
2025-03-06 12:00:00,1.64696E+15,22.001,1.64696E+15
2025-03-06 13:00:00,3.9277E+15,22.002,3.9277E+15
2025-03-06 14:00:00,2.51E+16,0,2.51E+16
2025-03-06 15:00:00,2.57E+16,0,2.57E+16
2025-03-06 16:00:00,2.28485E+15,0,2.28485E+15
2025-03-06 17:00:00,2.30E+16,0,2.30E+16
2025-03-06 18:00:00,2.53319E+15,45.976,2.53319E+15
2025-03-06 19:00:00,2.53319E+15,73.368,2.53319E+15
2025-03-06 20:00:00,2.20844E+15,73.353,2.20844E+15
2025-03-06 21:00:00,1.33E+16,66.447,1.33E+16
2025-03-06 22:00:00,1.22E+16,0,1.22E+16
2025-03-06 23:00:00,1.33E+16,0,1.33E+16
2025-03-07 00:00:00,7.94824E+15,0,7.94824E+15
2025-03-07 01:00:00,8.90338E+15,0,8.90338E+15
2025-03-07 02:00:00,9.09441E+15,0,9.09441E+15
2025-03-07 03:00:00,6.80207E+15,0,6.80207E+15
2025-03-07 04:00:00,6.61104E+14,0,6.61104E+14
2025-03-07 05:00:00,1.06E+16,0,1.06E+16
2025-03-07 06:00:00,1.48253E+15,0,1.48253E+15
2025-03-07 07:00:00,1.38701E+15,73.403,1.38701E+15
2025-03-07 08:00:00,1.60E+16,44.002,1.60E+16
2025-03-07 09:00:00,1.83E+16,77.009,1.83E+16
2025-03-07 10:00:00,1730865380,77.016,1730865457
2025-03-07 11:00:00,2.00E+16,10.236,2.00E+16
2025-03-07 12:00:00,2036511536,0,2036511536
2025-03-07 13:00:00,1.54E+16,0,1.54E+16
2025-03-07 14:00:00,1.55894E+15,0,1.55894E+15
2025-03-07 15:00:00,2.00E+16,0,2.00E+16
2025-03-07 16:00:00,2.19E+16,0,2.19E+16
2025-03-07 17:00:00,2.07E+16,0,2.07E+16
2025-03-07 18:00:00,2.57E+16,52.705,2.57E+16
2025-03-07 19:00:00,2.55E+16,73.382,2.55E+16
2025-03-07 20:00:00,2.13E+16,73.356,2.13E+16
2025-03-07 21:00:00,1.80728E+15,7.4841,1.80728E+15
2025-03-07 22:00:00,1.38701E+15,7.571,1.38701E+15
2025-03-07 23:00:00,1.27E+16,7.5527,1.27E+16
2025-03-08 00:00:00,1.04E+16,8.0641,1.04E+16
2025-03-08 01:00:00,1.06E+16,8.0639,1.06E+16
2025-03-08 02:00:00,1.08E+16,8.0636,1.08E+16
2025-03-08 03:00:00,9.28544E+15,8.0634,9.28544E+15
2025-03-08 04:00:00,5.65589E+15,8.0632,5.65589E+15
2025-03-08 05:00:00,1.23E+16,8.0629,1.23E+16
2025-03-08 06:00:00,2.32E+16,73.402,2.32E+16
2025-03-08 07:00:00,3.95913E+15,73.4031,3.95913E+15
2025-03-08 08:00:00,1.37829E+15,0,1.37829E+15
2025-03-08 09:00:00,1.31759E+14,54.988,1.31759E+14
2025-03-08 10:00:00,3.69385E+14,55.011,3.69385E+14
2025-03-08 11:00:00,1.99369E+15,32.237,1.99369E+15
2025-03-08 12:00:00,3.65836E+14,22.001,3.65836E+14
2025-03-08 13:00:00,1.41577E+15,10.113,1.41577E+15
2025-03-08 14:00:00,3.39087E+15,22.003,3.39087E+15
2025-03-08 15:00:00,1.63751E+14,0,1.63751E+14
2025-03-08 16:00:00,1.67911E+15,0,1.67911E+15
2025-03-08 17:00:00,1.37274E+15,0,1.37274E+15
2025-03-08 18:00:00,2.26236E+15,52.704,2.26236E+15
2025-03-08 19:00:00,3.23E+16,73.378,3.23E+16
2025-03-08 20:00:00,3.66026E+15,73.349,3.66026E+15
2025-03-08 21:00:00,2.72E+16,7.5646,2.72E+16
2025-03-08 22:00:00,1730865380,7.5671,1730865388
2025-03-08 23:00:00,1.22E+16,7.5571,1.22E+16
2025-03-09 00:00:00,1.04E+16,7.5547,1.04E+16
2025-03-09 01:00:00,1.06E+16,7.5539,1.06E+16
2025-03-09 02:00:00,1.08E+16,7.5531,1.08E+16
2025-03-09 03:00:00,9.28544E+15,7.5528,9.28544E+15
2025-03-09 04:00:00,5.65589E+15,7.5525,5.65589E+15
2025-03-09 05:00:00,1.23E+16,24.758,1.23E+16
2025-03-09 06:00:00,2.32E+16,71.419,2.32E+16
2025-03-09 07:00:00,3.95913E+15,73.403,3.95913E+15
2025-03-09 08:00:00,1.37829E+15,44.002,1.37829E+15
2025-03-09 09:00:00,1.31759E+14,77.008,1.31759E+14
2025-03-09 10:00:00,3.69385E+14,77.016,3.69385E+14
2025-03-09 11:00:00,1.99369E+15,10.236,1.99369E+15
2025-03-09 12:00:00,3.65836E+14,0,3.65836E+14
2025-03-09 13:00:00,1.41577E+15,0,1.41577E+15
2025-03-09 14:00:00,3.39087E+15,0,3.39087E+15
2025-03-09 15:00:00,1.63751E+14,0,1.63751E+14
2025-03-09 16:00:00,1.67911E+15,0,1.67911E+15
2025-03-09 17:00:00,1.37274E+15,0,1.37274E+15
2025-03-09 18:00:00,2.26236E+15,52.701,2.26236E+15
2025-03-09 19:00:00,3.23E+16,73.369,3.23E+16
2025-03-09 20:00:00,3.66026E+15,73.355,3.66026E+15
2025-03-09 21:00:00,2.72E+16,11.285,2.72E+16
2025-03-09 22:00:00,1730865380,8.3971,1730865388
2025-03-09 23:00:00,1.22E+16,7.8403,1.22E+16
2025-03-10 00:00:00,1.04E+16,7.5966,1.04E+16
2025-03-10 01:00:00,1.06E+16,7.5719,1.06E+16
2025-03-10 02:00:00,1.08E+16,7.5539,1.08E+16
2025-03-10 03:00:00,9.28544E+15,7.5526,9.28544E+15
2025-03-10 04:00:00,5.65589E+15,7.5524,5.65589E+15
2025-03-10 05:00:00,1.23E+16,7.5523,1.23E+16
2025-03-10 06:00:00,2.32E+16,7.5522,2.32E+16
2025-03-10 07:00:00,3.95913E+15,63.87353,3.95913E+15
2025-03-10 08:00:00,1.37829E+15,73.404,1.37829E+15
2025-03-10 09:00:00,1.31759E+14,73.405,1.31759E+14
2025-03-10 10:00:00,3.69385E+14,18.402,3.69385E+14
2025-03-10 11:00:00,1.99369E+15,7.2292,1.99369E+15
2025-03-10 12:00:00,3.65836E+14,0,3.65836E+14
2025-03-10 13:00:00,1.41577E+15,0,1.41577E+15
2025-03-10 14:00:00,3.39087E+15,0,3.39087E+15
2025-03-10 15:00:00,1.63751E+14,0,1.63751E+14
2025-03-10 16:00:00,1.67911E+15,0,1.67911E+15
2025-03-10 17:00:00,1.37274E+15,0,1.37274E+15
2025-03-10 18:00:00,2.26236E+15,0,2.26236E+15
2025-03-10 19:00:00,3.23E+16,0,3.23E+16
2025-03-10 20:00:00,3.66026E+15,0,3.66026E+15
2025-03-10 21:00:00,2.72E+16,0,2.72E+16
2025-03-10 22:00:00,1730865380,0,1730865380
2025-03-10 23:00:00,1.22E+16,0,1.22E+16
2025-03-11 00:00:00,1.04E+16,0,1.04E+16
2025-03-11 01:00:00,1.06E+16,0,1.06E+16
2025-03-11 02:00:00,1.08E+16,0,1.08E+16
2025-03-11 03:00:00,9.28544E+15,0,9.28544E+15
2025-03-11 04:00:00,5.65589E+15,0,5.65589E+15
2025-03-11 05:00:00,1.23E+16,0,1.23E+16
2025-03-11 06:00:00,2.32E+16,0,2.32E+16
2025-03-11 07:00:00,3.95913E+15,0,3.95913E+15
2025-03-11 08:00:00,1.37829E+15,0,1.37829E+15
2025-03-11 09:00:00,1.31759E+14,0,1.31759E+14
2025-03-11 10:00:00,3.69385E+14,0,3.69385E+14
2025-03-11 11:00:00,1.99369E+15,0,1.99369E+15
2025-03-11 12:00:00,3.65836E+14,0,3.65836E+14
2025-03-11 13:00:00,1.41577E+15,0,1.41577E+15
2025-03-11 14:00:00,3.39087E+15,0,3.39087E+15
2025-03-11 15:00:00,1.63751E+14,0,1.63751E+14
2025-03-11 16:00:00,1.67911E+15,0,1.67911E+15
2025-03-11 17:00:00,1.37274E+15,0,1.37274E+15
2025-03-11 18:00:00,2.26236E+15,0,2.26236E+15
2025-03-11 19:00:00,3.23E+16,0,3.23E+16
2025-03-11 20:00:00,3.66026E+15,0,3.66026E+15
2025-03-11 21:00:00,2.72E+16,0,2.72E+16
2025-03-11 22:00:00,1730865380,0,1730865380
2025-03-11 23:00:00,1.22E+16,0,1.22E+16
2025-03-12 00:00:00,1.04E+16,0,1.04E+16
2025-03-12 01:00:00,1.06E+16,0,1.06E+16
2025-03-12 02:00:00,1.08E+16,0,1.08E+16
2025-03-12 03:00:00,9.28544E+15,0,9.28544E+15
2025-03-12 04:00:00,5.65589E+15,0,5.65589E+15
2025-03-12 05:00:00,1.23E+16,0,1.23E+16
2025-03-12 06:00:00,2.32E+16,0,2.32E+16
2025-03-12 07:00:00,3.95913E+15,0,3.95913E+15
2025-03-12 08:00:00,1.37829E+15,0,1.37829E+15
2025-03-12 09:00:00,1.31759E+14,33.005,1.31759E+14
2025-03-12 10:00:00,3.69385E+14,33.011,3.69385E+14
2025-03-12 11:00:00,1.99369E+15,10.236,1.99369E+15
2025-03-12 12:00:00,3.65836E+14,0,3.65836E+14
2025-03-12 13:00:00,1.41577E+15,0,1.41577E+15
2025-03-12 14:00:00,3.39087E+15,0,3.39087E+15
2025-03-12 15:00:00,1.63751E+14,0,1.63751E+14
2025-03-12 16:00:00,1.67911E+15,0,1.67911E+15
2025-03-12 17:00:00,1.37274E+15,0,1.37274E+15
2025-03-12 18:00:00,2.26236E+15,0,2.26236E+15
2025-03-12 19:00:00,3.23E+16,73.369,3.23E+16
2025-03-12 20:00:00,3.66026E+15,73.401,3.66026E+15
2025-03-12 21:00:00,2.72E+16,48.981,2.72E+16
2025-03-12 22:00:00,1730865380,12.749,1730865393
2025-03-12 23:00:00,1.22E+16,7.5625,1.22E+16
2025-03-13 00:00:00,8.13927E+14,7.971,8.13927E+14
2025-03-13 01:00:00,8.90338E+15,7.9708,8.90338E+15
2025-03-13 02:00:00,9.09441E+15,7.9705,9.09441E+15
2025-03-13 03:00:00,6.80207E+15,7.9703,6.80207E+15
2025-03-13 04:00:00,6.61104E+14,7.97,6.61104E+14
2025-03-13 05:00:00,1.06E+16,7.9697,1.06E+16
2025-03-13 06:00:00,1.46342E+15,7.9695,1.46342E+15
2025-03-13 07:00:00,1.60E+16,52.108,1.60E+16
2025-03-13 08:00:00,3.35461E+15,28.534,3.35461E+15
2025-03-13 09:00:00,1.70427E+15,99.008,1.70427E+15
2025-03-13 10:00:00,3.02236E+15,99.015,3.02236E+15
2025-03-13 11:00:00,2.73582E+15,32.237,2.73582E+15
2025-03-13 12:00:00,1.64696E+15,22.002,1.64696E+15
2025-03-13 13:00:00,3.9277E+15,22.003,3.9277E+15
2025-03-13 14:00:00,2.51E+16,0,2.51E+16
2025-03-13 15:00:00,2.57E+16,0,2.57E+16
2025-03-13 16:00:00,2.28485E+15,0,2.28485E+15
2025-03-13 17:00:00,2.30E+16,0,2.30E+16
2025-03-13 18:00:00,2.53319E+15,45.976,2.53319E+15
2025-03-13 19:00:00,2.53319E+15,73.367,2.53319E+15
2025-03-13 20:00:00,2.20844E+15,73.353,2.20844E+15
2025-03-13 21:00:00,1.33E+16,66.471,1.33E+16
2025-03-13 22:00:00,1.22E+16,0,1.22E+16
2025-03-13 23:00:00,1.33E+16,0,1.33E+16
2025-03-14 00:00:00,7.94824E+15,0,7.94824E+15
2025-03-14 01:00:00,8.90338E+15,0,8.90338E+15
2025-03-14 02:00:00,9.09441E+15,0,9.09441E+15
2025-03-14 03:00:00,6.80207E+15,0,6.80207E+15
2025-03-14 04:00:00,6.61104E+14,0,6.61104E+14
2025-03-14 05:00:00,1.06E+16,0,1.06E+16
2025-03-14 06:00:00,1.48253E+15,0,1.48253E+15
2025-03-14 07:00:00,1.38701E+15,73.4026,1.38701E+15
2025-03-14 08:00:00,1.60E+16,0,1.60E+16
2025-03-14 09:00:00,1.83E+16,27.977,1.83E+16
2025-03-14 10:00:00,1730865380,77.013,1730865457
2025-03-14 11:00:00,2.00E+16,44.005,2.00E+16
2025-03-14 12:00:00,2036511536,18.66,2036511555
2025-03-14 13:00:00,1.54E+16,0,1.54E+16
2025-03-14 14:00:00,1.55894E+15,0,1.55894E+15
2025-03-14 15:00:00,2.00E+16,0,2.00E+16
2025-03-14 16:00:00,2.19E+16,0,2.19E+16
2025-03-14 17:00:00,2.07E+16,0,2.07E+16
2025-03-14 18:00:00,2.57E+16,52.705,2.57E+16
2025-03-14 19:00:00,2.55E+16,73.382,2.55E+16
2025-03-14 20:00:00,2.13E+16,70.395,2.13E+16
2025-03-14 21:00:00,1.80728E+15,0,1.80728E+15
2025-03-14 22:00:00,1.38701E+15,7.3296,1.38701E+15
2025-03-14 23:00:00,1.27E+16,7.3294,1.27E+16
2025-03-15 00:00:00,1.04E+16,7.3293,1.04E+16
2025-03-15 01:00:00,1.06E+16,7.3291,1.06E+16
2025-03-15 02:00:00,1.08E+16,7.3289,1.08E+16
2025-03-15 03:00:00,9.28544E+15,7.3287,9.28544E+15
2025-03-15 04:00:00,5.65589E+15,7.3285,5.65589E+15
2025-03-15 05:00:00,1.23E+16,7.3283,1.23E+16
2025-03-15 06:00:00,2.32E+16,73.402,2.32E+16
2025-03-15 07:00:00,3.95913E+15,73.4027,3.95913E+15
2025-03-15 08:00:00,1.37829E+15,0,1.37829E+15
2025-03-15 09:00:00,1.31759E+14,55.004,1.31759E+14
2025-03-15 10:00:00,3.69385E+14,55.009,3.69385E+14
2025-03-15 11:00:00,1.99369E+15,45.561,1.99369E+15
2025-03-15 12:00:00,3.65836E+14,22.002,3.65836E+14
2025-03-15 13:00:00,1.41577E+15,22.003,1.41577E+15
2025-03-15 14:00:00,3.39087E+15,0,3.39087E+15
2025-03-15 15:00:00,1.63751E+14,0,1.63751E+14
2025-03-15 16:00:00,1.67911E+15,0,1.67911E+15
2025-03-15 17:00:00,1.37274E+15,0,1.37274E+15
2025-03-15 18:00:00,2.26236E+15,52.705,2.26236E+15
2025-03-15 19:00:00,3.23E+16,73.381,3.23E+16
2025-03-15 20:00:00,3.66026E+15,73.354,3.66026E+15
2025-03-15 21:00:00,2.72E+16,7.5748,2.72E+16
2025-03-15 22:00:00,1730865380,7.5778,1730865388
2025-03-15 23:00:00,1.22E+16,7.5566,1.22E+16
2025-03-16 00:00:00,1.04E+16,7.5538,1.04E+16
2025-03-16 01:00:00,1.06E+16,7.553,1.06E+16
2025-03-16 02:00:00,1.08E+16,7.5529,1.08E+16
2025-03-16 03:00:00,9.28544E+15,7.5528,9.28544E+15
2025-03-16 04:00:00,5.65589E+15,7.5528,5.65589E+15
2025-03-16 05:00:00,1.23E+16,24.738,1.23E+16
2025-03-16 06:00:00,2.32E+16,73.1176,2.32E+16
2025-03-16 07:00:00,3.95913E+15,89.949,3.95913E+15
2025-03-16 08:00:00,1.37829E+15,44.003,1.37829E+15
2025-03-16 09:00:00,1.31759E+14,77.009,1.31759E+14
2025-03-16 10:00:00,3.69385E+14,33.011,3.69385E+14
2025-03-16 11:00:00,1.99369E+15,10.236,1.99369E+15
2025-03-16 12:00:00,3.65836E+14,0,3.65836E+14
2025-03-16 13:00:00,1.41577E+15,0,1.41577E+15
2025-03-16 14:00:00,3.39087E+15,0,3.39087E+15
2025-03-16 15:00:00,1.63751E+14,0,1.63751E+14
2025-03-16 16:00:00,1.67911E+15,0,1.67911E+15
2025-03-16 17:00:00,1.37274E+15,0,1.37274E+15
2025-03-16 18:00:00,2.26236E+15,52.702,2.26236E+15
2025-03-16 19:00:00,3.23E+16,73.371,3.23E+16
2025-03-16 20:00:00,3.66026E+15,73.359,3.66026E+15
2025-03-16 21:00:00,2.72E+16,11.23,2.72E+16
2025-03-16 22:00:00,1730865380,8.3528,1730865388
2025-03-16 23:00:00,1.22E+16,7.7982,1.22E+16
2025-03-17 00:00:00,1.04E+16,7.5555,1.04E+16
2025-03-17 01:00:00,1.06E+16,8.0601,1.06E+16
2025-03-17 02:00:00,1.08E+16,8.0598,1.08E+16
2025-03-17 03:00:00,9.28544E+15,8.0596,9.28544E+15
2025-03-17 04:00:00,5.65589E+15,8.0593,5.65589E+15
2025-03-17 05:00:00,1.23E+16,8.0591,1.23E+16
2025-03-17 06:00:00,2.32E+16,8.0588,2.32E+16
2025-03-17 07:00:00,3.95913E+15,6.8987,3.95913E+15
2025-03-17 08:00:00,1.37829E+15,73.403,1.37829E+15
2025-03-17 09:00:00,1.31759E+14,73.404,1.31759E+14
2025-03-17 10:00:00,3.69385E+14,73.406,3.69385E+14
2025-03-17 11:00:00,1.99369E+15,63.796,1.99369E+15
2025-03-17 12:00:00,3.65836E+14,0,3.65836E+14
2025-03-17 13:00:00,1.41577E+15,0,1.41577E+15
2025-03-17 14:00:00,3.39087E+15,0,3.39087E+15
2025-03-17 15:00:00,1.63751E+14,0,1.63751E+14
2025-03-17 16:00:00,1.67911E+15,0,1.67911E+15
2025-03-17 17:00:00,1.37274E+15,0,1.37274E+15
2025-03-17 18:00:00,2.26236E+15,0,2.26236E+15
2025-03-17 19:00:00,3.23E+16,0,3.23E+16
2025-03-17 20:00:00,3.66026E+15,0,3.66026E+15
2025-03-17 21:00:00,2.72E+16,0,2.72E+16
2025-03-17 22:00:00,1730865380,0,1730865380
2025-03-17 23:00:00,1.22E+16,0,1.22E+16
2025-03-18 00:00:00,1.04E+16,0,1.04E+16
2025-03-18 01:00:00,1.06E+16,0,1.06E+16
2025-03-18 02:00:00,1.08E+16,0,1.08E+16
2025-03-18 03:00:00,9.28544E+15,0,9.28544E+15
2025-03-18 04:00:00,5.65589E+15,0,5.65589E+15
2025-03-18 05:00:00,1.23E+16,0,1.23E+16
2025-03-18 06:00:00,2.32E+16,0,2.32E+16
2025-03-18 07:00:00,3.95913E+15,0,3.95913E+15
2025-03-18 08:00:00,1.37829E+15,0,1.37829E+15
2025-03-18 09:00:00,1.31759E+14,0,1.31759E+14
2025-03-18 10:00:00,3.69385E+14,0,3.69385E+14
2025-03-18 11:00:00,1.99369E+15,0,1.99369E+15
2025-03-18 12:00:00,3.65836E+14,0,3.65836E+14
2025-03-18 13:00:00,1.41577E+15,0,1.41577E+15
2025-03-18 14:00:00,3.39087E+15,0,3.39087E+15
2025-03-18 15:00:00,1.63751E+14,0,1.63751E+14
2025-03-18 16:00:00,1.67911E+15,0,1.67911E+15
2025-03-18 17:00:00,1.37274E+15,0,1.37274E+15
2025-03-18 18:00:00,2.26236E+15,0,2.26236E+15
2025-03-18 19:00:00,3.23E+16,0,3.23E+16
2025-03-18 20:00:00,3.66026E+15,0,3.66026E+15
2025-03-18 21:00:00,2.72E+16,0,2.72E+16
2025-03-18 22:00:00,1730865380,0,1730865380
2025-03-18 23:00:00,1.22E+16,0,1.22E+16
2025-03-19 00:00:00,1.04E+16,0,1.04E+16
2025-03-19 01:00:00,1.06E+16,0,1.06E+16
2025-03-19 02:00:00,1.08E+16,0,1.08E+16
2025-03-19 03:00:00,9.28544E+15,0,9.28544E+15
2025-03-19 04:00:00,5.65589E+15,0,5.65589E+15
2025-03-19 05:00:00,1.23E+16,0,1.23E+16
2025-03-19 06:00:00,2.32E+16,0,2.32E+16
2025-03-19 07:00:00,3.95913E+15,0,3.95913E+15
2025-03-19 08:00:00,1.37829E+15,0,1.37829E+15
2025-03-19 09:00:00,1.31759E+14,33.005,1.31759E+14
2025-03-19 10:00:00,3.69385E+14,77.014,3.69385E+14
2025-03-19 11:00:00,1.99369E+15,54.241,1.99369E+15
2025-03-19 12:00:00,3.65836E+14,17.315,3.65836E+14
2025-03-19 13:00:00,1.41577E+15,0,1.41577E+15
2025-03-19 14:00:00,3.39087E+15,0,3.39087E+15
2025-03-19 15:00:00,1.63751E+14,0,1.63751E+14
2025-03-19 16:00:00,1.67911E+15,0,1.67911E+15
2025-03-19 17:00:00,1.37274E+15,0,1.37274E+15
2025-03-19 18:00:00,2.26236E+15,0,2.26236E+15
2025-03-19 19:00:00,3.23E+16,73.332,3.23E+16
2025-03-19 20:00:00,3.66026E+15,73.402,3.66026E+15
2025-03-19 21:00:00,2.72E+16,49.328,2.72E+16
2025-03-19 22:00:00,1730865380,12.843,1730865393
2025-03-19 23:00:00,1.22E+16,7.6286,1.22E+16
2025-03-20 00:00:00,8.13927E+14,8.0363,8.13927E+14
2025-03-20 01:00:00,8.90338E+15,8.036,8.90338E+15
2025-03-20 02:00:00,9.09441E+15,8.0357,9.09441E+15
2025-03-20 03:00:00,6.80207E+15,8.0355,6.80207E+15
2025-03-20 04:00:00,6.61104E+14,8.0352,6.61104E+14
2025-03-20 05:00:00,1.06E+16,8.0349,1.06E+16
2025-03-20 06:00:00,1.46342E+15,8.0347,1.46342E+15
2025-03-20 07:00:00,1.60E+16,48.889,1.60E+16
2025-03-20 08:00:00,3.35461E+15,0,3.35461E+15
2025-03-20 09:00:00,1.70427E+15,54.983,1.70427E+15
2025-03-20 10:00:00,3.02236E+15,55.011,3.02236E+15
2025-03-20 11:00:00,2.73582E+15,32.237,2.73582E+15
2025-03-20 12:00:00,1.64696E+15,22.002,1.64696E+15
2025-03-20 13:00:00,3.9277E+15,22.003,3.9277E+15
2025-03-20 14:00:00,2.51E+16,0,2.51E+16
2025-03-20 15:00:00,2.57E+16,0,2.57E+16
2025-03-20 16:00:00,2.28485E+15,0,2.28485E+15
2025-03-20 17:00:00,2.30E+16,0,2.30E+16
2025-03-20 18:00:00,2.53319E+15,11.52546,2.53319E+15
2025-03-20 19:00:00,2.53319E+15,73.368,2.53319E+15
2025-03-20 20:00:00,2.20844E+15,73.353,2.20844E+15
2025-03-20 21:00:00,1.33E+16,38.613,1.33E+16
2025-03-20 22:00:00,1.22E+16,9.8544,1.22E+16
2025-03-20 23:00:00,1.33E+16,8.0234,1.33E+16
2025-03-21 00:00:00,1.83532E+15,7.7434,1.83532E+15
2025-03-21 01:00:00,3.74E+16,7.6349,3.74E+16
2025-03-21 02:00:00,3.76E+16,7.5889,3.76E+16
2025-03-21 03:00:00,4.98115E+14,7.5706,4.98115E+14
2025-03-21 04:00:00,3.76E+16,7.5532,3.76E+16
2025-03-21 05:00:00,3.76E+16,7.5523,3.76E+16
2025-03-21 06:00:00,3.07087E+14,24.87439,3.07087E+14
2025-03-21 07:00:00,3.78E+16,94.816,3.78E+16
2025-03-21 08:00:00,3591342304,44.003,3591342348
2025-03-21 09:00:00,3.63E+16,75.3824,3.63E+16
2025-03-21 10:00:00,3591342304,65.244,3591342369
2025-03-21 11:00:00,3.78E+16,10.236,3.78E+16
2025-03-21 12:00:00,4.98115E+14,0,4.98115E+14
2025-03-21 13:00:00,3.76E+16,0,3.76E+16
2025-03-21 14:00:00,3.76E+16,0,3.76E+16
2025-03-21 15:00:00,3.07087E+14,0,3.07087E+14
2025-03-21 16:00:00,3.80E+16,0,3.80E+16
2025-03-21 17:00:00,3.53E+16,0,3.53E+16
2025-03-21 18:00:00,3.99E+16,52.7018,3.99E+16
2025-03-21 19:00:00,3.93663E+15,73.369,3.93663E+15
2025-03-21 20:00:00,3.55458E+15,73.356,3.55458E+15
2025-03-21 21:00:00,1.64429E+14,67.309,1.64429E+14
2025-03-21 22:00:00,3935194228,0,3935194228
2025-03-21 23:00:00,1.16058E+14,0,1.16058E+14
2025-03-22 00:00:00,3.76E+16,0,3.76E+16
2025-03-22 01:00:00,3591342304,0,3591342304
2025-03-22 02:00:00,3.61E+16,0,3.61E+16
2025-03-22 03:00:00,3.65E+16,0,3.65E+16
2025-03-22 04:00:00,3.55E+16,0,3.55E+16
2025-03-22 05:00:00,1.06E+16,0,1.06E+16
2025-03-22 06:00:00,1.55894E+15,51.5357,1.55894E+15
2025-03-22 07:00:00,1.54E+16,73.403,1.54E+16
2025-03-22 08:00:00,5.86853E+13,0,5.86853E+13
2025-03-22 09:00:00,2.90241E+15,54.984,2.90241E+15
2025-03-22 10:00:00,3.09344E+14,55.011,3.09344E+14
2025-03-22 11:00:00,3.32267E+15,32.237,3.32267E+15
2025-03-22 12:00:00,1.38168E+15,22.002,1.38168E+15
2025-03-22 13:00:00,1.79372E+15,22.002,1.79372E+15
2025-03-22 14:00:00,3.03698E+14,8.2917,3.03698E+14
2025-03-22 15:00:00,1.82443E+14,0,1.82443E+14
2025-03-22 16:00:00,2.93579E+15,0,2.93579E+15
2025-03-22 17:00:00,1.38549E+14,0,1.38549E+14
2025-03-22 18:00:00,1.09E+16,52.702,1.09E+16
2025-03-22 19:00:00,4.62578E+14,73.37,4.62578E+14
2025-03-22 20:00:00,2.44E+16,73.338,2.44E+16
2025-03-22 21:00:00,1.20E+16,9.2859,1.20E+16
2025-03-22 22:00:00,4.70075E+15,7.8001,4.70075E+15
2025-03-22 23:00:00,1.83532E+15,7.6512,1.83532E+15
2025-03-23 00:00:00,3.76E+16,7.6045,3.76E+16
2025-03-23 01:00:00,3591342304,7.5602,3591342312
2025-03-23 02:00:00,3.61E+16,7.5566,3.61E+16
2025-03-23 03:00:00,3.65E+16,7.5544,3.65E+16
2025-03-23 04:00:00,3.55E+16,7.5536,3.55E+16
2025-03-23 05:00:00,1.06E+16,7.5528,1.06E+16
2025-03-23 06:00:00,1.55894E+15,25.95257,1.55894E+15
2025-03-23 07:00:00,1.54E+16,95.12,1.54E+16
2025-03-23 08:00:00,5.86853E+13,44.003,5.86853E+13
2025-03-23 09:00:00,2.90241E+15,77.009,2.90241E+15
2025-03-23 10:00:00,3.09344E+14,63.253,3.09344E+14
2025-03-23 11:00:00,3.32267E+15,10.236,3.32267E+15
2025-03-23 12:00:00,1.38168E+15,0,1.38168E+15
2025-03-23 13:00:00,1.79372E+15,0,1.79372E+15
2025-03-23 14:00:00,3.03698E+14,0,3.03698E+14
2025-03-23 15:00:00,1.82443E+14,0,1.82443E+14
2025-03-23 16:00:00,2.93579E+15,0,2.93579E+15
2025-03-23 17:00:00,1.38549E+14,0,1.38549E+14
2025-03-23 18:00:00,1.09E+16,52.7042,1.09E+16
2025-03-23 19:00:00,4.62578E+14,73.38,4.62578E+14
2025-03-23 20:00:00,2.44E+16,73.352,2.44E+16
2025-03-23 21:00:00,1.20E+16,71.487,1.20E+16
2025-03-23 22:00:00,4.70075E+15,0,4.70075E+15
2025-03-23 23:00:00,1.83532E+15,0,1.83532E+15
2025-03-24 00:00:00,3.76E+16,0,3.76E+16
2025-03-24 01:00:00,3591342304,0,3591342304
2025-03-24 02:00:00,3.61E+16,0,3.61E+16
2025-03-24 03:00:00,3.65E+16,0,3.65E+16
2025-03-24 04:00:00,3.55E+16,0,3.55E+16
2025-03-24 05:00:00,1.06E+16,0,1.06E+16
2025-03-24 06:00:00,1.55894E+15,7.8902,1.55894E+15
2025-03-24 07:00:00,1.54E+16,73.402,1.54E+16
2025-03-24 08:00:00,5.86853E+13,73.404,5.86853E+13
2025-03-24 09:00:00,2.90241E+15,73.405,2.90241E+15
2025-03-24 10:00:00,3.09344E+14,55.005,3.09344E+14
2025-03-24 11:00:00,3.32267E+15,23.542,3.32267E+15
2025-03-24 12:00:00,1.38168E+15,0,1.38168E+15
2025-03-24 13:00:00,1.79372E+15,0,1.79372E+15
2025-03-24 14:00:00,3.03698E+14,0,3.03698E+14
2025-03-24 15:00:00,1.82443E+14,0,1.82443E+14
2025-03-24 16:00:00,2.93579E+15,0,2.93579E+15
2025-03-24 17:00:00,1.38549E+14,0,1.38549E+14
2025-03-24 18:00:00,1.09E+16,0,1.09E+16
2025-03-24 19:00:00,4.62578E+14,0,4.62578E+14
2025-03-24 20:00:00,2.44E+16,0,2.44E+16
2025-03-24 21:00:00,1.20E+16,0,1.20E+16
2025-03-24 22:00:00,4.70075E+15,0,4.70075E+15
2025-03-24 23:00:00,1.83532E+15,0,1.83532E+15
2025-03-25 00:00:00,3.76E+16,0,3.76E+16
2025-03-25 01:00:00,3591342304,0,3591342304
2025-03-25 02:00:00,3.61E+16,0,3.61E+16
2025-03-25 03:00:00,3.65E+16,0,3.65E+16
2025-03-25 04:00:00,3.55E+16,0,3.55E+16
2025-03-25 05:00:00,1.06E+16,0,1.06E+16
2025-03-25 06:00:00,1.55894E+15,0,1.55894E+15
2025-03-25 07:00:00,1.54E+16,0,1.54E+16
2025-03-25 08:00:00,5.86853E+13,0,5.86853E+13
2025-03-25 09:00:00,2.90241E+15,0,2.90241E+15
2025-03-25 10:00:00,3.09344E+14,0,3.09344E+14
2025-03-25 11:00:00,3.32267E+15,0,3.32267E+15
2025-03-25 12:00:00,1.38168E+15,0,1.38168E+15
2025-03-25 13:00:00,1.79372E+15,0,1.79372E+15
2025-03-25 14:00:00,3.03698E+14,0,3.03698E+14
2025-03-25 15:00:00,1.82443E+14,0,1.82443E+14
2025-03-25 16:00:00,2.93579E+15,0,2.93579E+15
2025-03-25 17:00:00,1.38549E+14,0,1.38549E+14
2025-03-25 18:00:00,1.09E+16,0,1.09E+16
2025-03-25 19:00:00,4.62578E+14,0,4.62578E+14
2025-03-25 20:00:00,2.44E+16,0,2.44E+16
2025-03-25 21:00:00,1.20E+16,0,1.20E+16
2025-03-25 22:00:00,4.70075E+15,0,4.70075E+15
2025-03-25 23:00:00,1.83532E+15,0,1.83532E+15
2025-03-26 00:00:00,3.76E+16,0,3.76E+16
2025-03-26 01:00:00,3591342304,0,3591342304
2025-03-26 02:00:00,3.61E+16,0,3.61E+16
2025-03-26 03:00:00,3.65E+16,0,3.65E+16
2025-03-26 04:00:00,3.55E+16,0,3.55E+16
2025-03-26 05:00:00,1.06E+16,0,1.06E+16
2025-03-26 06:00:00,1.55894E+15,0,1.55894E+15
2025-03-26 07:00:00,1.54E+16,0,1.54E+16
2025-03-26 08:00:00,5.86853E+13,0,5.86853E+13
2025-03-26 09:00:00,2.90241E+15,33.005,2.90241E+15
2025-03-26 10:00:00,3.09344E+14,33.011,3.09344E+14
2025-03-26 11:00:00,3.32267E+15,10.236,3.32267E+15
2025-03-26 12:00:00,1.38168E+15,0,1.38168E+15
2025-03-26 13:00:00,1.79372E+15,0,1.79372E+15
2025-03-26 14:00:00,3.03698E+14,0,3.03698E+14
2025-03-26 15:00:00,1.82443E+14,0,1.82443E+14
2025-03-26 16:00:00,2.93579E+15,0,2.93579E+15
2025-03-26 17:00:00,1.38549E+14,0,1.38549E+14
2025-03-26 18:00:00,1.09E+16,0,1.09E+16
2025-03-26 19:00:00,4.62578E+14,73.336,4.62578E+14
2025-03-26 20:00:00,2.44E+16,73.401,2.44E+16
2025-03-26 21:00:00,1.20E+16,55.032,1.20E+16
2025-03-26 22:00:00,4.70075E+15,0,4.70075E+15
2025-03-26 23:00:00,1.83532E+15,0,1.83532E+15
2025-03-27 00:00:00,3.97E+16,0,3.97E+16
2025-03-27 01:00:00,3.82E+16,0,3.82E+16
2025-03-27 02:00:00,3.55E+16,0,3.55E+16
2025-03-27 03:00:00,3.84E+16,0,3.84E+16
2025-03-27 04:00:00,3.76E+16,0,3.76E+16
2025-03-27 05:00:00,3.95E+16,0,3.95E+16
2025-03-27 06:00:00,3.36355E+15,0,3.36355E+15
2025-03-27 07:00:00,1.02E+16,68.123,1.02E+16
2025-03-27 08:00:00,978355764,19.567,978355783.6
2025-03-27 09:00:00,3920199992,99.008,3920200091
2025-03-27 10:00:00,3.88E+16,99.016,3.88E+16
2025-03-27 11:00:00,3920199992,64.815,3920200057
2025-03-27 12:00:00,2.47E+16,22.002,2.47E+16
2025-03-27 13:00:00,3.62E+16,22.003,3.62E+16
2025-03-27 14:00:00,2.02E+16,0,2.02E+16
2025-03-27 15:00:00,1.62E+16,0,1.62E+16
2025-03-27 16:00:00,1.25E+16,0,1.25E+16
2025-03-27 17:00:00,8.52133E+15,0,8.52133E+15
2025-03-27 18:00:00,6.61104E+14,45.977,6.61104E+14
2025-03-27 19:00:00,7.18412E+15,73.371,7.18412E+15
2025-03-27 20:00:00,6.22898E+15,73.339,6.22898E+15
2025-03-27 21:00:00,1.12E+16,73.401,1.12E+16
2025-03-27 22:00:00,1.13868E+15,0,1.13868E+15
2025-03-27 23:00:00,4.70075E+15,0,4.70075E+15
2025-03-28 00:00:00,1.83532E+15,0,1.83532E+15
2025-03-28 01:00:00,3.74E+16,0,3.74E+16
2025-03-28 02:00:00,3.76E+16,0,3.76E+16
2025-03-28 03:00:00,4.98115E+14,0,4.98115E+14
2025-03-28 04:00:00,3.76E+16,0,3.76E+16
2025-03-28 05:00:00,3.76E+16,0,3.76E+16
2025-03-28 06:00:00,3.07087E+14,17.6499,3.07087E+14
2025-03-28 07:00:00,3.78E+16,73.403,3.78E+16
2025-03-28 08:00:00,3591342304,0,3591342304
2025-03-28 09:00:00,3.63E+16,33.005,3.63E+16
2025-03-28 10:00:00,3591342304,33.011,3591342337
2025-03-28 11:00:00,3.78E+16,10.236,3.78E+16
2025-03-28 12:00:00,4.98115E+14,0,4.98115E+14
2025-03-28 13:00:00,3.76E+16,0,3.76E+16
2025-03-28 14:00:00,3.76E+16,0,3.76E+16
2025-03-28 15:00:00,3.07087E+14,0,3.07087E+14
2025-03-28 16:00:00,3.80E+16,0,3.80E+16
2025-03-28 17:00:00,3.53E+16,0,3.53E+16
2025-03-28 18:00:00,3.99E+16,52.7039,3.99E+16
2025-03-28 19:00:00,3.93663E+15,73.379,3.93663E+15
2025-03-28 20:00:00,3.55458E+15,73.351,3.55458E+15
2025-03-28 21:00:00,1.64429E+14,67.069,1.64429E+14
2025-03-28 22:00:00,3935194228,0,3935194228
2025-03-28 23:00:00,1.16058E+14,0,1.16058E+14
2025-03-29 00:00:00,3.76E+16,0,3.76E+16
2025-03-29 01:00:00,3591342304,0,3591342304
2025-03-29 02:00:00,3.61E+16,0,3.61E+16
2025-03-29 03:00:00,3.65E+16,0,3.65E+16
2025-03-29 04:00:00,3.55E+16,0,3.55E+16
2025-03-29 05:00:00,1.06E+16,0,1.06E+16
2025-03-29 06:00:00,1.55894E+15,60.518,1.55894E+15
2025-03-29 07:00:00,1.54E+16,117.41,1.54E+16
2025-03-29 08:00:00,5.86853E+13,44.004,5.86853E+13
2025-03-29 09:00:00,2.90241E+15,99.011,2.90241E+15
2025-03-29 10:00:00,3.09344E+14,55.011,3.09344E+14
2025-03-29 11:00:00,3.32267E+15,32.237,3.32267E+15
2025-03-29 12:00:00,1.38168E+15,22.002,1.38168E+15
2025-03-29 13:00:00,1.79372E+15,22.003,1.79372E+15
2025-03-29 14:00:00,3.03698E+14,0,3.03698E+14
2025-03-29 15:00:00,1.82443E+14,0,1.82443E+14
2025-03-29 16:00:00,2.93579E+15,0,2.93579E+15
2025-03-29 17:00:00,1.38549E+14,0,1.38549E+14
2025-03-29 18:00:00,1.09E+16,20.1117,1.09E+16
2025-03-29 19:00:00,4.62578E+14,73.385,4.62578E+14
2025-03-29 20:00:00,2.44E+16,73.361,2.44E+16
2025-03-29 21:00:00,1.20E+16,48.474,1.20E+16
2025-03-29 22:00:00,4.70075E+15,12.805,4.70075E+15
2025-03-29 23:00:00,1.83532E+15,7.6935,1.83532E+15
2025-03-30 00:00:00,3.76E+16,7.5737,3.76E+16
2025-03-30 01:00:00,3591342304,7.5561,3591342312
2025-03-30 02:00:00,0,7.5534,7.5534
2025-03-30 03:00:00,3.61E+16,7.553,3.61E+16
2025-03-30 04:00:00,3.65E+16,7.553,3.65E+16
2025-03-30 05:00:00,3.55E+16,8.0644,3.55E+16
2025-03-30 06:00:00,1.06E+16,70.5489,1.06E+16
2025-03-30 07:00:00,1.55894E+15,73.404,1.55894E+15
2025-03-30 08:00:00,1.54E+16,0,1.54E+16
2025-03-30 09:00:00,5.86853E+13,33.005,5.86853E+13
2025-03-30 10:00:00,2.90241E+15,33.011,2.90241E+15
2025-03-30 11:00:00,3.09344E+14,10.236,3.09344E+14
2025-03-30 12:00:00,3.32267E+15,0,3.32267E+15
2025-03-30 13:00:00,1.38168E+15,0,1.38168E+15
2025-03-30 14:00:00,1.79372E+15,0,1.79372E+15
2025-03-30 15:00:00,3.03698E+14,0,3.03698E+14
2025-03-30 16:00:00,1.82443E+14,0,1.82443E+14
2025-03-30 17:00:00,2.93579E+15,0,2.93579E+15
2025-03-30 18:00:00,1.38549E+14,20.1108,1.38549E+14
2025-03-30 19:00:00,1.09E+16,73.379,1.09E+16
2025-03-30 20:00:00,4.62578E+14,73.369,4.62578E+14
2025-03-30 21:00:00,2.44E+16,48.146,2.44E+16
2025-03-30 22:00:00,1.20E+16,12.682,1.20E+16
2025-03-30 23:00:00,4.70075E+15,7.5613,4.70075E+15
2025-03-31 00:00:00,1.83532E+15,7.9704,1.83532E+15
2025-03-31 01:00:00,3.76E+16,7.9701,3.76E+16
2025-03-31 02:00:00,3591342304,7.9699,3591342312
2025-03-31 03:00:00,3.61E+16,7.9696,3.61E+16
2025-03-31 04:00:00,3.65E+16,7.9694,3.65E+16
2025-03-31 05:00:00,3.55E+16,7.9691,3.55E+16
2025-03-31 06:00:00,1.06E+16,6.89876,1.06E+16
2025-03-31 07:00:00,1.55894E+15,62.91556,1.55894E+15
2025-03-31 08:00:00,1.54E+16,73.404,1.54E+16
2025-03-31 09:00:00,5.86853E+13,73.406,5.86853E+13
2025-03-31 10:00:00,2.90241E+15,0,2.90241E+15
2025-03-31 11:00:00,3.09344E+14,0,3.09344E+14
2025-03-31 12:00:00,3.32267E+15,0,3.32267E+15
2025-03-31 13:00:00,1.38168E+15,0,1.38168E+15
2025-03-31 14:00:00,1.79372E+15,0,1.79372E+15
2025-03-31 15:00:00,3.03698E+14,0,3.03698E+14
2025-03-31 16:00:00,1.82443E+14,0,1.82443E+14
2025-03-31 17:00:00,2.93579E+15,0,2.93579E+15
2025-03-31 18:00:00,1.38549E+14,0,1.38549E+14
2025-03-31 19:00:00,1.09E+16,0,1.09E+16
2025-03-31 20:00:00,4.62578E+14,0,4.62578E+14
2025-03-31 21:00:00,2.44E+16,0,2.44E+16
2025-03-31 22:00:00,1.20E+16,0,1.20E+16
2025-03-31 23:00:00,4.70075E+15,0,4.70075E+15
2025-04-01 00:00:00,1.83532E+15,0,1.83532E+15
2025-04-01 01:00:00,3.76E+16,0,3.76E+16
2025-04-01 02:00:00,3591342304,0,3591342304
2025-04-01 03:00:00,3.61E+16,0,3.61E+16
2025-04-01 04:00:00,3.65E+16,0,3.65E+16
2025-04-01 05:00:00,3.55E+16,0,3.55E+16
2025-04-01 06:00:00,1.06E+16,0,1.06E+16
2025-04-01 07:00:00,1.55894E+15,0,1.55894E+15
2025-04-01 08:00:00,1.54E+16,0,1.54E+16
2025-04-01 09:00:00,5.86853E+13,0,5.86853E+13
2025-04-01 10:00:00,2.90241E+15,0,2.90241E+15
2025-04-01 11:00:00,3.09344E+14,0,3.09344E+14
2025-04-01 12:00:00,3.32267E+15,0,3.32267E+15
2025-04-01 13:00:00,1.38168E+15,0,1.38168E+15
2025-04-01 14:00:00,1.79372E+15,0,1.79372E+15
2025-04-01 15:00:00,3.03698E+14,0,3.03698E+14
2025-04-01 16:00:00,1.82443E+14,0,1.82443E+14
2025-04-01 17:00:00,2.93579E+15,0,2.93579E+15
2025-04-01 18:00:00,1.38549E+14,0,1.38549E+14
2025-04-01 19:00:00,1.09E+16,0,1.09E+16
2025-04-01 20:00:00,4.62578E+14,0,4.62578E+14
2025-04-01 21:00:00,2.44E+16,0,2.44E+16
2025-04-01 22:00:00,1.20E+16,0,1.20E+16
2025-04-01 23:00:00,4.70075E+15,0,4.70075E+15
2025-04-02 00:00:00,1.83532E+15,0,1.83532E+15
2025-04-02 01:00:00,3.76E+16,0,3.76E+16
2025-04-02 02:00:00,3591342304,0,3591342304
2025-04-02 03:00:00,3.61E+16,0,3.61E+16
2025-04-02 04:00:00,3.65E+16,0,3.65E+16
2025-04-02 05:00:00,3.55E+16,0,3.55E+16
2025-04-02 06:00:00,1.06E+16,0,1.06E+16
2025-04-02 07:00:00,1.55894E+15,44.002,1.55894E+15
2025-04-02 08:00:00,1.54E+16,44.004,1.54E+16
2025-04-02 09:00:00,5.86853E+13,77.01,5.86853E+13
2025-04-02 10:00:00,2.90241E+15,33.011,2.90241E+15
2025-04-02 11:00:00,3.09344E+14,10.236,3.09344E+14
2025-04-02 12:00:00,3.32267E+15,0,3.32267E+15
2025-04-02 13:00:00,1.38168E+15,0,1.38168E+15
2025-04-02 14:00:00,1.79372E+15,0,1.79372E+15
2025-04-02 15:00:00,3.03698E+14,0,3.03698E+14
2025-04-02 16:00:00,1.82443E+14,0,1.82443E+14
2025-04-02 17:00:00,2.93579E+15,0,2.93579E+15
2025-04-02 18:00:00,1.38549E+14,0,1.38549E+14
2025-04-02 19:00:00,1.09E+16,73.358,1.09E+16
2025-04-02 20:00:00,4.62578E+14,73.401,4.62578E+14
2025-04-02 21:00:00,2.44E+16,54.681,2.44E+16
2025-04-02 22:00:00,1.20E+16,0,1.20E+16
2025-04-02 23:00:00,4.70075E+15,0,4.70075E+15
2025-04-03 00:00:00,1.83532E+15,0,1.83532E+15
2025-04-03 01:00:00,3.97E+16,0,3.97E+16
2025-04-03 02:00:00,3.82E+16,0,3.82E+16
2025-04-03 03:00:00,3.55E+16,0,3.55E+16
2025-04-03 04:00:00,3.84E+16,0,3.84E+16
2025-04-03 05:00:00,3.76E+16,0,3.76E+16
2025-04-03 06:00:00,3.95E+16,6.8987,3.95E+16
2025-04-03 07:00:00,3.36355E+15,73.403,3.36355E+15
2025-04-03 08:00:00,1.02E+16,0,1.02E+16
2025-04-03 09:00:00,978355764,55.005,978355819
2025-04-03 10:00:00,3920199992,55.011,3920200047
2025-04-03 11:00:00,3.88E+16,32.237,3.88E+16
2025-04-03 12:00:00,3920199992,22.002,3920200014
2025-04-03 13:00:00,2.47E+16,22.003,2.47E+16
2025-04-03 14:00:00,3.62E+16,0,3.62E+16
2025-04-03 15:00:00,2.02E+16,0,2.02E+16
2025-04-03 16:00:00,1.62E+16,0,1.62E+16
2025-04-03 17:00:00,1.25E+16,0,1.25E+16
2025-04-03 18:00:00,8.52133E+15,18.426,8.52133E+15
2025-04-03 19:00:00,6.61104E+14,73.387,6.61104E+14
2025-04-03 20:00:00,7.18412E+15,73.364,7.18412E+15
2025-04-03 21:00:00,6.22898E+15,54.737,6.22898E+15
2025-04-03 22:00:00,1.12E+16,0,1.12E+16
2025-04-03 23:00:00,1.13868E+15,0,1.13868E+15
2025-04-04 00:00:00,4.70075E+15,0,4.70075E+15
2025-04-04 01:00:00,1.83532E+15,0,1.83532E+15
2025-04-04 02:00:00,3.74E+16,0,3.74E+16
2025-04-04 03:00:00,3.76E+16,0,3.76E+16
2025-04-04 04:00:00,4.98115E+14,0,4.98115E+14
2025-04-04 05:00:00,3.76E+16,53.005,3.76E+16
2025-04-04 06:00:00,3.76E+16,73.402,3.76E+16
2025-04-04 07:00:00,3.07087E+14,104.199,3.07087E+14
2025-04-04 08:00:00,3.78E+16,44.003,3.78E+16
2025-04-04 09:00:00,3591342304,77.009,3591342381
2025-04-04 10:00:00,3.63E+16,66.012,3.63E+16
2025-04-04 11:00:00,3591342304,10.236,3591342314
2025-04-04 12:00:00,3.78E+16,0,3.78E+16
2025-04-04 13:00:00,4.98115E+14,0,4.98115E+14
2025-04-04 14:00:00,3.76E+16,0,3.76E+16
2025-04-04 15:00:00,3.76E+16,0,3.76E+16
2025-04-04 16:00:00,3.07087E+14,0,3.07087E+14
2025-04-04 17:00:00,3.80E+16,0,3.80E+16
2025-04-04 18:00:00,3.53E+16,60.722,3.53E+16
2025-04-04 19:00:00,3.99E+16,73.367,3.99E+16
2025-04-04 20:00:00,3.93663E+15,73.353,3.93663E+15
2025-04-04 21:00:00,3.55458E+15,9.0241,3.55458E+15
2025-04-04 22:00:00,1.64429E+14,7.693,1.64429E+14
2025-04-04 23:00:00,3935194228,7.6044,3935194236
2025-04-05 00:00:00,1.16058E+14,7.5598,1.16058E+14
2025-04-05 01:00:00,3.76E+16,7.5563,3.76E+16
2025-04-05 02:00:00,3591342304,7.554,3591342312
2025-04-05 03:00:00,3.61E+16,7.5532,3.61E+16
2025-04-05 04:00:00,3.65E+16,7.5529,3.65E+16
2025-04-05 05:00:00,3.55E+16,7.5528,3.55E+16
2025-04-05 06:00:00,1.06E+16,49.5072,1.06E+16
2025-04-05 07:00:00,1.55894E+15,73.403,1.55894E+15
2025-04-05 08:00:00,1.54E+16,0,1.54E+16
2025-04-05 09:00:00,5.86853E+13,55.005,5.86853E+13
2025-04-05 10:00:00,2.90241E+15,55.011,2.90241E+15
2025-04-05 11:00:00,3.09344E+14,32.237,3.09344E+14
2025-04-05 12:00:00,3.32267E+15,22.002,3.32267E+15
2025-04-05 13:00:00,1.38168E+15,22.003,1.38168E+15
2025-04-05 14:00:00,1.79372E+15,0,1.79372E+15
2025-04-05 15:00:00,3.03698E+14,0,3.03698E+14
2025-04-05 16:00:00,1.82443E+14,0,1.82443E+14
2025-04-05 17:00:00,2.93579E+15,0,2.93579E+15
2025-04-05 18:00:00,1.38549E+14,52.7024,1.38549E+14
2025-04-05 19:00:00,1.09E+16,73.371,1.09E+16
2025-04-05 20:00:00,4.62578E+14,73.339,4.62578E+14
2025-04-05 21:00:00,2.44E+16,66.648,2.44E+16
2025-04-05 22:00:00,1.20E+16,0,1.20E+16
2025-04-05 23:00:00,4.70075E+15,0,4.70075E+15
2025-04-06 00:00:00,1.83532E+15,0,1.83532E+15
2025-04-06 01:00:00,3.76E+16,0,3.76E+16
2025-04-06 02:00:00,3591342304,0,3591342304
2025-04-06 03:00:00,3.61E+16,0,3.61E+16
2025-04-06 04:00:00,3.65E+16,0,3.65E+16
2025-04-06 05:00:00,3.55E+16,0,3.55E+16
2025-04-06 06:00:00,1.06E+16,56.464,1.06E+16
2025-04-06 07:00:00,1.55894E+15,93.995,1.55894E+15
2025-04-06 08:00:00,1.54E+16,44.003,1.54E+16
2025-04-06 09:00:00,5.86853E+13,77.009,5.86853E+13
2025-04-06 10:00:00,2.90241E+15,64.477,2.90241E+15
2025-04-06 11:00:00,3.09344E+14,10.236,3.09344E+14
2025-04-06 12:00:00,3.32267E+15,0,3.32267E+15
2025-04-06 13:00:00,1.38168E+15,0,1.38168E+15
2025-04-06 14:00:00,1.79372E+15,0,1.79372E+15
2025-04-06 15:00:00,3.03698E+14,0,3.03698E+14
2025-04-06 16:00:00,1.82443E+14,0,1.82443E+14
2025-04-06 17:00:00,2.93579E+15,0,2.93579E+15
2025-04-06 18:00:00,1.38549E+14,60.508,1.38549E+14
2025-04-06 19:00:00,1.09E+16,73.367,1.09E+16
2025-04-06 20:00:00,4.62578E+14,73.39,4.62578E+14
2025-04-06 21:00:00,2.44E+16,38.819,2.44E+16
2025-04-06 22:00:00,1.20E+16,10.065,1.20E+16
2025-04-06 23:00:00,4.70075E+15,8.2281,4.70075E+15
2025-04-07 00:00:00,1.83532E+15,7.7132,1.83532E+15
2025-04-07 01:00:00,3.76E+16,7.5971,3.76E+16
2025-04-07 02:00:00,3591342304,7.5769,3591342312
2025-04-07 03:00:00,3.61E+16,7.5593,3.61E+16
2025-04-07 04:00:00,3.65E+16,7.5524,3.65E+16
2025-04-07 05:00:00,3.55E+16,8.0634,3.55E+16
2025-04-07 06:00:00,1.06E+16,34.425,1.06E+16
2025-04-07 07:00:00,1.55894E+15,73.404,1.55894E+15
2025-04-07 08:00:00,1.54E+16,73.405,1.54E+16
2025-04-07 09:00:00,5.86853E+13,61.252,5.86853E+13
2025-04-07 10:00:00,2.90241E+15,18.402,2.90241E+15
2025-04-07 11:00:00,3.09344E+14,0,3.09344E+14
2025-04-07 12:00:00,3.32267E+15,0,3.32267E+15
2025-04-07 13:00:00,1.38168E+15,0,1.38168E+15
2025-04-07 14:00:00,1.79372E+15,0,1.79372E+15
2025-04-07 15:00:00,3.03698E+14,0,3.03698E+14
2025-04-07 16:00:00,1.82443E+14,0,1.82443E+14
2025-04-07 17:00:00,2.93579E+15,0,2.93579E+15
2025-04-07 18:00:00,1.38549E+14,0,1.38549E+14
2025-04-07 19:00:00,1.09E+16,0,1.09E+16
2025-04-07 20:00:00,4.62578E+14,0,4.62578E+14
2025-04-07 21:00:00,2.44E+16,0,2.44E+16
2025-04-07 22:00:00,1.20E+16,0,1.20E+16
2025-04-07 23:00:00,4.70075E+15,0,4.70075E+15
2025-04-08 00:00:00,1.83532E+15,0,1.83532E+15
2025-04-08 01:00:00,3.76E+16,0,3.76E+16
2025-04-08 02:00:00,3591342304,0,3591342304
2025-04-08 03:00:00,3.61E+16,0,3.61E+16
2025-04-08 04:00:00,3.65E+16,0,3.65E+16
2025-04-08 05:00:00,3.55E+16,0,3.55E+16
2025-04-08 06:00:00,1.06E+16,0,1.06E+16
2025-04-08 07:00:00,1.55894E+15,0,1.55894E+15
2025-04-08 08:00:00,1.54E+16,0,1.54E+16
2025-04-08 09:00:00,5.86853E+13,0,5.86853E+13
2025-04-08 10:00:00,2.90241E+15,0,2.90241E+15
2025-04-08 11:00:00,3.09344E+14,0,3.09344E+14
2025-04-08 12:00:00,3.32267E+15,0,3.32267E+15
2025-04-08 13:00:00,1.38168E+15,0,1.38168E+15
2025-04-08 14:00:00,1.79372E+15,0,1.79372E+15
2025-04-08 15:00:00,3.03698E+14,0,3.03698E+14
2025-04-08 16:00:00,1.82443E+14,0,1.82443E+14
2025-04-08 17:00:00,2.93579E+15,0,2.93579E+15
2025-04-08 18:00:00,1.38549E+14,0,1.38549E+14
2025-04-08 19:00:00,1.09E+16,0,1.09E+16
2025-04-08 20:00:00,4.62578E+14,0,4.62578E+14
2025-04-08 21:00:00,2.44E+16,0,2.44E+16
2025-04-08 22:00:00,1.20E+16,0,1.20E+16
2025-04-08 23:00:00,4.70075E+15,0,4.70075E+15
2025-04-09 00:00:00,1.83532E+15,0,1.83532E+15
2025-04-09 01:00:00,3.76E+16,0,3.76E+16
2025-04-09 02:00:00,3591342304,0,3591342304
2025-04-09 03:00:00,3.61E+16,0,3.61E+16
2025-04-09 04:00:00,3.65E+16,0,3.65E+16
2025-04-09 05:00:00,3.55E+16,0,3.55E+16
2025-04-09 06:00:00,1.06E+16,0,1.06E+16
2025-04-09 07:00:00,1.55894E+15,0,1.55894E+15
2025-04-09 08:00:00,1.54E+16,0,1.54E+16
2025-04-09 09:00:00,5.86853E+13,33.005,5.86853E+13
2025-04-09 10:00:00,2.90241E+15,33.011,2.90241E+15
2025-04-09 11:00:00,3.09344E+14,10.236,3.09344E+14
2025-04-09 12:00:00,3.32267E+15,0,3.32267E+15
2025-04-09 13:00:00,1.38168E+15,0,1.38168E+15
2025-04-09 14:00:00,1.79372E+15,0,1.79372E+15
2025-04-09 15:00:00,3.03698E+14,0,3.03698E+14
2025-04-09 16:00:00,1.82443E+14,0,1.82443E+14
2025-04-09 17:00:00,2.93579E+15,0,2.93579E+15
2025-04-09 18:00:00,1.38549E+14,0,1.38549E+14
2025-04-09 19:00:00,1.09E+16,73.33,1.09E+16
2025-04-09 20:00:00,4.62578E+14,73.402,4.62578E+14
2025-04-09 21:00:00,2.44E+16,54.664,2.44E+16
2025-04-09 22:00:00,1.20E+16,0,1.20E+16
2025-04-09 23:00:00,4.70075E+15,0,4.70075E+15
2025-04-10 00:00:00,1.83532E+15,0,1.83532E+15
2025-04-10 01:00:00,3.97E+16,0,3.97E+16
2025-04-10 02:00:00,3.82E+16,0,3.82E+16
2025-04-10 03:00:00,3.55E+16,0,3.55E+16
2025-04-10 04:00:00,3.84E+16,0,3.84E+16
2025-04-10 05:00:00,3.76E+16,0,3.76E+16
2025-04-10 06:00:00,3.95E+16,16.9766,3.95E+16
2025-04-10 07:00:00,3.36355E+15,81.8375,3.36355E+15
2025-04-10 08:00:00,1.02E+16,44.003,1.02E+16
2025-04-10 09:00:00,978355764,99.01,978355863
2025-04-10 10:00:00,3920199992,79.14,3920200071
2025-04-10 11:00:00,3.88E+16,32.237,3.88E+16
2025-04-10 12:00:00,3920199992,22.002,3920200014
2025-04-10 13:00:00,2.47E+16,22.003,2.47E+16
2025-04-10 14:00:00,3.62E+16,0,3.62E+16
2025-04-10 15:00:00,2.02E+16,0,2.02E+16
2025-04-10 16:00:00,1.62E+16,0,1.62E+16
2025-04-10 17:00:00,1.25E+16,0,1.25E+16
2025-04-10 18:00:00,8.52133E+15,48.467,8.52133E+15
2025-04-10 19:00:00,6.61104E+14,73.367,6.61104E+14
2025-04-10 20:00:00,7.18412E+15,73.332,7.18412E+15
2025-04-10 21:00:00,6.22898E+15,31.734,6.22898E+15
2025-04-10 22:00:00,1.12E+16,8.0464,1.12E+16
2025-04-10 23:00:00,1.13868E+15,7.7064,1.13868E+15
2025-04-11 00:00:00,4.70075E+15,7.5975,4.70075E+15
2025-04-11 01:00:00,1.83532E+15,7.5772,1.83532E+15
2025-04-11 02:00:00,3.74E+16,7.5598,3.74E+16
2025-04-11 03:00:00,3.76E+16,7.553,3.76E+16
2025-04-11 04:00:00,4.98115E+14,8.0639,4.98115E+14
2025-04-11 05:00:00,3.76E+16,8.0636,3.76E+16
2025-04-11 06:00:00,3.76E+16,46.8306,3.76E+16
2025-04-11 07:00:00,3.07087E+14,73.404,3.07087E+14
2025-04-11 08:00:00,3.78E+16,0,3.78E+16
2025-04-11 09:00:00,3591342304,33.005,3591342337
2025-04-11 10:00:00,3.63E+16,33.011,3.63E+16
2025-04-11 11:00:00,3591342304,10.236,3591342314
2025-04-11 12:00:00,3.78E+16,0,3.78E+16
2025-04-11 13:00:00,4.98115E+14,0,4.98115E+14
2025-04-11 14:00:00,3.76E+16,0,3.76E+16
2025-04-11 15:00:00,3.76E+16,0,3.76E+16
2025-04-11 16:00:00,3.07087E+14,0,3.07087E+14
2025-04-11 17:00:00,3.80E+16,0,3.80E+16
2025-04-11 18:00:00,3.53E+16,20.299,3.53E+16
2025-04-11 19:00:00,3.99E+16,73.376,3.99E+16
2025-04-11 20:00:00,3.93663E+15,73.346,3.93663E+15
2025-04-11 21:00:00,3.55458E+15,54.301,3.55458E+15
2025-04-11 22:00:00,1.64429E+14,0,1.64429E+14
2025-04-11 23:00:00,3935194228,0,3935194228
2025-04-12 00:00:00,1.16058E+14,0,1.16058E+14
2025-04-12 01:00:00,3.76E+16,0,3.76E+16
2025-04-12 02:00:00,3591342304,0,3591342304
2025-04-12 03:00:00,3.61E+16,0,3.61E+16
2025-04-12 04:00:00,3.65E+16,0,3.65E+16
2025-04-12 05:00:00,3.55E+16,0,3.55E+16
2025-04-12 06:00:00,1.06E+16,73.4017,1.06E+16
2025-04-12 07:00:00,1.55894E+15,117.41,1.55894E+15
2025-04-12 08:00:00,1.54E+16,44.004,1.54E+16
2025-04-12 09:00:00,5.86853E+13,99.011,5.86853E+13
2025-04-12 10:00:00,2.90241E+15,55.011,2.90241E+15
2025-04-12 11:00:00,3.09344E+14,32.237,3.09344E+14
2025-04-12 12:00:00,3.32267E+15,22.002,3.32267E+15
2025-04-12 13:00:00,1.38168E+15,22.003,1.38168E+15
2025-04-12 14:00:00,1.79372E+15,0,1.79372E+15
2025-04-12 15:00:00,3.03698E+14,0,3.03698E+14
2025-04-12 16:00:00,1.82443E+14,0,1.82443E+14
2025-04-12 17:00:00,2.93579E+15,0,2.93579E+15
2025-04-12 18:00:00,1.38549E+14,73.387,1.38549E+14
2025-04-12 19:00:00,1.09E+16,73.365,1.09E+16
2025-04-12 20:00:00,4.62578E+14,73.352,4.62578E+14
2025-04-12 21:00:00,2.44E+16,49.485,2.44E+16
2025-04-12 22:00:00,1.20E+16,13.086,1.20E+16
2025-04-12 23:00:00,4.70075E+15,7.8881,4.70075E+15
2025-04-13 00:00:00,1.83532E+15,7.5621,1.83532E+15
2025-04-13 01:00:00,3.76E+16,7.5543,3.76E+16
2025-04-13 02:00:00,3591342304,7.5535,3591342312
2025-04-13 03:00:00,3.61E+16,7.5527,3.61E+16
2025-04-13 04:00:00,3.65E+16,8.0637,3.65E+16
2025-04-13 05:00:00,3.55E+16,8.0635,3.55E+16
2025-04-13 06:00:00,1.06E+16,65.02122,1.06E+16
2025-04-13 07:00:00,1.55894E+15,73.405,1.55894E+15
2025-04-13 08:00:00,1.54E+16,0,1.54E+16
2025-04-13 09:00:00,5.86853E+13,33.005,5.86853E+13
2025-04-13 10:00:00,2.90241E+15,33.011,2.90241E+15
2025-04-13 11:00:00,3.09344E+14,10.236,3.09344E+14
2025-04-13 12:00:00,3.32267E+15,0,3.32267E+15
2025-04-13 13:00:00,1.38168E+15,0,1.38168E+15
2025-04-13 14:00:00,1.79372E+15,0,1.79372E+15
2025-04-13 15:00:00,3.03698E+14,0,3.03698E+14
2025-04-13 16:00:00,1.82443E+14,0,1.82443E+14
2025-04-13 17:00:00,2.93579E+15,0,2.93579E+15
2025-04-13 18:00:00,1.38549E+14,26.476,1.38549E+14
2025-04-13 19:00:00,1.09E+16,73.36,1.09E+16
2025-04-13 20:00:00,4.62578E+14,73.401,4.62578E+14
2025-04-13 21:00:00,2.44E+16,55.346,2.44E+16
2025-04-13 22:00:00,1.20E+16,0,1.20E+16
2025-04-13 23:00:00,4.70075E+15,0,4.70075E+15
2025-04-14 00:00:00,1.83532E+15,0,1.83532E+15
2025-04-14 01:00:00,3.76E+16,0,3.76E+16
2025-04-14 02:00:00,3591342304,0,3591342304
2025-04-14 03:00:00,3.61E+16,0,3.61E+16
2025-04-14 04:00:00,3.65E+16,0,3.65E+16
2025-04-14 05:00:00,3.55E+16,0,3.55E+16
2025-04-14 06:00:00,1.06E+16,38.26229,1.06E+16
2025-04-14 07:00:00,1.55894E+15,73.403,1.55894E+15
2025-04-14 08:00:00,1.54E+16,73.405,1.54E+16
2025-04-14 09:00:00,5.86853E+13,73.407,5.86853E+13
2025-04-14 10:00:00,2.90241E+15,0,2.90241E+15
2025-04-14 11:00:00,3.09344E+14,0,3.09344E+14
2025-04-14 12:00:00,3.32267E+15,0,3.32267E+15
2025-04-14 13:00:00,1.38168E+15,0,1.38168E+15
2025-04-14 14:00:00,1.79372E+15,0,1.79372E+15
2025-04-14 15:00:00,3.03698E+14,0,3.03698E+14
2025-04-14 16:00:00,1.82443E+14,0,1.82443E+14
2025-04-14 17:00:00,2.93579E+15,0,2.93579E+15
2025-04-14 18:00:00,1.38549E+14,0,1.38549E+14
2025-04-14 19:00:00,1.09E+16,0,1.09E+16
2025-04-14 20:00:00,4.62578E+14,0,4.62578E+14
2025-04-14 21:00:00,2.44E+16,0,2.44E+16
2025-04-14 22:00:00,1.20E+16,0,1.20E+16
2025-04-14 23:00:00,4.70075E+15,0,4.70075E+15
2025-04-15 00:00:00,1.83532E+15,0,1.83532E+15
2025-04-15 01:00:00,3.76E+16,0,3.76E+16
2025-04-15 02:00:00,3591342304,0,3591342304
2025-04-15 03:00:00,3.61E+16,0,3.61E+16
2025-04-15 04:00:00,3.65E+16,0,3.65E+16
2025-04-15 05:00:00,3.55E+16,0,3.55E+16
2025-04-15 06:00:00,1.06E+16,0,1.06E+16
2025-04-15 07:00:00,1.55894E+15,0,1.55894E+15
2025-04-15 08:00:00,1.54E+16,0,1.54E+16
2025-04-15 09:00:00,5.86853E+13,0,5.86853E+13
2025-04-15 10:00:00,2.90241E+15,0,2.90241E+15
2025-04-15 11:00:00,3.09344E+14,0,3.09344E+14
2025-04-15 12:00:00,3.32267E+15,0,3.32267E+15
2025-04-15 13:00:00,1.38168E+15,0,1.38168E+15
2025-04-15 14:00:00,1.79372E+15,0,1.79372E+15
2025-04-15 15:00:00,3.03698E+14,0,3.03698E+14
2025-04-15 16:00:00,1.82443E+14,0,1.82443E+14
2025-04-15 17:00:00,2.93579E+15,0,2.93579E+15
2025-04-15 18:00:00,1.38549E+14,0,1.38549E+14
2025-04-15 19:00:00,1.09E+16,0,1.09E+16
2025-04-15 20:00:00,4.62578E+14,0,4.62578E+14
2025-04-15 21:00:00,2.44E+16,0,2.44E+16
2025-04-15 22:00:00,1.20E+16,0,1.20E+16
2025-04-15 23:00:00,4.70075E+15,0,4.70075E+15
2025-04-16 00:00:00,1.83532E+15,0,1.83532E+15
2025-04-16 01:00:00,3.76E+16,0,3.76E+16
2025-04-16 02:00:00,3591342304,0,3591342304
2025-04-16 03:00:00,3.61E+16,0,3.61E+16
2025-04-16 04:00:00,3.65E+16,0,3.65E+16
2025-04-16 05:00:00,3.55E+16,0,3.55E+16
2025-04-16 06:00:00,1.06E+16,0,1.06E+16
2025-04-16 07:00:00,1.55894E+15,44.002,1.55894E+15
2025-04-16 08:00:00,1.54E+16,44.004,1.54E+16
2025-04-16 09:00:00,5.86853E+13,77.01,5.86853E+13
2025-04-16 10:00:00,2.90241E+15,33.011,2.90241E+15
2025-04-16 11:00:00,3.09344E+14,10.236,3.09344E+14
2025-04-16 12:00:00,3.32267E+15,0,3.32267E+15
2025-04-16 13:00:00,1.38168E+15,0,1.38168E+15
2025-04-16 14:00:00,1.79372E+15,0,1.79372E+15
2025-04-16 15:00:00,3.03698E+14,0,3.03698E+14
2025-04-16 16:00:00,1.82443E+14,0,1.82443E+14
2025-04-16 17:00:00,2.93579E+15,0,2.93579E+15
2025-04-16 18:00:00,1.38549E+14,0,1.38549E+14
2025-04-16 19:00:00,1.09E+16,73.33922,1.09E+16
2025-04-16 20:00:00,4.62578E+14,73.401,4.62578E+14
2025-04-16 21:00:00,2.44E+16,54.99,2.44E+16
2025-04-16 22:00:00,1.20E+16,0,1.20E+16
2025-04-16 23:00:00,4.70075E+15,0,4.70075E+15
2025-04-17 00:00:00,1.83532E+15,0,1.83532E+15
2025-04-17 01:00:00,3.97E+16,0,3.97E+16
2025-04-17 02:00:00,3.82E+16,0,3.82E+16
2025-04-17 03:00:00,3.55E+16,0,3.55E+16
2025-04-17 04:00:00,3.84E+16,0,3.84E+16
2025-04-17 05:00:00,3.76E+16,0,3.76E+16
2025-04-17 06:00:00,3.95E+16,73.404,3.95E+16
2025-04-17 07:00:00,3.36355E+15,73.405,3.36355E+15
2025-04-17 08:00:00,1.02E+16,0,1.02E+16
2025-04-17 09:00:00,978355764,55.005,978355819
2025-04-17 10:00:00,3920199992,55.011,3920200047
2025-04-17 11:00:00,3.88E+16,32.237,3.88E+16
2025-04-17 12:00:00,3920199992,22.002,3920200014
2025-04-17 13:00:00,2.47E+16,22.003,2.47E+16
2025-04-17 14:00:00,3.62E+16,0,3.62E+16
2025-04-17 15:00:00,2.02E+16,0,2.02E+16
2025-04-17 16:00:00,1.62E+16,0,1.62E+16
2025-04-17 17:00:00,1.25E+16,0,1.25E+16
2025-04-17 18:00:00,8.52133E+15,0,8.52133E+15
2025-04-17 19:00:00,6.61104E+14,73.364,6.61104E+14
2025-04-17 20:00:00,7.18412E+15,73.353,7.18412E+15
2025-04-17 21:00:00,6.22898E+15,54.348,6.22898E+15
2025-04-17 22:00:00,1.12E+16,0,1.12E+16
2025-04-17 23:00:00,1.13868E+15,0,1.13868E+15
2025-04-18 00:00:00,4.70075E+15,0,4.70075E+15
2025-04-18 01:00:00,1.83532E+15,0,1.83532E+15
2025-04-18 02:00:00,3.74E+16,0,3.74E+16
2025-04-18 03:00:00,3.76E+16,0,3.76E+16
2025-04-18 04:00:00,4.98115E+14,0,4.98115E+14
2025-04-18 05:00:00,3.76E+16,0,3.76E+16
2025-04-18 06:00:00,3.76E+16,63.488,3.76E+16
2025-04-18 07:00:00,3.07087E+14,117.41,3.07087E+14
2025-04-18 08:00:00,3.78E+16,44.003,3.78E+16
2025-04-18 09:00:00,3591342304,77.01,3591342381
2025-04-18 10:00:00,3.63E+16,52.357,3.63E+16
2025-04-18 11:00:00,3591342304,10.236,3591342314
2025-04-18 12:00:00,3.78E+16,0,3.78E+16
2025-04-18 13:00:00,4.98115E+14,0,4.98115E+14
2025-04-18 14:00:00,3.76E+16,0,3.76E+16
2025-04-18 15:00:00,3.76E+16,0,3.76E+16
2025-04-18 16:00:00,3.07087E+14,0,3.07087E+14
2025-04-18 17:00:00,3.80E+16,0,3.80E+16
2025-04-18 18:00:00,3.53E+16,20.1101,3.53E+16
2025-04-18 19:00:00,3.99E+16,73.376,3.99E+16
2025-04-18 20:00:00,3.93663E+15,73.37,3.93663E+15
2025-04-18 21:00:00,3.55458E+15,49.189,3.55458E+15
2025-04-18 22:00:00,1.64429E+14,12.997,1.64429E+14
2025-04-18 23:00:00,3935194228,7.8265,3935194236
2025-04-19 00:00:00,1.16058E+14,7.6214,1.16058E+14
2025-04-19 01:00:00,3.76E+16,7.5753,3.76E+16
2025-04-19 02:00:00,3591342304,7.557,3591342312
2025-04-19 03:00:00,3.61E+16,7.5543,3.61E+16
2025-04-19 04:00:00,3.65E+16,7.5535,3.65E+16
2025-04-19 05:00:00,3.55E+16,7.5532,3.55E+16
2025-04-19 06:00:00,1.06E+16,18.0744,1.06E+16
2025-04-19 07:00:00,1.55894E+15,73.403,1.55894E+15
2025-04-19 08:00:00,1.54E+16,0,1.54E+16
2025-04-19 09:00:00,5.86853E+13,54.983,5.86853E+13
2025-04-19 10:00:00,2.90241E+15,55.011,2.90241E+15
2025-04-19 11:00:00,3.09344E+14,32.237,3.09344E+14
2025-04-19 12:00:00,3.32267E+15,22.002,3.32267E+15
2025-04-19 13:00:00,1.38168E+15,22.003,1.38168E+15
2025-04-19 14:00:00,1.79372E+15,0,1.79372E+15
2025-04-19 15:00:00,3.03698E+14,0,3.03698E+14
2025-04-19 16:00:00,1.82443E+14,0,1.82443E+14
2025-04-19 17:00:00,2.93579E+15,0,2.93579E+15
2025-04-19 18:00:00,1.38549E+14,73.389,1.38549E+14
2025-04-19 19:00:00,1.09E+16,73.36876,1.09E+16
2025-04-19 20:00:00,4.62578E+14,73.357,4.62578E+14
2025-04-19 21:00:00,2.44E+16,54.908,2.44E+16
2025-04-19 22:00:00,1.20E+16,0,1.20E+16
2025-04-19 23:00:00,4.70075E+15,0,4.70075E+15
2025-04-20 00:00:00,1.83532E+15,0,1.83532E+15
2025-04-20 01:00:00,3.76E+16,0,3.76E+16
2025-04-20 02:00:00,3591342304,0,3591342304
2025-04-20 03:00:00,3.61E+16,0,3.61E+16
2025-04-20 04:00:00,3.65E+16,0,3.65E+16
2025-04-20 05:00:00,3.55E+16,0,3.55E+16
2025-04-20 06:00:00,1.06E+16,72.2904,1.06E+16
2025-04-20 07:00:00,1.55894E+15,117.41,1.55894E+15
2025-04-20 08:00:00,1.54E+16,44.004,1.54E+16
2025-04-20 09:00:00,5.86853E+13,77.01,5.86853E+13
2025-04-20 10:00:00,2.90241E+15,33.011,2.90241E+15
2025-04-20 11:00:00,3.09344E+14,10.236,3.09344E+14
2025-04-20 12:00:00,3.32267E+15,0,3.32267E+15
2025-04-20 13:00:00,1.38168E+15,0,1.38168E+15
2025-04-20 14:00:00,1.79372E+15,0,1.79372E+15
2025-04-20 15:00:00,3.03698E+14,0,3.03698E+14
2025-04-20 16:00:00,1.82443E+14,0,1.82443E+14
2025-04-20 17:00:00,2.93579E+15,0,2.93579E+15
2025-04-20 18:00:00,1.38549E+14,60.51,1.38549E+14
2025-04-20 19:00:00,1.09E+16,73.36415,1.09E+16
2025-04-20 20:00:00,4.62578E+14,73.349,4.62578E+14
2025-04-20 21:00:00,2.44E+16,38.848,2.44E+16
2025-04-20 22:00:00,1.20E+16,10.075,1.20E+16
2025-04-20 23:00:00,4.70075E+15,8.2363,4.70075E+15
2025-04-21 00:00:00,1.83532E+15,7.7211,1.83532E+15
2025-04-21 01:00:00,3.76E+16,7.6049,3.76E+16
2025-04-21 02:00:00,3591342304,7.5589,3591342312
2025-04-21 03:00:00,3.61E+16,7.5553,3.61E+16
2025-04-21 04:00:00,3.65E+16,7.553,3.65E+16
2025-04-21 05:00:00,3.55E+16,7.5528,3.55E+16
2025-04-21 06:00:00,1.06E+16,58.27441,1.06E+16
2025-04-21 07:00:00,1.55894E+15,73.404,1.55894E+15
2025-04-21 08:00:00,1.54E+16,73.406,1.54E+16
2025-04-21 09:00:00,5.86853E+13,31.988,5.86853E+13
2025-04-21 10:00:00,2.90241E+15,0,2.90241E+15
2025-04-21 11:00:00,3.09344E+14,0,3.09344E+14
2025-04-21 12:00:00,3.32267E+15,0,3.32267E+15
2025-04-21 13:00:00,1.38168E+15,0,1.38168E+15
2025-04-21 14:00:00,1.79372E+15,0,1.79372E+15
2025-04-21 15:00:00,3.03698E+14,0,3.03698E+14
2025-04-21 16:00:00,1.82443E+14,0,1.82443E+14
2025-04-21 17:00:00,2.93579E+15,0,2.93579E+15
2025-04-21 18:00:00,1.38549E+14,15.601,1.38549E+14
2025-04-21 19:00:00,1.09E+16,0,1.09E+16
2025-04-21 20:00:00,4.62578E+14,0,4.62578E+14
2025-04-21 21:00:00,2.44E+16,0,2.44E+16
2025-04-21 22:00:00,1.20E+16,0,1.20E+16
2025-04-21 23:00:00,4.70075E+15,0,4.70075E+15
2025-04-22 00:00:00,1.83532E+15,0,1.83532E+15
2025-04-22 01:00:00,3.76E+16,0,3.76E+16
2025-04-22 02:00:00,3591342304,0,3591342304
2025-04-22 03:00:00,3.61E+16,0,3.61E+16
2025-04-22 04:00:00,3.65E+16,0,3.65E+16
2025-04-22 05:00:00,3.55E+16,0,3.55E+16
2025-04-22 06:00:00,1.06E+16,0,1.06E+16
2025-04-22 07:00:00,1.55894E+15,0,1.55894E+15
2025-04-22 08:00:00,1.54E+16,0,1.54E+16
2025-04-22 09:00:00,5.86853E+13,0,5.86853E+13
2025-04-22 10:00:00,2.90241E+15,0,2.90241E+15
2025-04-22 11:00:00,3.09344E+14,0,3.09344E+14
2025-04-22 12:00:00,3.32267E+15,0,3.32267E+15
2025-04-22 13:00:00,1.38168E+15,0,1.38168E+15
2025-04-22 14:00:00,1.79372E+15,0,1.79372E+15
2025-04-22 15:00:00,3.03698E+14,0,3.03698E+14
2025-04-22 16:00:00,1.82443E+14,0,1.82443E+14
2025-04-22 17:00:00,2.93579E+15,0,2.93579E+15
2025-04-22 18:00:00,1.38549E+14,0,1.38549E+14
2025-04-22 19:00:00,1.09E+16,0,1.09E+16
2025-04-22 20:00:00,4.62578E+14,0,4.62578E+14
2025-04-22 21:00:00,2.44E+16,0,2.44E+16
2025-04-22 22:00:00,1.20E+16,0,1.20E+16
2025-04-22 23:00:00,4.70075E+15,0,4.70075E+15
2025-04-23 00:00:00,1.83532E+15,0,1.83532E+15
2025-04-23 01:00:00,3.76E+16,0,3.76E+16
2025-04-23 02:00:00,3591342304,0,3591342304
2025-04-23 03:00:00,3.61E+16,0,3.61E+16
2025-04-23 04:00:00,3.65E+16,0,3.65E+16
2025-04-23 05:00:00,3.55E+16,0,3.55E+16
2025-04-23 06:00:00,1.06E+16,0,1.06E+16
2025-04-23 07:00:00,1.55894E+15,0,1.55894E+15
2025-04-23 08:00:00,1.54E+16,0,1.54E+16
2025-04-23 09:00:00,5.86853E+13,33.005,5.86853E+13
2025-04-23 10:00:00,2.90241E+15,33.011,2.90241E+15
2025-04-23 11:00:00,3.09344E+14,10.236,3.09344E+14
2025-04-23 12:00:00,3.32267E+15,0,3.32267E+15
2025-04-23 13:00:00,1.38168E+15,0,1.38168E+15
2025-04-23 14:00:00,1.79372E+15,0,1.79372E+15
2025-04-23 15:00:00,3.03698E+14,0,3.03698E+14
2025-04-23 16:00:00,1.82443E+14,0,1.82443E+14
2025-04-23 17:00:00,2.93579E+15,0,2.93579E+15
2025-04-23 18:00:00,1.38549E+14,0,1.38549E+14
2025-04-23 19:00:00,1.09E+16,73.32957,1.09E+16
2025-04-23 20:00:00,4.62578E+14,73.402,4.62578E+14
2025-04-23 21:00:00,2.44E+16,57.967,2.44E+16
2025-04-23 22:00:00,1.20E+16,0,1.20E+16
2025-04-23 23:00:00,4.70075E+15,0,4.70075E+15
2025-04-24 00:00:00,1.83532E+15,0,1.83532E+15
2025-04-24 01:00:00,3.97E+16,0,3.97E+16
2025-04-24 02:00:00,3.82E+16,0,3.82E+16
2025-04-24 03:00:00,3.55E+16,0,3.55E+16
2025-04-24 04:00:00,3.84E+16,0,3.84E+16
2025-04-24 05:00:00,3.76E+16,6.8982,3.76E+16
2025-04-24 06:00:00,3.95E+16,73.404,3.95E+16
2025-04-24 07:00:00,3.36355E+15,117.41,3.36355E+15
2025-04-24 08:00:00,1.02E+16,44.004,1.02E+16
2025-04-24 09:00:00,978355764,98.989,978355863
2025-04-24 10:00:00,3920199992,55.011,3920200047
2025-04-24 11:00:00,3.88E+16,32.237,3.88E+16
2025-04-24 12:00:00,3920199992,22.002,3920200014
2025-04-24 13:00:00,2.47E+16,22.002,2.47E+16
2025-04-24 14:00:00,3.62E+16,8.2165,3.62E+16
2025-04-24 15:00:00,2.02E+16,0,2.02E+16
2025-04-24 16:00:00,1.62E+16,0,1.62E+16
2025-04-24 17:00:00,1.25E+16,0,1.25E+16
2025-04-24 18:00:00,8.52133E+15,9.0123,8.52133E+15
2025-04-24 19:00:00,6.61104E+14,73.3501,6.61104E+14
2025-04-24 20:00:00,7.18412E+15,73.401,7.18412E+15
2025-04-24 21:00:00,6.22898E+15,56.038,6.22898E+15
2025-04-24 22:00:00,1.12E+16,0,1.12E+16
2025-04-24 23:00:00,1.13868E+15,0,1.13868E+15
2025-04-25 00:00:00,4.70075E+15,0,4.70075E+15
2025-04-25 01:00:00,1.83532E+15,0,1.83532E+15
2025-04-25 02:00:00,3.74E+16,0,3.74E+16
2025-04-25 03:00:00,3.76E+16,0,3.76E+16
2025-04-25 04:00:00,4.98115E+14,0,4.98115E+14
2025-04-25 05:00:00,3.76E+16,6.8987,3.76E+16
2025-04-25 06:00:00,3.76E+16,73.403,3.76E+16
2025-04-25 07:00:00,3.07087E+14,73.405,3.07087E+14
2025-04-25 08:00:00,3.78E+16,0,3.78E+16
2025-04-25 09:00:00,3591342304,33.005,3591342337
2025-04-25 10:00:00,3.63E+16,33.011,3.63E+16
2025-04-25 11:00:00,3591342304,10.236,3591342314
2025-04-25 12:00:00,3.78E+16,0,3.78E+16
2025-04-25 13:00:00,4.98115E+14,0,4.98115E+14
2025-04-25 14:00:00,3.76E+16,0,3.76E+16
2025-04-25 15:00:00,3.76E+16,0,3.76E+16
2025-04-25 16:00:00,3.07087E+14,0,3.07087E+14
2025-04-25 17:00:00,3.80E+16,0,3.80E+16
2025-04-25 18:00:00,3.53E+16,52.886,3.53E+16
2025-04-25 19:00:00,3.99E+16,73.3676,3.99E+16
2025-04-25 20:00:00,3.93663E+15,73.401,3.93663E+15
2025-04-25 21:00:00,3.55458E+15,61.008,3.55458E+15
2025-04-25 22:00:00,1.64429E+14,0,1.64429E+14
2025-04-25 23:00:00,3935194228,0,3935194228
2025-04-26 00:00:00,1.16058E+14,0,1.16058E+14
2025-04-26 01:00:00,3.76E+16,0,3.76E+16
2025-04-26 02:00:00,3591342304,0,3591342304
2025-04-26 03:00:00,3.61E+16,0,3.61E+16
2025-04-26 04:00:00,3.65E+16,0,3.65E+16
2025-04-26 05:00:00,3.55E+16,0,3.55E+16
2025-04-26 06:00:00,1.06E+16,60.70878,1.06E+16
2025-04-26 07:00:00,1.55894E+15,117.41,1.55894E+15
2025-04-26 08:00:00,1.54E+16,44.003,1.54E+16
2025-04-26 09:00:00,5.86853E+13,99.01,5.86853E+13
2025-04-26 10:00:00,2.90241E+15,74.358,2.90241E+15
2025-04-26 11:00:00,3.09344E+14,32.237,3.09344E+14
2025-04-26 12:00:00,3.32267E+15,22.002,3.32267E+15
2025-04-26 13:00:00,1.38168E+15,22.003,1.38168E+15
2025-04-26 14:00:00,1.79372E+15,0,1.79372E+15
2025-04-26 15:00:00,3.03698E+14,0,3.03698E+14
2025-04-26 16:00:00,1.82443E+14,0,1.82443E+14
2025-04-26 17:00:00,2.93579E+15,0,2.93579E+15
2025-04-26 18:00:00,1.38549E+14,42.867,1.38549E+14
2025-04-26 19:00:00,1.09E+16,73.37446,1.09E+16
2025-04-26 20:00:00,4.62578E+14,73.35,4.62578E+14
2025-04-26 21:00:00,2.44E+16,54.943,2.44E+16
2025-04-26 22:00:00,1.20E+16,0,1.20E+16
2025-04-26 23:00:00,4.70075E+15,0,4.70075E+15
2025-04-27 00:00:00,1.83532E+15,0,1.83532E+15
2025-04-27 01:00:00,3.76E+16,0,3.76E+16
2025-04-27 02:00:00,3591342304,0,3591342304
2025-04-27 03:00:00,3.61E+16,0,3.61E+16
2025-04-27 04:00:00,3.65E+16,0,3.65E+16
2025-04-27 05:00:00,3.55E+16,0,3.55E+16
2025-04-27 06:00:00,1.06E+16,73.403,1.06E+16
2025-04-27 07:00:00,1.55894E+15,73.405,1.55894E+15
2025-04-27 08:00:00,1.54E+16,0,1.54E+16
2025-04-27 09:00:00,5.86853E+13,33.005,5.86853E+13
2025-04-27 10:00:00,2.90241E+15,33.011,2.90241E+15
2025-04-27 11:00:00,3.09344E+14,10.236,3.09344E+14
2025-04-27 12:00:00,3.32267E+15,0,3.32267E+15
2025-04-27 13:00:00,1.38168E+15,0,1.38168E+15
2025-04-27 14:00:00,1.79372E+15,0,1.79372E+15
2025-04-27 15:00:00,3.03698E+14,0,3.03698E+14
2025-04-27 16:00:00,1.82443E+14,0,1.82443E+14
2025-04-27 17:00:00,2.93579E+15,0,2.93579E+15
2025-04-27 18:00:00,1.38549E+14,63.453,1.38549E+14
2025-04-27 19:00:00,1.09E+16,73.36928,1.09E+16
2025-04-27 20:00:00,4.62578E+14,73.401,4.62578E+14
2025-04-27 21:00:00,2.44E+16,56.484,2.44E+16
2025-04-27 22:00:00,1.20E+16,0,1.20E+16
2025-04-27 23:00:00,4.70075E+15,0,4.70075E+15
2025-04-28 00:00:00,1.83532E+15,0,1.83532E+15
2025-04-28 01:00:00,3.76E+16,0,3.76E+16
2025-04-28 02:00:00,3591342304,0,3591342304
2025-04-28 03:00:00,3.61E+16,0,3.61E+16
2025-04-28 04:00:00,3.65E+16,0,3.65E+16
2025-04-28 05:00:00,3.55E+16,6.8987,3.55E+16
2025-04-28 06:00:00,1.06E+16,73.403,1.06E+16
2025-04-28 07:00:00,1.55894E+15,73.405,1.55894E+15
2025-04-28 08:00:00,1.54E+16,64.842,1.54E+16
2025-04-28 09:00:00,5.86853E+13,42.917,5.86853E+13
2025-04-28 10:00:00,2.90241E+15,0,2.90241E+15
2025-04-28 11:00:00,3.09344E+14,0,3.09344E+14
2025-04-28 12:00:00,3.32267E+15,0,3.32267E+15
2025-04-28 13:00:00,1.38168E+15,0,1.38168E+15
2025-04-28 14:00:00,1.79372E+15,0,1.79372E+15
2025-04-28 15:00:00,3.03698E+14,0,3.03698E+14
2025-04-28 16:00:00,1.82443E+14,0,1.82443E+14
2025-04-28 17:00:00,2.93579E+15,0,2.93579E+15
2025-04-28 18:00:00,1.38549E+14,0,1.38549E+14
2025-04-28 19:00:00,1.09E+16,0,1.09E+16
2025-04-28 20:00:00,4.62578E+14,0,4.62578E+14
2025-04-28 21:00:00,2.44E+16,0,2.44E+16
2025-04-28 22:00:00,1.20E+16,0,1.20E+16
2025-04-28 23:00:00,4.70075E+15,0,4.70075E+15
2025-04-29 00:00:00,1.83532E+15,0,1.83532E+15
2025-04-29 01:00:00,3.76E+16,0,3.76E+16
2025-04-29 02:00:00,3591342304,0,3591342304
2025-04-29 03:00:00,3.61E+16,0,3.61E+16
2025-04-29 04:00:00,3.65E+16,0,3.65E+16
2025-04-29 05:00:00,3.55E+16,0,3.55E+16
2025-04-29 06:00:00,1.06E+16,0,1.06E+16
2025-04-29 07:00:00,1.55894E+15,0,1.55894E+15
2025-04-29 08:00:00,1.54E+16,0,1.54E+16
2025-04-29 09:00:00,5.86853E+13,0,5.86853E+13
2025-04-29 10:00:00,2.90241E+15,0,2.90241E+15
2025-04-29 11:00:00,3.09344E+14,0,3.09344E+14
2025-04-29 12:00:00,3.32267E+15,0,3.32267E+15
2025-04-29 13:00:00,1.38168E+15,0,1.38168E+15
2025-04-29 14:00:00,1.79372E+15,0,1.79372E+15
2025-04-29 15:00:00,3.03698E+14,0,3.03698E+14
2025-04-29 16:00:00,1.82443E+14,0,1.82443E+14
2025-04-29 17:00:00,2.93579E+15,0,2.93579E+15
2025-04-29 18:00:00,1.38549E+14,0,1.38549E+14
2025-04-29 19:00:00,1.09E+16,0,1.09E+16
2025-04-29 20:00:00,4.62578E+14,0,4.62578E+14
2025-04-29 21:00:00,2.44E+16,0,2.44E+16
2025-04-29 22:00:00,1.20E+16,0,1.20E+16
2025-04-29 23:00:00,4.70075E+15,0,4.70075E+15
2025-04-30 00:00:00,1.83532E+15,0,1.83532E+15
2025-04-30 01:00:00,3.76E+16,0,3.76E+16
2025-04-30 02:00:00,3591342304,0,3591342304
2025-04-30 03:00:00,3.61E+16,0,3.61E+16
2025-04-30 04:00:00,3.65E+16,0,3.65E+16
2025-04-30 05:00:00,3.55E+16,0,3.55E+16
2025-04-30 06:00:00,1.06E+16,0,1.06E+16
2025-04-30 07:00:00,1.55894E+15,44.002,1.55894E+15
2025-04-30 08:00:00,1.54E+16,44.004,1.54E+16
2025-04-30 09:00:00,5.86853E+13,77.01,5.86853E+13
2025-04-30 10:00:00,2.90241E+15,33.011,2.90241E+15
2025-04-30 11:00:00,3.09344E+14,10.236,3.09344E+14
2025-04-30 12:00:00,3.32267E+15,0,3.32267E+15
2025-04-30 13:00:00,1.38168E+15,0,1.38168E+15
2025-04-30 14:00:00,1.79372E+15,0,1.79372E+15
2025-04-30 15:00:00,3.03698E+14,0,3.03698E+14
2025-04-30 16:00:00,1.82443E+14,0,1.82443E+14
2025-04-30 17:00:00,2.93579E+15,0,2.93579E+15
2025-04-30 18:00:00,1.38549E+14,0,1.38549E+14
2025-04-30 19:00:00,1.09E+16,73.3479,1.09E+16
2025-04-30 20:00:00,4.62578E+14,73.402,4.62578E+14
2025-04-30 21:00:00,2.44E+16,58.822,2.44E+16
2025-04-30 22:00:00,1.20E+16,0,1.20E+16
2025-04-30 23:00:00,4.70075E+15,0,4.70075E+15
2025-05-01 00:00:00,1.83532E+15,0,1.83532E+15
2025-05-01 01:00:00,3.97E+16,0,3.97E+16
2025-05-01 02:00:00,3.82E+16,0,3.82E+16
2025-05-01 03:00:00,3.55E+16,0,3.55E+16
2025-05-01 04:00:00,3.84E+16,0,3.84E+16
2025-05-01 05:00:00,3.76E+16,13.9769,3.76E+16
2025-05-01 06:00:00,3.95E+16,73.404,3.95E+16
2025-05-01 07:00:00,3.36355E+15,73.406,3.36355E+15
2025-05-01 08:00:00,1.02E+16,0,1.02E+16
2025-05-01 09:00:00,978355764,55.005,978355819
2025-05-01 10:00:00,3920199992,55.011,3920200047
2025-05-01 11:00:00,3.88E+16,32.237,3.88E+16
2025-05-01 12:00:00,3920199992,22.002,3920200014
2025-05-01 13:00:00,2.47E+16,22.003,2.47E+16
2025-05-01 14:00:00,3.62E+16,0,3.62E+16
2025-05-01 15:00:00,2.02E+16,0,2.02E+16
2025-05-01 16:00:00,1.62E+16,0,1.62E+16
2025-05-01 17:00:00,1.25E+16,0,1.25E+16
2025-05-01 18:00:00,8.52133E+15,0,8.52133E+15
2025-05-01 19:00:00,6.61104E+14,73.352,6.61104E+14
2025-05-01 20:00:00,7.18412E+15,73.401,7.18412E+15
2025-05-01 21:00:00,6.22898E+15,54.307,6.22898E+15
2025-05-01 22:00:00,1.12E+16,0,1.12E+16
2025-05-01 23:00:00,1.13868E+15,0,1.13868E+15
2025-05-02 00:00:00,4.70075E+15,0,4.70075E+15
2025-05-02 01:00:00,1.83532E+15,0,1.83532E+15
2025-05-02 02:00:00,3.74E+16,0,3.74E+16
2025-05-02 03:00:00,3.76E+16,0,3.76E+16
2025-05-02 04:00:00,4.98115E+14,0,4.98115E+14
2025-05-02 05:00:00,3.76E+16,22.876,3.76E+16
2025-05-02 06:00:00,3.76E+16,73.404,3.76E+16
2025-05-02 07:00:00,3.07087E+14,117.41,3.07087E+14
2025-05-02 08:00:00,3.78E+16,44.004,3.78E+16
2025-05-02 09:00:00,3591342304,77.01,3591342381
2025-05-02 10:00:00,3.63E+16,33.011,3.63E+16
2025-05-02 11:00:00,3591342304,10.236,3591342314
2025-05-02 12:00:00,3.78E+16,0,3.78E+16
2025-05-02 13:00:00,4.98115E+14,0,4.98115E+14
2025-05-02 14:00:00,3.76E+16,0,3.76E+16
2025-05-02 15:00:00,3.76E+16,0,3.76E+16
2025-05-02 16:00:00,3.07087E+14,0,3.07087E+14
2025-05-02 17:00:00,3.80E+16,0,3.80E+16
2025-05-02 18:00:00,3.53E+16,44.132,3.53E+16
2025-05-02 19:00:00,3.99E+16,73.36706,3.99E+16
2025-05-02 20:00:00,3.93663E+15,73.401,3.93663E+15
2025-05-02 21:00:00,3.55458E+15,55.095,3.55458E+15
2025-05-02 22:00:00,1.64429E+14,0,1.64429E+14
2025-05-02 23:00:00,3935194228,0,3935194228
2025-05-03 00:00:00,1.16058E+14,0,1.16058E+14
2025-05-03 01:00:00,3.76E+16,0,3.76E+16
2025-05-03 02:00:00,3591342304,0,3591342304
2025-05-03 03:00:00,3.61E+16,0,3.61E+16
2025-05-03 04:00:00,3.65E+16,0,3.65E+16
2025-05-03 05:00:00,3.55E+16,21.10404,3.55E+16
2025-05-03 06:00:00,1.06E+16,73.404,1.06E+16
2025-05-03 07:00:00,1.55894E+15,73.405,1.55894E+15
2025-05-03 08:00:00,1.54E+16,0,1.54E+16
2025-05-03 09:00:00,5.86853E+13,55.005,5.86853E+13
2025-05-03 10:00:00,2.90241E+15,55.011,2.90241E+15
2025-05-03 11:00:00,3.09344E+14,32.237,3.09344E+14
2025-05-03 12:00:00,3.32267E+15,22.002,3.32267E+15
2025-05-03 13:00:00,1.38168E+15,22.003,1.38168E+15
2025-05-03 14:00:00,1.79372E+15,0,1.79372E+15
2025-05-03 15:00:00,3.03698E+14,0,3.03698E+14
2025-05-03 16:00:00,1.82443E+14,0,1.82443E+14
2025-05-03 17:00:00,2.93579E+15,0,2.93579E+15
2025-05-03 18:00:00,1.38549E+14,19.281,1.38549E+14
2025-05-03 19:00:00,1.09E+16,73.35569,1.09E+16
2025-05-03 20:00:00,4.62578E+14,73.347,4.62578E+14
2025-05-03 21:00:00,2.44E+16,56.6,2.44E+16
2025-05-03 22:00:00,1.20E+16,0,1.20E+16
2025-05-03 23:00:00,4.70075E+15,0,4.70075E+15
2025-05-04 00:00:00,1.83532E+15,0,1.83532E+15
2025-05-04 01:00:00,3.76E+16,0,3.76E+16
2025-05-04 02:00:00,3591342304,0,3591342304
2025-05-04 03:00:00,3.61E+16,0,3.61E+16
2025-05-04 04:00:00,3.65E+16,0,3.65E+16
2025-05-04 05:00:00,3.55E+16,21.6635,3.55E+16
2025-05-04 06:00:00,1.06E+16,73.403,1.06E+16
2025-05-04 07:00:00,1.55894E+15,117.41,1.55894E+15
2025-05-04 08:00:00,1.54E+16,44.003,1.54E+16
2025-05-04 09:00:00,5.86853E+13,77.01,5.86853E+13
2025-05-04 10:00:00,2.90241E+15,52.357,2.90241E+15
2025-05-04 11:00:00,3.09344E+14,10.236,3.09344E+14
2025-05-04 12:00:00,3.32267E+15,0,3.32267E+15
2025-05-04 13:00:00,1.38168E+15,0,1.38168E+15
2025-05-04 14:00:00,1.79372E+15,0,1.79372E+15
2025-05-04 15:00:00,3.03698E+14,0,3.03698E+14
2025-05-04 16:00:00,1.82443E+14,0,1.82443E+14
2025-05-04 17:00:00,2.93579E+15,0,2.93579E+15
2025-05-04 18:00:00,1.38549E+14,43.603,1.38549E+14
2025-05-04 19:00:00,1.09E+16,73.3713,1.09E+16
2025-05-04 20:00:00,4.62578E+14,73.401,4.62578E+14
2025-05-04 21:00:00,2.44E+16,58.514,2.44E+16
2025-05-04 22:00:00,1.20E+16,0,1.20E+16
2025-05-04 23:00:00,4.70075E+15,0,4.70075E+15
2025-05-05 00:00:00,1.83532E+15,0,1.83532E+15
2025-05-05 01:00:00,3.76E+16,0,3.76E+16
2025-05-05 02:00:00,3591342304,0,3591342304
2025-05-05 03:00:00,3.61E+16,0,3.61E+16
2025-05-05 04:00:00,3.65E+16,0,3.65E+16
2025-05-05 05:00:00,3.55E+16,18.7581,3.55E+16
2025-05-05 06:00:00,1.06E+16,73.404,1.06E+16
2025-05-05 07:00:00,1.55894E+15,73.405,1.55894E+15
2025-05-05 08:00:00,1.54E+16,55.004,1.54E+16
2025-05-05 09:00:00,5.86853E+13,40.747,5.86853E+13
2025-05-05 10:00:00,2.90241E+15,0,2.90241E+15
2025-05-05 11:00:00,3.09344E+14,0,3.09344E+14
2025-05-05 12:00:00,3.32267E+15,0,3.32267E+15
2025-05-05 13:00:00,1.38168E+15,0,1.38168E+15
2025-05-05 14:00:00,1.79372E+15,0,1.79372E+15
2025-05-05 15:00:00,3.03698E+14,0,3.03698E+14
2025-05-05 16:00:00,1.82443E+14,0,1.82443E+14
2025-05-05 17:00:00,2.93579E+15,0,2.93579E+15
2025-05-05 18:00:00,1.38549E+14,0,1.38549E+14
2025-05-05 19:00:00,1.09E+16,0,1.09E+16
2025-05-05 20:00:00,4.62578E+14,0,4.62578E+14
2025-05-05 21:00:00,2.44E+16,0,2.44E+16
2025-05-05 22:00:00,1.20E+16,0,1.20E+16
2025-05-05 23:00:00,4.70075E+15,0,4.70075E+15
2025-05-06 00:00:00,1.83532E+15,0,1.83532E+15
2025-05-06 01:00:00,3.76E+16,0,3.76E+16
2025-05-06 02:00:00,3591342304,0,3591342304
2025-05-06 03:00:00,3.61E+16,0,3.61E+16
2025-05-06 04:00:00,3.65E+16,0,3.65E+16
2025-05-06 05:00:00,3.55E+16,0,3.55E+16
2025-05-06 06:00:00,1.06E+16,0,1.06E+16
2025-05-06 07:00:00,1.55894E+15,0,1.55894E+15
2025-05-06 08:00:00,1.54E+16,0,1.54E+16
2025-05-06 09:00:00,5.86853E+13,0,5.86853E+13
2025-05-06 10:00:00,2.90241E+15,0,2.90241E+15
2025-05-06 11:00:00,3.09344E+14,0,3.09344E+14
2025-05-06 12:00:00,3.32267E+15,0,3.32267E+15
2025-05-06 13:00:00,1.38168E+15,0,1.38168E+15
2025-05-06 14:00:00,1.79372E+15,0,1.79372E+15
2025-05-06 15:00:00,3.03698E+14,0,3.03698E+14
2025-05-06 16:00:00,1.82443E+14,0,1.82443E+14
2025-05-06 17:00:00,2.93579E+15,0,2.93579E+15
2025-05-06 18:00:00,1.38549E+14,0,1.38549E+14
2025-05-06 19:00:00,1.09E+16,0,1.09E+16
2025-05-06 20:00:00,4.62578E+14,0,4.62578E+14
2025-05-06 21:00:00,2.44E+16,0,2.44E+16
2025-05-06 22:00:00,1.20E+16,0,1.20E+16
2025-05-06 23:00:00,4.70075E+15,0,4.70075E+15
2025-05-07 00:00:00,1.83532E+15,0,1.83532E+15
2025-05-07 01:00:00,3.76E+16,0,3.76E+16
2025-05-07 02:00:00,3591342304,0,3591342304
2025-05-07 03:00:00,3.61E+16,0,3.61E+16
2025-05-07 04:00:00,3.65E+16,0,3.65E+16
2025-05-07 05:00:00,3.55E+16,0,3.55E+16
2025-05-07 06:00:00,1.06E+16,0,1.06E+16
2025-05-07 07:00:00,1.55894E+15,0,1.55894E+15
2025-05-07 08:00:00,1.54E+16,0,1.54E+16
2025-05-07 09:00:00,5.86853E+13,33.005,5.86853E+13
2025-05-07 10:00:00,2.90241E+15,33.011,2.90241E+15
2025-05-07 11:00:00,3.09344E+14,10.236,3.09344E+14
2025-05-07 12:00:00,3.32267E+15,0,3.32267E+15
2025-05-07 13:00:00,1.38168E+15,0,1.38168E+15
2025-05-07 14:00:00,1.79372E+15,0,1.79372E+15
2025-05-07 15:00:00,3.03698E+14,0,3.03698E+14
2025-05-07 16:00:00,1.82443E+14,0,1.82443E+14
2025-05-07 17:00:00,2.93579E+15,0,2.93579E+15
2025-05-07 18:00:00,1.38549E+14,0,1.38549E+14
2025-05-07 19:00:00,1.09E+16,73.3301,1.09E+16
2025-05-07 20:00:00,4.62578E+14,73.402,4.62578E+14
2025-05-07 21:00:00,2.44E+16,60.367,2.44E+16
2025-05-07 22:00:00,1.20E+16,0,1.20E+16
2025-05-07 23:00:00,4.70075E+15,0,4.70075E+15
2025-05-08 00:00:00,1.83532E+15,0,1.83532E+15
2025-05-08 01:00:00,3.97E+16,0,3.97E+16
2025-05-08 02:00:00,3.82E+16,0,3.82E+16
2025-05-08 03:00:00,3.55E+16,0,3.55E+16
2025-05-08 04:00:00,3.84E+16,0,3.84E+16
2025-05-08 05:00:00,3.76E+16,7.7658,3.76E+16
2025-05-08 06:00:00,3.95E+16,73.404,3.95E+16
2025-05-08 07:00:00,3.36355E+15,117.41,3.36355E+15
2025-05-08 08:00:00,1.02E+16,44.004,1.02E+16
2025-05-08 09:00:00,978355764,99.011,978355863
2025-05-08 10:00:00,3920199992,55.011,3920200047
2025-05-08 11:00:00,3.88E+16,32.237,3.88E+16
2025-05-08 12:00:00,3920199992,22.002,3920200014
2025-05-08 13:00:00,2.47E+16,22.003,2.47E+16
2025-05-08 14:00:00,3.62E+16,0,3.62E+16
2025-05-08 15:00:00,2.02E+16,0,2.02E+16
2025-05-08 16:00:00,1.62E+16,0,1.62E+16
2025-05-08 17:00:00,1.25E+16,0,1.25E+16
2025-05-08 18:00:00,8.52133E+15,0,8.52133E+15
2025-05-08 19:00:00,6.61104E+14,73.354,6.61104E+14
2025-05-08 20:00:00,7.18412E+15,73.401,7.18412E+15
2025-05-08 21:00:00,6.22898E+15,54.283,6.22898E+15
2025-05-08 22:00:00,1.12E+16,0,1.12E+16
2025-05-08 23:00:00,1.13868E+15,0,1.13868E+15
2025-05-09 00:00:00,4.70075E+15,0,4.70075E+15
2025-05-09 01:00:00,1.83532E+15,0,1.83532E+15
2025-05-09 02:00:00,3.74E+16,0,3.74E+16
2025-05-09 03:00:00,3.76E+16,0,3.76E+16
2025-05-09 04:00:00,4.98115E+14,0,4.98115E+14
2025-05-09 05:00:00,3.76E+16,20.92989,3.76E+16
2025-05-09 06:00:00,3.76E+16,73.403,3.76E+16
2025-05-09 07:00:00,3.07087E+14,73.405,3.07087E+14
2025-05-09 08:00:00,3.78E+16,0,3.78E+16
2025-05-09 09:00:00,3591342304,33.005,3591342337
2025-05-09 10:00:00,3.63E+16,33.011,3.63E+16
2025-05-09 11:00:00,3591342304,10.236,3591342314
2025-05-09 12:00:00,3.78E+16,0,3.78E+16
2025-05-09 13:00:00,4.98115E+14,0,4.98115E+14
2025-05-09 14:00:00,3.76E+16,0,3.76E+16
2025-05-09 15:00:00,3.76E+16,0,3.76E+16
2025-05-09 16:00:00,3.07087E+14,0,3.07087E+14
2025-05-09 17:00:00,3.80E+16,0,3.80E+16
2025-05-09 18:00:00,3.53E+16,45.73,3.53E+16
2025-05-09 19:00:00,3.99E+16,25.2886,3.99E+16
2025-05-09 20:00:00,3.93663E+15,73.359,3.93663E+15
2025-05-09 21:00:00,3.55458E+15,73.402,3.55458E+15
2025-05-09 22:00:00,1.64429E+14,33.708,1.64429E+14
2025-05-09 23:00:00,3935194228,8.6895,3935194237
2025-05-10 00:00:00,1.16058E+14,7.6941,1.16058E+14
2025-05-10 01:00:00,3.76E+16,7.567,3.76E+16
2025-05-10 02:00:00,3591342304,7.5576,3591342312
2025-05-10 03:00:00,3.61E+16,7.5552,3.61E+16
2025-05-10 04:00:00,3.65E+16,7.5544,3.65E+16
2025-05-10 05:00:00,3.55E+16,17.8881,3.55E+16
2025-05-10 06:00:00,1.06E+16,73.404,1.06E+16
2025-05-10 07:00:00,1.55894E+15,117.41,1.55894E+15
2025-05-10 08:00:00,1.54E+16,44.004,1.54E+16
2025-05-10 09:00:00,5.86853E+13,99.01,5.86853E+13
2025-05-10 10:00:00,2.90241E+15,55.011,2.90241E+15
2025-05-10 11:00:00,3.09344E+14,32.237,3.09344E+14
2025-05-10 12:00:00,3.32267E+15,22.002,3.32267E+15
2025-05-10 13:00:00,1.38168E+15,22.003,1.38168E+15
2025-05-10 14:00:00,1.79372E+15,0,1.79372E+15
2025-05-10 15:00:00,3.03698E+14,0,3.03698E+14
2025-05-10 16:00:00,1.82443E+14,0,1.82443E+14
2025-05-10 17:00:00,2.93579E+15,0,2.93579E+15
2025-05-10 18:00:00,1.38549E+14,0,1.38549E+14
2025-05-10 19:00:00,1.09E+16,25.2846,1.09E+16
2025-05-10 20:00:00,4.62578E+14,73.364,4.62578E+14
2025-05-10 21:00:00,2.44E+16,73.402,2.44E+16
2025-05-10 22:00:00,1.20E+16,34.921,1.20E+16
2025-05-10 23:00:00,4.70075E+15,9.0381,4.70075E+15
2025-05-11 00:00:00,1.83532E+15,8.0231,1.83532E+15
2025-05-11 01:00:00,3.76E+16,7.543,3.76E+16
2025-05-11 02:00:00,3591342304,8.0397,3591342312
2025-05-11 03:00:00,3.61E+16,8.0395,3.61E+16
2025-05-11 04:00:00,3.65E+16,8.0392,3.65E+16
2025-05-11 05:00:00,3.55E+16,43.15567,3.55E+16
2025-05-11 06:00:00,1.06E+16,73.405,1.06E+16
2025-05-11 07:00:00,1.55894E+15,65.977,1.55894E+15
2025-05-11 08:00:00,1.54E+16,0,1.54E+16
2025-05-11 09:00:00,5.86853E+13,33.005,5.86853E+13
2025-05-11 10:00:00,2.90241E+15,33.011,2.90241E+15
2025-05-11 11:00:00,3.09344E+14,10.236,3.09344E+14
2025-05-11 12:00:00,3.32267E+15,0,3.32267E+15
2025-05-11 13:00:00,1.38168E+15,0,1.38168E+15
2025-05-11 14:00:00,1.79372E+15,0,1.79372E+15
2025-05-11 15:00:00,3.03698E+14,0,3.03698E+14
2025-05-11 16:00:00,1.82443E+14,0,1.82443E+14
2025-05-11 17:00:00,2.93579E+15,0,2.93579E+15
2025-05-11 18:00:00,1.38549E+14,48.423,1.38549E+14
2025-05-11 19:00:00,1.09E+16,73.4013,1.09E+16
2025-05-11 20:00:00,4.62578E+14,73.402,4.62578E+14
2025-05-11 21:00:00,2.44E+16,66.879,2.44E+16
2025-05-11 22:00:00,1.20E+16,0,1.20E+16
2025-05-11 23:00:00,4.70075E+15,7.3715,4.70075E+15
2025-05-12 00:00:00,1.83532E+15,7.3712,1.83532E+15
2025-05-12 01:00:00,3.76E+16,7.371,3.76E+16
2025-05-12 02:00:00,3591342304,7.3708,3591342311
2025-05-12 03:00:00,3.61E+16,7.3705,3.61E+16
2025-05-12 04:00:00,3.65E+16,0,3.65E+16
2025-05-12 05:00:00,3.55E+16,43.02688,3.55E+16
2025-05-12 06:00:00,1.06E+16,73.407,1.06E+16
2025-05-12 07:00:00,1.55894E+15,24.106,1.55894E+15
2025-05-12 08:00:00,1.54E+16,0,1.54E+16
2025-05-12 09:00:00,5.86853E+13,0,5.86853E+13
2025-05-12 10:00:00,2.90241E+15,0,2.90241E+15
2025-05-12 11:00:00,3.09344E+14,0,3.09344E+14
2025-05-12 12:00:00,3.32267E+15,0,3.32267E+15
2025-05-12 13:00:00,1.38168E+15,0,1.38168E+15
2025-05-12 14:00:00,1.79372E+15,0,1.79372E+15
2025-05-12 15:00:00,3.03698E+14,0,3.03698E+14
2025-05-12 16:00:00,1.82443E+14,0,1.82443E+14
2025-05-12 17:00:00,2.93579E+15,0,2.93579E+15
2025-05-12 18:00:00,1.38549E+14,0,1.38549E+14
2025-05-12 19:00:00,1.09E+16,0,1.09E+16
2025-05-12 20:00:00,4.62578E+14,0,4.62578E+14
2025-05-12 21:00:00,2.44E+16,0,2.44E+16
2025-05-12 22:00:00,1.20E+16,0,1.20E+16
2025-05-12 23:00:00,4.70075E+15,0,4.70075E+15
2025-05-13 00:00:00,1.83532E+15,0,1.83532E+15
2025-05-13 01:00:00,3.76E+16,0,3.76E+16
2025-05-13 02:00:00,3591342304,0,3591342304
2025-05-13 03:00:00,3.61E+16,0,3.61E+16
2025-05-13 04:00:00,3.65E+16,0,3.65E+16
2025-05-13 05:00:00,3.55E+16,0,3.55E+16
2025-05-13 06:00:00,1.06E+16,0,1.06E+16
2025-05-13 07:00:00,1.55894E+15,0,1.55894E+15
2025-05-13 08:00:00,1.54E+16,0,1.54E+16
2025-05-13 09:00:00,5.86853E+13,0,5.86853E+13
2025-05-13 10:00:00,2.90241E+15,0,2.90241E+15
2025-05-13 11:00:00,3.09344E+14,0,3.09344E+14
2025-05-13 12:00:00,3.32267E+15,0,3.32267E+15
2025-05-13 13:00:00,1.38168E+15,0,1.38168E+15
2025-05-13 14:00:00,1.79372E+15,0,1.79372E+15
2025-05-13 15:00:00,3.03698E+14,0,3.03698E+14
2025-05-13 16:00:00,1.82443E+14,0,1.82443E+14
2025-05-13 17:00:00,2.93579E+15,0,2.93579E+15
2025-05-13 18:00:00,1.38549E+14,0,1.38549E+14
2025-05-13 19:00:00,1.09E+16,0,1.09E+16
2025-05-13 20:00:00,4.62578E+14,0,4.62578E+14
2025-05-13 21:00:00,2.44E+16,0,2.44E+16
2025-05-13 22:00:00,1.20E+16,0,1.20E+16
2025-05-13 23:00:00,4.70075E+15,0,4.70075E+15
2025-05-14 00:00:00,1.83532E+15,0,1.83532E+15
2025-05-14 01:00:00,3.76E+16,0,3.76E+16
2025-05-14 02:00:00,3591342304,0,3591342304
2025-05-14 03:00:00,3.61E+16,0,3.61E+16
2025-05-14 04:00:00,3.65E+16,0,3.65E+16
2025-05-14 05:00:00,3.55E+16,0,3.55E+16
2025-05-14 06:00:00,1.06E+16,0,1.06E+16
2025-05-14 07:00:00,1.55894E+15,44.002,1.55894E+15
2025-05-14 08:00:00,1.54E+16,44.003,1.54E+16
2025-05-14 09:00:00,5.86853E+13,77.01,5.86853E+13
2025-05-14 10:00:00,2.90241E+15,52.357,2.90241E+15
2025-05-14 11:00:00,3.09344E+14,10.236,3.09344E+14
2025-05-14 12:00:00,3.32267E+15,0,3.32267E+15
2025-05-14 13:00:00,1.38168E+15,0,1.38168E+15
2025-05-14 14:00:00,1.79372E+15,0,1.79372E+15
2025-05-14 15:00:00,3.03698E+14,0,3.03698E+14
2025-05-14 16:00:00,1.82443E+14,0,1.82443E+14
2025-05-14 17:00:00,2.93579E+15,0,2.93579E+15
2025-05-14 18:00:00,1.38549E+14,0,1.38549E+14
2025-05-14 19:00:00,1.09E+16,25.2883,1.09E+16
2025-05-14 20:00:00,4.62578E+14,73.401,4.62578E+14
2025-05-14 21:00:00,2.44E+16,73.402,2.44E+16
2025-05-14 22:00:00,1.20E+16,37.47,1.20E+16
2025-05-14 23:00:00,4.70075E+15,9.7515,4.70075E+15
2025-05-15 00:00:00,1.83532E+15,7.981,1.83532E+15
2025-05-15 01:00:00,2.98149E+15,7.7112,2.98149E+15
2025-05-15 02:00:00,3935194228,7.6037,3935194236
2025-05-15 03:00:00,3.99E+16,7.5579,3.99E+16
2025-05-15 04:00:00,3.97E+16,7.5543,3.97E+16
2025-05-15 05:00:00,3.95E+16,6.8978,3.95E+16
2025-05-15 06:00:00,1.26223E+15,73.405,1.26223E+15
2025-05-15 07:00:00,5.46487E+15,73.407,5.46487E+15
2025-05-15 08:00:00,8.3303E+14,0,8.3303E+14
2025-05-15 09:00:00,1.64E+16,55.005,1.64E+16
2025-05-15 10:00:00,3.64E+16,55.011,3.64E+16
2025-05-15 11:00:00,1.21E+16,32.237,1.21E+16
2025-05-15 12:00:00,1.21E+16,22.002,1.21E+16
2025-05-15 13:00:00,3.62E+16,22.003,3.62E+16
2025-05-15 14:00:00,1.83E+16,0,1.83E+16
2025-05-15 15:00:00,1.23E+16,0,1.23E+16
2025-05-15 16:00:00,8.52133E+15,0,8.52133E+15
2025-05-15 17:00:00,7.18412E+15,0,7.18412E+15
2025-05-15 18:00:00,48917788,5.9073,48917793.91
2025-05-15 19:00:00,5.08281E+15,73.34,5.08281E+15
2025-05-15 20:00:00,5.65589E+15,73.401,5.65589E+15
2025-05-15 21:00:00,2.59943E+14,54.457,2.59943E+14
2025-05-15 22:00:00,5.65589E+15,0,5.65589E+15
2025-05-15 23:00:00,5.46487E+15,0,5.46487E+15
2025-05-16 00:00:00,3.36355E+15,0,3.36355E+15
2025-05-16 01:00:00,1.64429E+14,0,1.64429E+14
2025-05-16 02:00:00,3935194228,0,3935194228
2025-05-16 03:00:00,3.99E+16,0,3.99E+16
2025-05-16 04:00:00,3.97E+16,0,3.97E+16
2025-05-16 05:00:00,3.95E+16,47.86981,3.95E+16
2025-05-16 06:00:00,1.45326E+15,73.405,1.45326E+15
2025-05-16 07:00:00,4.31869E+14,117.41,4.31869E+14
2025-05-16 08:00:00,3.97E+16,44.004,3.97E+16
2025-05-16 09:00:00,3.53E+16,77.01,3.53E+16
2025-05-16 10:00:00,3.82E+16,33.011,3.82E+16
2025-05-16 11:00:00,3.99E+16,10.236,3.99E+16
2025-05-16 12:00:00,1.0712E+15,0,1.0712E+15
2025-05-16 13:00:00,5.84692E+14,0,5.84692E+14
2025-05-16 14:00:00,5.46487E+15,0,5.46487E+15
2025-05-16 15:00:00,2.98149E+15,0,2.98149E+15
2025-05-16 16:00:00,3.55458E+15,0,3.55458E+15
2025-05-16 17:00:00,2.98149E+15,0,2.98149E+15
2025-05-16 18:00:00,5.65589E+15,6.8997,5.65589E+15
2025-05-16 19:00:00,5.08281E+15,73.34505,5.08281E+15
2025-05-16 20:00:00,5.27384E+15,73.401,5.27384E+15
2025-05-16 21:00:00,5.27384E+15,55.371,5.27384E+15
2025-05-16 22:00:00,5.08281E+15,0,5.08281E+15
2025-05-16 23:00:00,5.46487E+15,0,5.46487E+15
2025-05-17 00:00:00,3.36355E+15,0,3.36355E+15
2025-05-17 01:00:00,2.98149E+15,0,2.98149E+15
2025-05-17 02:00:00,3916091344,0,3916091344
2025-05-17 03:00:00,1.16058E+14,0,1.16058E+14
2025-05-17 04:00:00,3916091344,0,3916091344
2025-05-17 05:00:00,2.59943E+14,18.6539,2.59943E+14
2025-05-17 06:00:00,4.98115E+14,73.404,4.98115E+14
2025-05-17 07:00:00,6.91812E+15,73.405,6.91812E+15
2025-05-17 08:00:00,3.66098E+15,0,3.66098E+15
2025-05-17 09:00:00,2.08027E+15,55.005,2.08027E+15
2025-05-17 10:00:00,9.11602E+13,55.011,9.11602E+13
2025-05-17 11:00:00,1.37663E+13,32.237,1.37663E+13
2025-05-17 12:00:00,3.28786E+15,22.002,3.28786E+15
2025-05-17 13:00:00,2.00687E+14,22.003,2.00687E+14
2025-05-17 14:00:00,1.29294E+15,0,1.29294E+15
2025-05-17 15:00:00,2.85938E+15,0,2.85938E+15
2025-05-17 16:00:00,2.66835E+15,0,2.66835E+15
2025-05-17 17:00:00,1.96493E+15,0,1.96493E+15
2025-05-17 18:00:00,8.03041E+14,73.362,8.03041E+14
2025-05-17 19:00:00,3.04E+16,60.471,3.04E+16
2025-05-17 20:00:00,3.60E+16,73.402,3.60E+16
2025-05-17 21:00:00,2.06E+16,73.403,2.06E+16
2025-05-17 22:00:00,1.38701E+15,70.361,1.38701E+15
2025-05-17 23:00:00,1.02E+16,0,1.02E+16
2025-05-18 00:00:00,9.47647E+15,6.9101,9.47647E+15
2025-05-18 01:00:00,2.98149E+15,0,2.98149E+15
2025-05-18 02:00:00,3916091344,0,3916091344
2025-05-18 03:00:00,1.16058E+14,0,1.16058E+14
2025-05-18 04:00:00,3916091344,0,3916091344
2025-05-18 05:00:00,2.59943E+14,0,2.59943E+14
2025-05-18 06:00:00,4.98115E+14,49.62761,4.98115E+14
2025-05-18 07:00:00,6.91812E+15,99.007,6.91812E+15
2025-05-18 08:00:00,3.66098E+15,44.004,3.66098E+15
2025-05-18 09:00:00,2.08027E+15,77.01,2.08027E+15
2025-05-18 10:00:00,9.11602E+13,33.011,9.11602E+13
2025-05-18 11:00:00,1.37663E+13,10.236,1.37663E+13
2025-05-18 12:00:00,3.28786E+15,0,3.28786E+15
2025-05-18 13:00:00,2.00687E+14,0,2.00687E+14
2025-05-18 14:00:00,1.29294E+15,0,1.29294E+15
2025-05-18 15:00:00,2.85938E+15,0,2.85938E+15
2025-05-18 16:00:00,2.66835E+15,0,2.66835E+15
2025-05-18 17:00:00,1.96493E+15,0,1.96493E+15
2025-05-18 18:00:00,8.03041E+14,0,8.03041E+14
2025-05-18 19:00:00,3.04E+16,60.474,3.04E+16
2025-05-18 20:00:00,3.60E+16,73.387,3.60E+16
2025-05-18 21:00:00,2.06E+16,73.402,2.06E+16
2025-05-18 22:00:00,1.38701E+15,69.897,1.38701E+15
2025-05-18 23:00:00,1.02E+16,0,1.02E+16
2025-05-19 00:00:00,9.47647E+15,0,9.47647E+15
2025-05-19 01:00:00,2.98149E+15,0,2.98149E+15
2025-05-19 02:00:00,3916091344,0,3916091344
2025-05-19 03:00:00,1.16058E+14,0,1.16058E+14
2025-05-19 04:00:00,3916091344,0,3916091344
2025-05-19 05:00:00,2.59943E+14,38.44757,2.59943E+14
2025-05-19 06:00:00,4.98115E+14,73.406,4.98115E+14
2025-05-19 07:00:00,6.91812E+15,51.589,6.91812E+15
2025-05-19 08:00:00,3.66098E+15,0,3.66098E+15
2025-05-19 09:00:00,2.08027E+15,0,2.08027E+15
2025-05-19 10:00:00,9.11602E+13,0,9.11602E+13
2025-05-19 11:00:00,1.37663E+13,0,1.37663E+13
2025-05-19 12:00:00,3.28786E+15,0,3.28786E+15
2025-05-19 13:00:00,2.00687E+14,0,2.00687E+14
2025-05-19 14:00:00,1.29294E+15,0,1.29294E+15
2025-05-19 15:00:00,2.85938E+15,0,2.85938E+15
2025-05-19 16:00:00,2.66835E+15,0,2.66835E+15
2025-05-19 17:00:00,1.96493E+15,0,1.96493E+15
2025-05-19 18:00:00,8.03041E+14,0,8.03041E+14
2025-05-19 19:00:00,3.04E+16,0,3.04E+16
2025-05-19 20:00:00,3.60E+16,0,3.60E+16
2025-05-19 21:00:00,2.06E+16,0,2.06E+16
2025-05-19 22:00:00,1.38701E+15,0,1.38701E+15
2025-05-19 23:00:00,1.02E+16,0,1.02E+16
2025-05-20 00:00:00,9.47647E+15,0,9.47647E+15
2025-05-20 01:00:00,2.98149E+15,0,2.98149E+15
2025-05-20 02:00:00,3916091344,0,3916091344
2025-05-20 03:00:00,1.16058E+14,0,1.16058E+14
2025-05-20 04:00:00,3916091344,0,3916091344
2025-05-20 05:00:00,2.59943E+14,0,2.59943E+14
2025-05-20 06:00:00,4.98115E+14,0,4.98115E+14
2025-05-20 07:00:00,6.91812E+15,0,6.91812E+15
2025-05-20 08:00:00,3.66098E+15,0,3.66098E+15
2025-05-20 09:00:00,2.08027E+15,0,2.08027E+15
2025-05-20 10:00:00,9.11602E+13,0,9.11602E+13
2025-05-20 11:00:00,1.37663E+13,0,1.37663E+13
2025-05-20 12:00:00,3.28786E+15,0,3.28786E+15
2025-05-20 13:00:00,2.00687E+14,0,2.00687E+14
2025-05-20 14:00:00,1.29294E+15,0,1.29294E+15
2025-05-20 15:00:00,2.85938E+15,0,2.85938E+15
2025-05-20 16:00:00,2.66835E+15,0,2.66835E+15
2025-05-20 17:00:00,1.96493E+15,0,1.96493E+15
2025-05-20 18:00:00,8.03041E+14,0,8.03041E+14
2025-05-20 19:00:00,3.04E+16,0,3.04E+16
2025-05-20 20:00:00,3.60E+16,0,3.60E+16
2025-05-20 21:00:00,2.06E+16,0,2.06E+16
2025-05-20 22:00:00,1.38701E+15,0,1.38701E+15
2025-05-20 23:00:00,1.02E+16,0,1.02E+16
2025-05-21 00:00:00,9.47647E+15,0,9.47647E+15
2025-05-21 01:00:00,2.98149E+15,0,2.98149E+15
2025-05-21 02:00:00,3916091344,0,3916091344
2025-05-21 03:00:00,1.16058E+14,0,1.16058E+14
2025-05-21 04:00:00,3916091344,0,3916091344
2025-05-21 05:00:00,2.59943E+14,0,2.59943E+14
2025-05-21 06:00:00,4.98115E+14,0,4.98115E+14
2025-05-21 07:00:00,6.91812E+15,0,6.91812E+15
2025-05-21 08:00:00,3.66098E+15,0,3.66098E+15
2025-05-21 09:00:00,2.08027E+15,33.005,2.08027E+15
2025-05-21 10:00:00,9.11602E+13,33.011,9.11602E+13
2025-05-21 11:00:00,1.37663E+13,10.236,1.37663E+13
2025-05-21 12:00:00,3.28786E+15,0,3.28786E+15
2025-05-21 13:00:00,2.00687E+14,0,2.00687E+14
2025-05-21 14:00:00,1.29294E+15,0,1.29294E+15
2025-05-21 15:00:00,2.85938E+15,0,2.85938E+15
2025-05-21 16:00:00,2.66835E+15,0,2.66835E+15
2025-05-21 17:00:00,1.96493E+15,0,1.96493E+15
2025-05-21 18:00:00,8.03041E+14,0,8.03041E+14
2025-05-21 19:00:00,3.04E+16,25.2839,3.04E+16
2025-05-21 20:00:00,3.60E+16,73.401,3.60E+16
2025-05-21 21:00:00,2.06E+16,73.402,2.06E+16
2025-05-21 22:00:00,1.38701E+15,37.553,1.38701E+15
2025-05-21 23:00:00,1.02E+16,9.7755,1.02E+16
2025-05-22 00:00:00,9.47647E+15,8.0023,9.47647E+15
2025-05-22 01:00:00,2.98149E+15,7.732,2.98149E+15
2025-05-22 02:00:00,3935194228,7.6242,3935194236
2025-05-22 03:00:00,3.99E+16,7.5783,3.99E+16
2025-05-22 04:00:00,3.97E+16,7.55979,3.97E+16
2025-05-22 05:00:00,3.95E+16,64.18714,3.95E+16
2025-05-22 06:00:00,1.26223E+15,73.407,1.26223E+15
2025-05-22 07:00:00,5.46487E+15,77.816,5.46487E+15
2025-05-22 08:00:00,8.3303E+14,44.003,8.3303E+14
2025-05-22 09:00:00,1.64E+16,98.988,1.64E+16
2025-05-22 10:00:00,3.64E+16,74.357,3.64E+16
2025-05-22 11:00:00,1.21E+16,32.325,1.21E+16
2025-05-22 12:00:00,1.21E+16,22.002,1.21E+16
2025-05-22 13:00:00,3.62E+16,14.349,3.62E+16
2025-05-22 14:00:00,1.83E+16,15.825,1.83E+16
2025-05-22 15:00:00,1.23E+16,0,1.23E+16
2025-05-22 16:00:00,8.52133E+15,0,8.52133E+15
2025-05-22 17:00:00,7.18412E+15,0,7.18412E+15
2025-05-22 18:00:00,48917788,0,48917788
2025-05-22 19:00:00,5.08281E+15,73.33083,5.08281E+15
2025-05-22 20:00:00,5.65589E+15,73.402,5.65589E+15
2025-05-22 21:00:00,2.59943E+14,54.448,2.59943E+14
2025-05-22 22:00:00,5.65589E+15,0,5.65589E+15
2025-05-22 23:00:00,5.46487E+15,0,5.46487E+15
2025-05-23 00:00:00,3.36355E+15,0,3.36355E+15
2025-05-23 01:00:00,1.64429E+14,0,1.64429E+14
2025-05-23 02:00:00,3935194228,0,3935194228
2025-05-23 03:00:00,3.99E+16,0,3.99E+16
2025-05-23 04:00:00,3.97E+16,0,3.97E+16
2025-05-23 05:00:00,3.95E+16,18.0226,3.95E+16
2025-05-23 06:00:00,1.45326E+15,73.404,1.45326E+15
2025-05-23 07:00:00,4.31869E+14,73.406,4.31869E+14
2025-05-23 08:00:00,3.97E+16,0,3.97E+16
2025-05-23 09:00:00,3.53E+16,33.005,3.53E+16
2025-05-23 10:00:00,3.82E+16,33.011,3.82E+16
2025-05-23 11:00:00,3.99E+16,10.236,3.99E+16
2025-05-23 12:00:00,1.0712E+15,0,1.0712E+15
2025-05-23 13:00:00,5.84692E+14,0,5.84692E+14
2025-05-23 14:00:00,5.46487E+15,0,5.46487E+15
2025-05-23 15:00:00,2.98149E+15,0,2.98149E+15
2025-05-23 16:00:00,3.55458E+15,0,3.55458E+15
2025-05-23 17:00:00,2.98149E+15,0,2.98149E+15
2025-05-23 18:00:00,5.65589E+15,18.386,5.65589E+15
2025-05-23 19:00:00,5.08281E+15,73.367,5.08281E+15
2025-05-23 20:00:00,5.27384E+15,73.401,5.27384E+15
2025-05-23 21:00:00,5.27384E+15,73.403,5.27384E+15
2025-05-23 22:00:00,5.08281E+15,22.077,5.08281E+15
2025-05-23 23:00:00,5.46487E+15,8.6505,5.46487E+15
2025-05-24 00:00:00,3.36355E+15,7.6371,3.36355E+15
2025-05-24 01:00:00,2.98149E+15,7.5677,2.98149E+15
2025-05-24 02:00:00,3916091344,7.56,3916091352
2025-05-24 03:00:00,1.16058E+14,7.5536,1.16058E+14
2025-05-24 04:00:00,3916091344,7.5531,3916091352
2025-05-24 05:00:00,2.59943E+14,73.405,2.59943E+14
2025-05-24 06:00:00,4.98115E+14,64.449,4.98115E+14
2025-05-24 07:00:00,6.91812E+15,75.352,6.91812E+15
2025-05-24 08:00:00,3.66098E+15,44.004,3.66098E+15
2025-05-24 09:00:00,2.08027E+15,99.011,2.08027E+15
2025-05-24 10:00:00,9.11602E+13,55.011,9.11602E+13
2025-05-24 11:00:00,1.37663E+13,32.237,1.37663E+13
2025-05-24 12:00:00,3.28786E+15,22.002,3.28786E+15
2025-05-24 13:00:00,2.00687E+14,22.003,2.00687E+14
2025-05-24 14:00:00,1.29294E+15,0,1.29294E+15
2025-05-24 15:00:00,2.85938E+15,0,2.85938E+15
2025-05-24 16:00:00,2.66835E+15,0,2.66835E+15
2025-05-24 17:00:00,1.96493E+15,0,1.96493E+15
2025-05-24 18:00:00,8.03041E+14,0,8.03041E+14
2025-05-24 19:00:00,3.04E+16,60.466,3.04E+16
2025-05-24 20:00:00,3.60E+16,73.401,3.60E+16
2025-05-24 21:00:00,2.06E+16,73.403,2.06E+16
2025-05-24 22:00:00,1.38701E+15,69.375,1.38701E+15
2025-05-24 23:00:00,1.02E+16,0,1.02E+16
2025-05-25 00:00:00,9.47647E+15,0,9.47647E+15
2025-05-25 01:00:00,2.98149E+15,0,2.98149E+15
2025-05-25 02:00:00,3916091344,0,3916091344
2025-05-25 03:00:00,1.16058E+14,0,1.16058E+14
2025-05-25 04:00:00,3916091344,0,3916091344
2025-05-25 05:00:00,2.59943E+14,24.94515,2.59943E+14
2025-05-25 06:00:00,4.98115E+14,73.406,4.98115E+14
2025-05-25 07:00:00,6.91812E+15,31.506,6.91812E+15
2025-05-25 08:00:00,3.66098E+15,0,3.66098E+15
2025-05-25 09:00:00,2.08027E+15,33.005,2.08027E+15
2025-05-25 10:00:00,9.11602E+13,33.011,9.11602E+13
2025-05-25 11:00:00,1.37663E+13,10.236,1.37663E+13
2025-05-25 12:00:00,3.28786E+15,0,3.28786E+15
2025-05-25 13:00:00,2.00687E+14,0,2.00687E+14
2025-05-25 14:00:00,1.29294E+15,0,1.29294E+15
2025-05-25 15:00:00,2.85938E+15,0,2.85938E+15
2025-05-25 16:00:00,2.66835E+15,0,2.66835E+15
2025-05-25 17:00:00,1.96493E+15,0,1.96493E+15
2025-05-25 18:00:00,8.03041E+14,0,8.03041E+14
2025-05-25 19:00:00,3.04E+16,73.33612,3.04E+16
2025-05-25 20:00:00,3.60E+16,73.401,3.60E+16
2025-05-25 21:00:00,2.06E+16,55.996,2.06E+16
2025-05-25 22:00:00,1.38701E+15,0,1.38701E+15
2025-05-25 23:00:00,1.02E+16,0,1.02E+16
2025-05-26 00:00:00,9.47647E+15,0,9.47647E+15
2025-05-26 01:00:00,2.98149E+15,0,2.98149E+15
2025-05-26 02:00:00,3916091344,0,3916091344
2025-05-26 03:00:00,1.16058E+14,0,1.16058E+14
2025-05-26 04:00:00,3916091344,0,3916091344
2025-05-26 05:00:00,2.59943E+14,7.3384,2.59943E+14
2025-05-26 06:00:00,4.98115E+14,38.80943,4.98115E+14
2025-05-26 07:00:00,6.91812E+15,73.405,6.91812E+15
2025-05-26 08:00:00,3.66098E+15,73.407,3.66098E+15
2025-05-26 09:00:00,2.08027E+15,38.464,2.08027E+15
2025-05-26 10:00:00,9.11602E+13,0,9.11602E+13
2025-05-26 11:00:00,1.37663E+13,0,1.37663E+13
2025-05-26 12:00:00,3.28786E+15,0,3.28786E+15
2025-05-26 13:00:00,2.00687E+14,0,2.00687E+14
2025-05-26 14:00:00,1.29294E+15,0,1.29294E+15
2025-05-26 15:00:00,2.85938E+15,0,2.85938E+15
2025-05-26 16:00:00,2.66835E+15,0,2.66835E+15
2025-05-26 17:00:00,1.96493E+15,0,1.96493E+15
2025-05-26 18:00:00,8.03041E+14,0,8.03041E+14
2025-05-26 19:00:00,3.04E+16,0,3.04E+16
2025-05-26 20:00:00,3.60E+16,0,3.60E+16
2025-05-26 21:00:00,2.06E+16,0,2.06E+16
2025-05-26 22:00:00,1.38701E+15,0,1.38701E+15
2025-05-26 23:00:00,1.02E+16,0,1.02E+16
2025-05-27 00:00:00,9.47647E+15,0,9.47647E+15
2025-05-27 01:00:00,2.98149E+15,0,2.98149E+15
2025-05-27 02:00:00,3916091344,0,3916091344
2025-05-27 03:00:00,1.16058E+14,0,1.16058E+14
2025-05-27 04:00:00,3916091344,0,3916091344
2025-05-27 05:00:00,2.59943E+14,0,2.59943E+14
2025-05-27 06:00:00,4.98115E+14,0,4.98115E+14
2025-05-27 07:00:00,6.91812E+15,0,6.91812E+15
2025-05-27 08:00:00,3.66098E+15,0,3.66098E+15
2025-05-27 09:00:00,2.08027E+15,0,2.08027E+15
2025-05-27 10:00:00,9.11602E+13,0,9.11602E+13
2025-05-27 11:00:00,1.37663E+13,0,1.37663E+13
2025-05-27 12:00:00,3.28786E+15,0,3.28786E+15
2025-05-27 13:00:00,2.00687E+14,0,2.00687E+14
2025-05-27 14:00:00,1.29294E+15,0,1.29294E+15
2025-05-27 15:00:00,2.85938E+15,0,2.85938E+15
2025-05-27 16:00:00,2.66835E+15,0,2.66835E+15
2025-05-27 17:00:00,1.96493E+15,0,1.96493E+15
2025-05-27 18:00:00,8.03041E+14,0,8.03041E+14
2025-05-27 19:00:00,3.04E+16,0,3.04E+16
2025-05-27 20:00:00,3.60E+16,0,3.60E+16
2025-05-27 21:00:00,2.06E+16,0,2.06E+16
2025-05-27 22:00:00,1.38701E+15,0,1.38701E+15
2025-05-27 23:00:00,1.02E+16,0,1.02E+16
2025-05-28 00:00:00,9.47647E+15,0,9.47647E+15
2025-05-28 01:00:00,2.98149E+15,0,2.98149E+15
2025-05-28 02:00:00,3916091344,0,3916091344
2025-05-28 03:00:00,1.16058E+14,0,1.16058E+14
2025-05-28 04:00:00,3916091344,0,3916091344
2025-05-28 05:00:00,2.59943E+14,0,2.59943E+14
2025-05-28 06:00:00,4.98115E+14,0,4.98115E+14
2025-05-28 07:00:00,6.91812E+15,44.002,6.91812E+15
2025-05-28 08:00:00,3.66098E+15,44.004,3.66098E+15
2025-05-28 09:00:00,2.08027E+15,77.01,2.08027E+15
2025-05-28 10:00:00,9.11602E+13,33.011,9.11602E+13
2025-05-28 11:00:00,1.37663E+13,10.236,1.37663E+13
2025-05-28 12:00:00,3.28786E+15,0,3.28786E+15
2025-05-28 13:00:00,2.00687E+14,0,2.00687E+14
2025-05-28 14:00:00,1.29294E+15,0,1.29294E+15
2025-05-28 15:00:00,2.85938E+15,0,2.85938E+15
2025-05-28 16:00:00,2.66835E+15,0,2.66835E+15
2025-05-28 17:00:00,1.96493E+15,0,1.96493E+15
2025-05-28 18:00:00,8.03041E+14,0,8.03041E+14
2025-05-28 19:00:00,3.04E+16,60.467,3.04E+16
2025-05-28 20:00:00,3.60E+16,73.401,3.60E+16
2025-05-28 21:00:00,2.06E+16,73.403,2.06E+16
2025-05-28 22:00:00,1.38701E+15,8.7781,1.38701E+15
2025-05-28 23:00:00,1.02E+16,8.1502,1.02E+16
2025-05-29 00:00:00,9.47647E+15,7.663,9.47647E+15
2025-05-29 01:00:00,2.98149E+15,7.6059,2.98149E+15
2025-05-29 02:00:00,3935194228,7.5619,3935194236
2025-05-29 03:00:00,3.99E+16,7.5542,3.99E+16
2025-05-29 04:00:00,3.97E+16,7.5533,3.97E+16
2025-05-29 05:00:00,3.95E+16,0,3.95E+16
2025-05-29 06:00:00,1.26223E+15,30.78527,1.26223E+15
2025-05-29 07:00:00,5.46487E+15,48.848,5.46487E+15
2025-05-29 08:00:00,8.3303E+14,0,8.3303E+14
2025-05-29 09:00:00,1.64E+16,55.005,1.64E+16
2025-05-29 10:00:00,3.64E+16,55.011,3.64E+16
2025-05-29 11:00:00,1.21E+16,32.237,1.21E+16
2025-05-29 12:00:00,1.21E+16,22.002,1.21E+16
2025-05-29 13:00:00,3.62E+16,22.003,3.62E+16
2025-05-29 14:00:00,1.83E+16,0,1.83E+16
2025-05-29 15:00:00,1.23E+16,0,1.23E+16
2025-05-29 16:00:00,8.52133E+15,0,8.52133E+15
2025-05-29 17:00:00,7.18412E+15,0,7.18412E+15
2025-05-29 18:00:00,48917788,5.5198,48917793.52
2025-05-29 19:00:00,5.08281E+15,25.2927,5.08281E+15
2025-05-29 20:00:00,5.65589E+15,73.351,5.65589E+15
2025-05-29 21:00:00,2.59943E+14,73.401,2.59943E+14
2025-05-29 22:00:00,5.65589E+15,36.697,5.65589E+15
2025-05-29 23:00:00,5.46487E+15,9.5508,5.46487E+15
2025-05-30 00:00:00,3.36355E+15,7.803,3.36355E+15
2025-05-30 01:00:00,1.64429E+14,7.6557,1.64429E+14
2025-05-30 02:00:00,3935194228,7.5526,3935194236
2025-05-30 03:00:00,3.99E+16,8.0595,3.99E+16
2025-05-30 04:00:00,3.97E+16,8.0593,3.97E+16
2025-05-30 05:00:00,3.95E+16,8.059,3.95E+16
2025-05-30 06:00:00,1.45326E+15,27.037,1.45326E+15
2025-05-30 07:00:00,4.31869E+14,99.5995,4.31869E+14
2025-05-30 08:00:00,3.97E+16,44.003,3.97E+16
2025-05-30 09:00:00,3.53E+16,77.01,3.53E+16
2025-05-30 10:00:00,3.82E+16,61.528,3.82E+16
2025-05-30 11:00:00,3.99E+16,10.236,3.99E+16
2025-05-30 12:00:00,1.0712E+15,0,1.0712E+15
2025-05-30 13:00:00,5.84692E+14,0,5.84692E+14
2025-05-30 14:00:00,5.46487E+15,0,5.46487E+15
2025-05-30 15:00:00,2.98149E+15,0,2.98149E+15
2025-05-30 16:00:00,3.55458E+15,0,3.55458E+15
2025-05-30 17:00:00,2.98149E+15,0,2.98149E+15
2025-05-30 18:00:00,5.65589E+15,63.436,5.65589E+15
2025-05-30 19:00:00,5.08281E+15,73.357,5.08281E+15
2025-05-30 20:00:00,5.27384E+15,73.401,5.27384E+15
2025-05-30 21:00:00,5.27384E+15,73.402,5.27384E+15
2025-05-30 22:00:00,5.08281E+15,34.656,5.08281E+15
2025-05-30 23:00:00,5.46487E+15,8.9692,5.46487E+15
2025-05-31 00:00:00,3.36355E+15,7.9582,3.36355E+15
2025-05-31 01:00:00,2.98149E+15,7.7079,2.98149E+15
2025-05-31 02:00:00,3916091344,7.6004,3916091352
2025-05-31 03:00:00,1.16058E+14,7.5546,1.16058E+14
2025-05-31 04:00:00,3916091344,7.5531,3916091352
2025-05-31 05:00:00,2.59943E+14,14.8858,2.59943E+14
2025-05-31 06:00:00,4.98115E+14,73.405,4.98115E+14
2025-05-31 07:00:00,6.91812E+15,73.407,6.91812E+15
2025-05-31 08:00:00,3.66098E+15,0,3.66098E+15
2025-05-31 09:00:00,2.08027E+15,55.005,2.08027E+15
2025-05-31 10:00:00,9.11602E+13,55.011,9.11602E+13
2025-05-31 11:00:00,1.37663E+13,32.237,1.37663E+13
2025-05-31 12:00:00,3.28786E+15,22.002,3.28786E+15
2025-05-31 13:00:00,2.00687E+14,22.003,2.00687E+14
2025-05-31 14:00:00,1.29294E+15,0,1.29294E+15
2025-05-31 15:00:00,2.85938E+15,0,2.85938E+15
2025-05-31 16:00:00,2.66835E+15,0,2.66835E+15
2025-05-31 17:00:00,1.96493E+15,0,1.96493E+15
2025-05-31 18:00:00,8.03041E+14,9.303,8.03041E+14
2025-05-31 19:00:00,3.04E+16,60.471,3.04E+16
2025-05-31 20:00:00,3.60E+16,73.401,3.60E+16
2025-05-31 21:00:00,2.06E+16,73.402,2.06E+16
2025-05-31 22:00:00,1.38701E+15,8.7634,1.38701E+15
2025-05-31 23:00:00,1.02E+16,8.1359,1.02E+16
2025-06-01 00:00:00,9.47647E+15,7.6494,9.47647E+15
2025-06-01 01:00:00,2.98149E+15,7.5921,2.98149E+15
2025-06-01 02:00:00,3916091344,7.5737,3916091352
2025-06-01 03:00:00,1.16058E+14,7.5562,1.16058E+14
2025-06-01 04:00:00,3916091344,7.5534,3916091352
2025-06-01 05:00:00,2.59943E+14,14.7854,2.59943E+14
2025-06-01 06:00:00,4.98115E+14,21.04044,4.98115E+14
2025-06-01 07:00:00,6.91812E+15,110.38752,6.91812E+15
2025-06-01 08:00:00,3.66098E+15,44.004,3.66098E+15
2025-06-01 09:00:00,2.08027E+15,77.01,2.08027E+15
2025-06-01 10:00:00,9.11602E+13,33.011,9.11602E+13
2025-06-01 11:00:00,1.37663E+13,10.236,1.37663E+13
2025-06-01 12:00:00,3.28786E+15,0,3.28786E+15
2025-06-01 13:00:00,2.00687E+14,0,2.00687E+14
2025-06-01 14:00:00,1.29294E+15,0,1.29294E+15
2025-06-01 15:00:00,2.85938E+15,0,2.85938E+15
2025-06-01 16:00:00,2.66835E+15,0,2.66835E+15
2025-06-01 17:00:00,1.96493E+15,0,1.96493E+15
2025-06-01 18:00:00,8.03041E+14,21.222,8.03041E+14
2025-06-01 19:00:00,3.04E+16,73.3504,3.04E+16
2025-06-01 20:00:00,3.60E+16,73.401,3.60E+16
2025-06-01 21:00:00,2.06E+16,61.063,2.06E+16
2025-06-01 22:00:00,1.38701E+15,0,1.38701E+15
2025-06-01 23:00:00,1.02E+16,0,1.02E+16
2025-06-02 00:00:00,9.47647E+15,0,9.47647E+15
2025-06-02 01:00:00,2.98149E+15,0,2.98149E+15
2025-06-02 02:00:00,3916091344,0,3916091344
2025-06-02 03:00:00,1.16058E+14,0,1.16058E+14
2025-06-02 04:00:00,3916091344,0,3916091344
2025-06-02 05:00:00,2.59943E+14,16.7313,2.59943E+14
2025-06-02 06:00:00,4.98115E+14,73.404,4.98115E+14
2025-06-02 07:00:00,6.91812E+15,73.405,6.91812E+15
2025-06-02 08:00:00,3.66098E+15,73.407,3.66098E+15
2025-06-02 09:00:00,2.08027E+15,0,2.08027E+15
2025-06-02 10:00:00,9.11602E+13,0,9.11602E+13
2025-06-02 11:00:00,1.37663E+13,0,1.37663E+13
2025-06-02 12:00:00,3.28786E+15,0,3.28786E+15
2025-06-02 13:00:00,2.00687E+14,0,2.00687E+14
2025-06-02 14:00:00,1.29294E+15,0,1.29294E+15
2025-06-02 15:00:00,2.85938E+15,0,2.85938E+15
2025-06-02 16:00:00,2.66835E+15,0,2.66835E+15
2025-06-02 17:00:00,1.96493E+15,0,1.96493E+15
2025-06-02 18:00:00,8.03041E+14,0,8.03041E+14
2025-06-02 19:00:00,3.04E+16,0,3.04E+16
2025-06-02 20:00:00,3.60E+16,0,3.60E+16
2025-06-02 21:00:00,2.06E+16,0,2.06E+16
2025-06-02 22:00:00,1.38701E+15,0,1.38701E+15
2025-06-02 23:00:00,1.02E+16,0,1.02E+16
2025-06-03 00:00:00,9.47647E+15,0,9.47647E+15
2025-06-03 01:00:00,2.98149E+15,0,2.98149E+15
2025-06-03 02:00:00,3916091344,0,3916091344
2025-06-03 03:00:00,1.16058E+14,0,1.16058E+14
2025-06-03 04:00:00,3916091344,0,3916091344
2025-06-03 05:00:00,2.59943E+14,0,2.59943E+14
2025-06-03 06:00:00,4.98115E+14,0,4.98115E+14
2025-06-03 07:00:00,6.91812E+15,0,6.91812E+15
2025-06-03 08:00:00,3.66098E+15,0,3.66098E+15
2025-06-03 09:00:00,2.08027E+15,0,2.08027E+15
2025-06-03 10:00:00,9.11602E+13,0,9.11602E+13
2025-06-03 11:00:00,1.37663E+13,0,1.37663E+13
2025-06-03 12:00:00,3.28786E+15,0,3.28786E+15
2025-06-03 13:00:00,2.00687E+14,0,2.00687E+14
2025-06-03 14:00:00,1.29294E+15,0,1.29294E+15
2025-06-03 15:00:00,2.85938E+15,0,2.85938E+15
2025-06-03 16:00:00,2.66835E+15,0,2.66835E+15
2025-06-03 17:00:00,1.96493E+15,0,1.96493E+15
2025-06-03 18:00:00,8.03041E+14,0,8.03041E+14
2025-06-03 19:00:00,3.04E+16,0,3.04E+16
2025-06-03 20:00:00,3.60E+16,0,3.60E+16
2025-06-03 21:00:00,2.06E+16,0,2.06E+16
2025-06-03 22:00:00,1.38701E+15,0,1.38701E+15
2025-06-03 23:00:00,1.02E+16,0,1.02E+16
2025-06-04 00:00:00,9.47647E+15,0,9.47647E+15
2025-06-04 01:00:00,2.98149E+15,0,2.98149E+15
2025-06-04 02:00:00,3916091344,0,3916091344
2025-06-04 03:00:00,1.16058E+14,0,1.16058E+14
2025-06-04 04:00:00,3916091344,0,3916091344
2025-06-04 05:00:00,2.59943E+14,0,2.59943E+14
2025-06-04 06:00:00,4.98115E+14,0,4.98115E+14
2025-06-04 07:00:00,6.91812E+15,0,6.91812E+15
2025-06-04 08:00:00,3.66098E+15,0,3.66098E+15
2025-06-04 09:00:00,2.08027E+15,33.005,2.08027E+15
2025-06-04 10:00:00,9.11602E+13,33.011,9.11602E+13
2025-06-04 11:00:00,1.37663E+13,10.236,1.37663E+13
2025-06-04 12:00:00,3.28786E+15,0,3.28786E+15
2025-06-04 13:00:00,2.00687E+14,0,2.00687E+14
2025-06-04 14:00:00,1.29294E+15,0,1.29294E+15
2025-06-04 15:00:00,2.85938E+15,0,2.85938E+15
2025-06-04 16:00:00,2.66835E+15,0,2.66835E+15
2025-06-04 17:00:00,1.96493E+15,0,1.96493E+15
2025-06-04 18:00:00,8.03041E+14,0,8.03041E+14
2025-06-04 19:00:00,3.04E+16,73.337,3.04E+16
2025-06-04 20:00:00,3.60E+16,73.401,3.60E+16
2025-06-04 21:00:00,2.06E+16,73.403,2.06E+16
2025-06-04 22:00:00,1.38701E+15,68.66,1.38701E+15
2025-06-04 23:00:00,1.02E+16,0,1.02E+16
2025-06-05 00:00:00,9.47647E+15,0,9.47647E+15
2025-06-05 01:00:00,2.98149E+15,0,2.98149E+15
2025-06-05 02:00:00,3935194228,0,3935194228
2025-06-05 03:00:00,3.99E+16,0,3.99E+16
2025-06-05 04:00:00,3.97E+16,0,3.97E+16
2025-06-05 05:00:00,3.95E+16,73.406,3.95E+16
2025-06-05 06:00:00,1.26223E+15,66.492,1.26223E+15
2025-06-05 07:00:00,5.46487E+15,44.002,5.46487E+15
2025-06-05 08:00:00,8.3303E+14,44.003,8.3303E+14
2025-06-05 09:00:00,1.64E+16,99.01,1.64E+16
2025-06-05 10:00:00,3.64E+16,55.011,3.64E+16
2025-06-05 11:00:00,1.21E+16,32.237,1.21E+16
2025-06-05 12:00:00,1.21E+16,22.002,1.21E+16
2025-06-05 13:00:00,3.62E+16,13.537,3.62E+16
2025-06-05 14:00:00,1.83E+16,14.017,1.83E+16
2025-06-05 15:00:00,1.23E+16,0,1.23E+16
2025-06-05 16:00:00,8.52133E+15,0,8.52133E+15
2025-06-05 17:00:00,7.18412E+15,0,7.18412E+15
2025-06-05 18:00:00,48917788,0,48917788
2025-06-05 19:00:00,5.08281E+15,73.3498,5.08281E+15
2025-06-05 20:00:00,5.65589E+15,73.402,5.65589E+15
2025-06-05 21:00:00,2.59943E+14,58.477,2.59943E+14
2025-06-05 22:00:00,5.65589E+15,0,5.65589E+15
2025-06-05 23:00:00,5.46487E+15,0,5.46487E+15
2025-06-06 00:00:00,3.36355E+15,0,3.36355E+15
2025-06-06 01:00:00,1.64429E+14,0,1.64429E+14
2025-06-06 02:00:00,3935194228,0,3935194228
2025-06-06 03:00:00,3.99E+16,0,3.99E+16
2025-06-06 04:00:00,3.97E+16,0,3.97E+16
2025-06-06 05:00:00,3.95E+16,44.53772,3.95E+16
2025-06-06 06:00:00,1.45326E+15,73.405,1.45326E+15
2025-06-06 07:00:00,4.31869E+14,72.717,4.31869E+14
2025-06-06 08:00:00,3.97E+16,0,3.97E+16
2025-06-06 09:00:00,3.53E+16,33.005,3.53E+16
2025-06-06 10:00:00,3.82E+16,33.011,3.82E+16
2025-06-06 11:00:00,3.99E+16,10.236,3.99E+16
2025-06-06 12:00:00,1.0712E+15,0,1.0712E+15
2025-06-06 13:00:00,5.84692E+14,0,5.84692E+14
2025-06-06 14:00:00,5.46487E+15,0,5.46487E+15
2025-06-06 15:00:00,2.98149E+15,0,2.98149E+15
2025-06-06 16:00:00,3.55458E+15,0,3.55458E+15
2025-06-06 17:00:00,2.98149E+15,0,2.98149E+15
2025-06-06 18:00:00,5.65589E+15,53.871,5.65589E+15
2025-06-06 19:00:00,5.08281E+15,73.4014,5.08281E+15
2025-06-06 20:00:00,5.27384E+15,73.402,5.27384E+15
2025-06-06 21:00:00,5.27384E+15,73.403,5.27384E+15
2025-06-06 22:00:00,5.08281E+15,46.18,5.08281E+15
2025-06-06 23:00:00,5.46487E+15,0,5.46487E+15
2025-06-07 00:00:00,3.36355E+15,0,3.36355E+15
2025-06-07 01:00:00,2.98149E+15,0,2.98149E+15
2025-06-07 02:00:00,3916091344,0,3916091344
2025-06-07 03:00:00,1.16058E+14,0,1.16058E+14
2025-06-07 04:00:00,3916091344,0,3916091344
2025-06-07 05:00:00,2.59943E+14,72.47599,2.59943E+14
2025-06-07 06:00:00,4.98115E+14,51.914,4.98115E+14
2025-06-07 07:00:00,6.91812E+15,44.002,6.91812E+15
2025-06-07 08:00:00,3.66098E+15,44.003,3.66098E+15
2025-06-07 09:00:00,2.08027E+15,99.01,2.08027E+15
2025-06-07 10:00:00,9.11602E+13,76.56,9.11602E+13
2025-06-07 11:00:00,1.37663E+13,32.237,1.37663E+13
2025-06-07 12:00:00,3.28786E+15,22.002,3.28786E+15
2025-06-07 13:00:00,2.00687E+14,22.003,2.00687E+14
2025-06-07 14:00:00,1.29294E+15,0,1.29294E+15
2025-06-07 15:00:00,2.85938E+15,0,2.85938E+15
2025-06-07 16:00:00,2.66835E+15,0,2.66835E+15
2025-06-07 17:00:00,1.96493E+15,0,1.96493E+15
2025-06-07 18:00:00,8.03041E+14,0,8.03041E+14
2025-06-07 19:00:00,3.04E+16,25.2995,3.04E+16
2025-06-07 20:00:00,3.60E+16,73.401,3.60E+16
2025-06-07 21:00:00,2.06E+16,73.402,2.06E+16
2025-06-07 22:00:00,1.38701E+15,33.758,1.38701E+15
2025-06-07 23:00:00,1.02E+16,8.7093,1.02E+16
2025-06-08 00:00:00,9.47647E+15,7.7131,9.47647E+15
2025-06-08 01:00:00,2.98149E+15,7.5852,2.98149E+15
2025-06-08 02:00:00,3916091344,7.565,3916091352
2025-06-08 03:00:00,1.16058E+14,7.5582,1.16058E+14
2025-06-08 04:00:00,3916091344,7.5558,3916091352
2025-06-08 05:00:00,2.59943E+14,7.5535,2.59943E+14
2025-06-08 06:00:00,4.98115E+14,18.6194,4.98115E+14
2025-06-08 07:00:00,6.91812E+15,25.928,6.91812E+15
2025-06-08 08:00:00,3.66098E+15,0,3.66098E+15
2025-06-08 09:00:00,2.08027E+15,33.005,2.08027E+15
2025-06-08 10:00:00,9.11602E+13,33.011,9.11602E+13
2025-06-08 11:00:00,1.37663E+13,10.236,1.37663E+13
2025-06-08 12:00:00,3.28786E+15,0,3.28786E+15
2025-06-08 13:00:00,2.00687E+14,0,2.00687E+14
2025-06-08 14:00:00,1.29294E+15,0,1.29294E+15
2025-06-08 15:00:00,2.85938E+15,0,2.85938E+15
2025-06-08 16:00:00,2.66835E+15,0,2.66835E+15
2025-06-08 17:00:00,1.96493E+15,0,1.96493E+15
2025-06-08 18:00:00,8.03041E+14,15.5,8.03041E+14
2025-06-08 19:00:00,3.04E+16,25.29,3.04E+16
2025-06-08 20:00:00,3.60E+16,73.379,3.60E+16
2025-06-08 21:00:00,2.06E+16,73.357,2.06E+16
2025-06-08 22:00:00,1.38701E+15,33.659,1.38701E+15
2025-06-08 23:00:00,1.02E+16,8.6004,1.02E+16
2025-06-09 00:00:00,9.47647E+15,7.6054,9.47647E+15
2025-06-09 01:00:00,2.98149E+15,7.5616,2.98149E+15
2025-06-09 02:00:00,3916091344,7.5548,3916091352
2025-06-09 03:00:00,1.16058E+14,7.5545,1.16058E+14
2025-06-09 04:00:00,3916091344,7.5543,3916091352
2025-06-09 05:00:00,2.59943E+14,26.771,2.59943E+14
2025-06-09 06:00:00,4.98115E+14,73.404,4.98115E+14
2025-06-09 07:00:00,6.91812E+15,73.405,6.91812E+15
2025-06-09 08:00:00,3.66098E+15,55.004,3.66098E+15
2025-06-09 09:00:00,2.08027E+15,35.357,2.08027E+15
2025-06-09 10:00:00,9.11602E+13,0,9.11602E+13
2025-06-09 11:00:00,1.37663E+13,0,1.37663E+13
2025-06-09 12:00:00,3.28786E+15,0,3.28786E+15
2025-06-09 13:00:00,2.00687E+14,0,2.00687E+14
2025-06-09 14:00:00,1.29294E+15,0,1.29294E+15
2025-06-09 15:00:00,2.85938E+15,0,2.85938E+15
2025-06-09 16:00:00,2.66835E+15,0,2.66835E+15
2025-06-09 17:00:00,1.96493E+15,0,1.96493E+15
2025-06-09 18:00:00,8.03041E+14,0,8.03041E+14
2025-06-09 19:00:00,3.04E+16,0,3.04E+16
2025-06-09 20:00:00,3.60E+16,0,3.60E+16
2025-06-09 21:00:00,2.06E+16,0,2.06E+16
2025-06-09 22:00:00,1.38701E+15,0,1.38701E+15
2025-06-09 23:00:00,1.02E+16,0,1.02E+16
2025-06-10 00:00:00,9.47647E+15,0,9.47647E+15
2025-06-10 01:00:00,2.98149E+15,0,2.98149E+15
2025-06-10 02:00:00,3916091344,0,3916091344
2025-06-10 03:00:00,1.16058E+14,0,1.16058E+14
2025-06-10 04:00:00,3916091344,0,3916091344
2025-06-10 05:00:00,2.59943E+14,7.0035,2.59943E+14
2025-06-10 06:00:00,4.98115E+14,0,4.98115E+14
2025-06-10 07:00:00,6.91812E+15,0,6.91812E+15
2025-06-10 08:00:00,3.66098E+15,0,3.66098E+15
2025-06-10 09:00:00,2.08027E+15,0,2.08027E+15
2025-06-10 10:00:00,9.11602E+13,0,9.11602E+13
2025-06-10 11:00:00,1.37663E+13,0,1.37663E+13
2025-06-10 12:00:00,3.28786E+15,0,3.28786E+15
2025-06-10 13:00:00,2.00687E+14,0,2.00687E+14
2025-06-10 14:00:00,1.29294E+15,0,1.29294E+15
2025-06-10 15:00:00,2.85938E+15,0,2.85938E+15
2025-06-10 16:00:00,2.66835E+15,0,2.66835E+15
2025-06-10 17:00:00,1.96493E+15,0,1.96493E+15
2025-06-10 18:00:00,8.03041E+14,0,8.03041E+14
2025-06-10 19:00:00,3.04E+16,0,3.04E+16
2025-06-10 20:00:00,3.60E+16,0,3.60E+16
2025-06-10 21:00:00,2.06E+16,0,2.06E+16
2025-06-10 22:00:00,1.38701E+15,0,1.38701E+15
2025-06-10 23:00:00,1.02E+16,0,1.02E+16
2025-06-11 00:00:00,9.47647E+15,0,9.47647E+15
2025-06-11 01:00:00,2.98149E+15,0,2.98149E+15
2025-06-11 02:00:00,3916091344,0,3916091344
2025-06-11 03:00:00,1.16058E+14,0,1.16058E+14
2025-06-11 04:00:00,3916091344,0,3916091344
2025-06-11 05:00:00,2.59943E+14,0,2.59943E+14
2025-06-11 06:00:00,4.98115E+14,0,4.98115E+14
2025-06-11 07:00:00,6.91812E+15,44.002,6.91812E+15
2025-06-11 08:00:00,3.66098E+15,44.004,3.66098E+15
2025-06-11 09:00:00,2.08027E+15,77.01,2.08027E+15
2025-06-11 10:00:00,9.11602E+13,33.011,9.11602E+13
2025-06-11 11:00:00,1.37663E+13,10.236,1.37663E+13
2025-06-11 12:00:00,3.28786E+15,0,3.28786E+15
2025-06-11 13:00:00,2.00687E+14,0,2.00687E+14
2025-06-11 14:00:00,1.29294E+15,0,1.29294E+15
2025-06-11 15:00:00,2.85938E+15,0,2.85938E+15
2025-06-11 16:00:00,2.66835E+15,0,2.66835E+15
2025-06-11 17:00:00,1.96493E+15,0,1.96493E+15
2025-06-11 18:00:00,8.03041E+14,0,8.03041E+14
2025-06-11 19:00:00,3.04E+16,25.2997,3.04E+16
2025-06-11 20:00:00,3.60E+16,73.401,3.60E+16
2025-06-11 21:00:00,2.06E+16,73.402,2.06E+16
2025-06-11 22:00:00,1.38701E+15,35.556,1.38701E+15
2025-06-11 23:00:00,1.02E+16,9.2284,1.02E+16
2025-06-12 00:00:00,9.47647E+15,7.5189,9.47647E+15
2025-06-12 01:00:00,2.98149E+15,7.9845,2.98149E+15
2025-06-12 02:00:00,3935194228,7.9842,3935194236
2025-06-12 03:00:00,3.99E+16,7.9839,3.99E+16
2025-06-12 04:00:00,3.97E+16,6.8979,3.97E+16
2025-06-12 05:00:00,3.95E+16,73.405,3.95E+16
2025-06-12 06:00:00,1.26223E+15,55.005,1.26223E+15
2025-06-12 07:00:00,5.46487E+15,28.836,5.46487E+15
2025-06-12 08:00:00,8.3303E+14,0,8.3303E+14
2025-06-12 09:00:00,1.64E+16,55.005,1.64E+16
2025-06-12 10:00:00,3.64E+16,55.011,3.64E+16
2025-06-12 11:00:00,1.21E+16,32.237,1.21E+16
2025-06-12 12:00:00,1.21E+16,22.002,1.21E+16
2025-06-12 13:00:00,3.62E+16,22.003,3.62E+16
2025-06-12 14:00:00,1.83E+16,0,1.83E+16
2025-06-12 15:00:00,1.23E+16,0,1.23E+16
2025-06-12 16:00:00,8.52133E+15,0,8.52133E+15
2025-06-12 17:00:00,7.18412E+15,0,7.18412E+15
2025-06-12 18:00:00,48917788,0,48917788
2025-06-12 19:00:00,5.08281E+15,73.337,5.08281E+15
2025-06-12 20:00:00,5.65589E+15,73.401,5.65589E+15
2025-06-12 21:00:00,2.59943E+14,73.403,2.59943E+14
2025-06-12 22:00:00,5.65589E+15,7.2193,5.65589E+15
2025-06-12 23:00:00,5.46487E+15,7.9269,5.46487E+15
2025-06-13 00:00:00,3.36355E+15,7.9266,3.36355E+15
2025-06-13 01:00:00,1.64429E+14,7.9263,1.64429E+14
2025-06-13 02:00:00,3935194228,7.9261,3935194236
2025-06-13 03:00:00,3.99E+16,7.9258,3.99E+16
2025-06-13 04:00:00,3.97E+16,7.9256,3.97E+16
2025-06-13 05:00:00,3.95E+16,32.83034,3.95E+16
2025-06-13 06:00:00,1.45326E+15,34.84548,1.45326E+15
2025-06-13 07:00:00,4.31869E+14,117.41,4.31869E+14
2025-06-13 08:00:00,3.97E+16,44.004,3.97E+16
2025-06-13 09:00:00,3.53E+16,77.01,3.53E+16
2025-06-13 10:00:00,3.82E+16,33.011,3.82E+16
2025-06-13 11:00:00,3.99E+16,10.236,3.99E+16
2025-06-13 12:00:00,1.0712E+15,0,1.0712E+15
2025-06-13 13:00:00,5.84692E+14,0,5.84692E+14
2025-06-13 14:00:00,5.46487E+15,0,5.46487E+15
2025-06-13 15:00:00,2.98149E+15,0,2.98149E+15
2025-06-13 16:00:00,3.55458E+15,0,3.55458E+15
2025-06-13 17:00:00,2.98149E+15,0,2.98149E+15
2025-06-13 18:00:00,5.65589E+15,14.3,5.65589E+15
2025-06-13 19:00:00,5.08281E+15,60.469,5.08281E+15
2025-06-13 20:00:00,5.27384E+15,73.401,5.27384E+15
2025-06-13 21:00:00,5.27384E+15,73.402,5.27384E+15
2025-06-13 22:00:00,5.08281E+15,70.948,5.08281E+15
2025-06-13 23:00:00,5.46487E+15,0,5.46487E+15
2025-06-14 00:00:00,3.36355E+15,0,3.36355E+15
2025-06-14 01:00:00,2.98149E+15,0,2.98149E+15
2025-06-14 02:00:00,3916091344,0,3916091344
2025-06-14 03:00:00,1.16058E+14,0,1.16058E+14
2025-06-14 04:00:00,3916091344,0,3916091344
2025-06-14 05:00:00,2.59943E+14,6.8975,2.59943E+14
2025-06-14 06:00:00,4.98115E+14,31.20832,4.98115E+14
2025-06-14 07:00:00,6.91812E+15,36.181,6.91812E+15
2025-06-14 08:00:00,3.66098E+15,0,3.66098E+15
2025-06-14 09:00:00,2.08027E+15,55.005,2.08027E+15
2025-06-14 10:00:00,9.11602E+13,55.011,9.11602E+13
2025-06-14 11:00:00,1.37663E+13,32.237,1.37663E+13
2025-06-14 12:00:00,3.28786E+15,22.002,3.28786E+15
2025-06-14 13:00:00,2.00687E+14,22.003,2.00687E+14
2025-06-14 14:00:00,1.29294E+15,0,1.29294E+15
2025-06-14 15:00:00,2.85938E+15,0,2.85938E+15
2025-06-14 16:00:00,2.66835E+15,0,2.66835E+15
2025-06-14 17:00:00,1.96493E+15,0,1.96493E+15
2025-06-14 18:00:00,8.03041E+14,15.103,8.03041E+14
2025-06-14 19:00:00,3.04E+16,73.3542,3.04E+16
2025-06-14 20:00:00,3.60E+16,73.401,3.60E+16
2025-06-14 21:00:00,2.06E+16,73.402,2.06E+16
2025-06-14 22:00:00,1.38701E+15,48.371,1.38701E+15
2025-06-14 23:00:00,1.02E+16,12.82,1.02E+16
2025-06-15 00:00:00,9.47647E+15,7.7318,9.47647E+15
2025-06-15 01:00:00,2.98149E+15,7.5865,2.98149E+15
2025-06-15 02:00:00,3916091344,7.5681,3916091352
2025-06-15 03:00:00,1.16058E+14,7.5613,1.16058E+14
2025-06-15 04:00:00,3916091344,7.5547,3916091352
2025-06-15 05:00:00,2.59943E+14,47.98227,2.59943E+14
2025-06-15 06:00:00,4.98115E+14,73.407,4.98115E+14
2025-06-15 07:00:00,6.91812E+15,81.417,6.91812E+15
2025-06-15 08:00:00,3.66098E+15,44.003,3.66098E+15
2025-06-15 09:00:00,2.08027E+15,77.01,2.08027E+15
2025-06-15 10:00:00,9.11602E+13,52.357,9.11602E+13
2025-06-15 11:00:00,1.37663E+13,10.236,1.37663E+13
2025-06-15 12:00:00,3.28786E+15,0,3.28786E+15
2025-06-15 13:00:00,2.00687E+14,0,2.00687E+14
2025-06-15 14:00:00,1.29294E+15,0,1.29294E+15
2025-06-15 15:00:00,2.85938E+15,0,2.85938E+15
2025-06-15 16:00:00,2.66835E+15,0,2.66835E+15
2025-06-15 17:00:00,1.96493E+15,0,1.96493E+15
2025-06-15 18:00:00,8.03041E+14,0,8.03041E+14
2025-06-15 19:00:00,3.04E+16,73.348,3.04E+16
2025-06-15 20:00:00,3.60E+16,73.402,3.60E+16
2025-06-15 21:00:00,2.06E+16,73.403,2.06E+16
2025-06-15 22:00:00,1.38701E+15,30.649,1.38701E+15
2025-06-15 23:00:00,1.02E+16,7.7191,1.02E+16
2025-06-16 00:00:00,9.47647E+15,7.5564,9.47647E+15
2025-06-16 01:00:00,2.98149E+15,7.5542,2.98149E+15
2025-06-16 02:00:00,3916091344,7.5534,3916091352
2025-06-16 03:00:00,1.16058E+14,0,1.16058E+14
2025-06-16 04:00:00,3916091344,0,3916091344
2025-06-16 05:00:00,2.59943E+14,0,2.59943E+14
2025-06-16 06:00:00,4.98115E+14,60.91504,4.98115E+14
2025-06-16 07:00:00,6.91812E+15,73.407,6.91812E+15
2025-06-16 08:00:00,3.66098E+15,0,3.66098E+15
2025-06-16 09:00:00,2.08027E+15,0,2.08027E+15
2025-06-16 10:00:00,9.11602E+13,0,9.11602E+13
2025-06-16 11:00:00,1.37663E+13,0,1.37663E+13
2025-06-16 12:00:00,3.28786E+15,0,3.28786E+15
2025-06-16 13:00:00,2.00687E+14,0,2.00687E+14
2025-06-16 14:00:00,1.29294E+15,0,1.29294E+15
2025-06-16 15:00:00,2.85938E+15,0,2.85938E+15
2025-06-16 16:00:00,2.66835E+15,0,2.66835E+15
2025-06-16 17:00:00,1.96493E+15,0,1.96493E+15
2025-06-16 18:00:00,8.03041E+14,0,8.03041E+14
2025-06-16 19:00:00,3.04E+16,0,3.04E+16
2025-06-16 20:00:00,3.60E+16,0,3.60E+16
2025-06-16 21:00:00,2.06E+16,0,2.06E+16
2025-06-16 22:00:00,1.38701E+15,0,1.38701E+15
2025-06-16 23:00:00,1.02E+16,0,1.02E+16
2025-06-17 00:00:00,9.47647E+15,0,9.47647E+15
2025-06-17 01:00:00,2.98149E+15,0,2.98149E+15
2025-06-17 02:00:00,3916091344,0,3916091344
2025-06-17 03:00:00,1.16058E+14,0,1.16058E+14
2025-06-17 04:00:00,3916091344,0,3916091344
2025-06-17 05:00:00,2.59943E+14,0,2.59943E+14
2025-06-17 06:00:00,4.98115E+14,0,4.98115E+14
2025-06-17 07:00:00,6.91812E+15,0,6.91812E+15
2025-06-17 08:00:00,3.66098E+15,0,3.66098E+15
2025-06-17 09:00:00,2.08027E+15,0,2.08027E+15
2025-06-17 10:00:00,9.11602E+13,0,9.11602E+13
2025-06-17 11:00:00,1.37663E+13,0,1.37663E+13
2025-06-17 12:00:00,3.28786E+15,0,3.28786E+15
2025-06-17 13:00:00,2.00687E+14,0,2.00687E+14
2025-06-17 14:00:00,1.29294E+15,0,1.29294E+15
2025-06-17 15:00:00,2.85938E+15,0,2.85938E+15
2025-06-17 16:00:00,2.66835E+15,0,2.66835E+15
2025-06-17 17:00:00,1.96493E+15,0,1.96493E+15
2025-06-17 18:00:00,8.03041E+14,0,8.03041E+14
2025-06-17 19:00:00,3.04E+16,0,3.04E+16
2025-06-17 20:00:00,3.60E+16,0,3.60E+16
2025-06-17 21:00:00,2.06E+16,0,2.06E+16
2025-06-17 22:00:00,1.38701E+15,0,1.38701E+15
2025-06-17 23:00:00,1.02E+16,0,1.02E+16
2025-06-18 00:00:00,9.47647E+15,0,9.47647E+15
2025-06-18 01:00:00,2.98149E+15,0,2.98149E+15
2025-06-18 02:00:00,3916091344,0,3916091344
2025-06-18 03:00:00,1.16058E+14,0,1.16058E+14
2025-06-18 04:00:00,3916091344,0,3916091344
2025-06-18 05:00:00,2.59943E+14,0,2.59943E+14
2025-06-18 06:00:00,4.98115E+14,0,4.98115E+14
2025-06-18 07:00:00,6.91812E+15,0,6.91812E+15
2025-06-18 08:00:00,3.66098E+15,0,3.66098E+15
2025-06-18 09:00:00,2.08027E+15,33.005,2.08027E+15
2025-06-18 10:00:00,9.11602E+13,33.011,9.11602E+13
2025-06-18 11:00:00,1.37663E+13,10.236,1.37663E+13
2025-06-18 12:00:00,3.28786E+15,0,3.28786E+15
2025-06-18 13:00:00,2.00687E+14,0,2.00687E+14
2025-06-18 14:00:00,1.29294E+15,0,1.29294E+15
2025-06-18 15:00:00,2.85938E+15,0,2.85938E+15
2025-06-18 16:00:00,2.66835E+15,0,2.66835E+15
2025-06-18 17:00:00,1.96493E+15,0,1.96493E+15
2025-06-18 18:00:00,8.03041E+14,0,8.03041E+14
2025-06-18 19:00:00,3.04E+16,73.334,3.04E+16
2025-06-18 20:00:00,3.60E+16,73.402,3.60E+16
2025-06-18 21:00:00,2.06E+16,73.403,2.06E+16
2025-06-18 22:00:00,1.38701E+15,55.114,1.38701E+15
2025-06-18 23:00:00,1.02E+16,0,1.02E+16
2025-06-19 00:00:00,9.47647E+15,0,9.47647E+15
2025-06-19 01:00:00,2.98149E+15,0,2.98149E+15
2025-06-19 02:00:00,3935194228,0,3935194228
2025-06-19 03:00:00,3.99E+16,0,3.99E+16
2025-06-19 04:00:00,3.97E+16,0,3.97E+16
2025-06-19 05:00:00,3.95E+16,40.87677,3.95E+16
2025-06-19 06:00:00,1.26223E+15,69.1254,1.26223E+15
2025-06-19 07:00:00,5.46487E+15,70.737,5.46487E+15
2025-06-19 08:00:00,8.3303E+14,44.003,8.3303E+14
2025-06-19 09:00:00,1.64E+16,99.01,1.64E+16
2025-06-19 10:00:00,3.64E+16,75.235,3.64E+16
2025-06-19 11:00:00,1.21E+16,32.237,1.21E+16
2025-06-19 12:00:00,1.21E+16,22.002,1.21E+16
2025-06-19 13:00:00,3.62E+16,22.003,3.62E+16
2025-06-19 14:00:00,1.83E+16,0,1.83E+16
2025-06-19 15:00:00,1.23E+16,0,1.23E+16
2025-06-19 16:00:00,8.52133E+15,0,8.52133E+15
2025-06-19 17:00:00,7.18412E+15,0,7.18412E+15
2025-06-19 18:00:00,48917788,0,48917788
2025-06-19 19:00:00,5.08281E+15,73.3318,5.08281E+15
2025-06-19 20:00:00,5.65589E+15,73.402,5.65589E+15
2025-06-19 21:00:00,2.59943E+14,66.244,2.59943E+14
2025-06-19 22:00:00,5.65589E+15,0,5.65589E+15
2025-06-19 23:00:00,5.46487E+15,7.2834,5.46487E+15
2025-06-20 00:00:00,3.36355E+15,7.2832,3.36355E+15
2025-06-20 01:00:00,1.64429E+14,7.283,1.64429E+14
2025-06-20 02:00:00,3935194228,7.2827,3935194235
2025-06-20 03:00:00,3.99E+16,7.2825,3.99E+16
2025-06-20 04:00:00,3.97E+16,7.2823,3.97E+16
2025-06-20 05:00:00,3.95E+16,7.282,3.95E+16
2025-06-20 06:00:00,1.45326E+15,16.4404,1.45326E+15
2025-06-20 07:00:00,4.31869E+14,33.284,4.31869E+14
2025-06-20 08:00:00,3.97E+16,0,3.97E+16
2025-06-20 09:00:00,3.53E+16,33.005,3.53E+16
2025-06-20 10:00:00,3.82E+16,33.011,3.82E+16
2025-06-20 11:00:00,3.99E+16,10.236,3.99E+16
2025-06-20 12:00:00,1.0712E+15,0,1.0712E+15
2025-06-20 13:00:00,5.84692E+14,0,5.84692E+14
2025-06-20 14:00:00,5.46487E+15,0,5.46487E+15
2025-06-20 15:00:00,2.98149E+15,0,2.98149E+15
2025-06-20 16:00:00,3.55458E+15,0,3.55458E+15
2025-06-20 17:00:00,2.98149E+15,0,2.98149E+15
2025-06-20 18:00:00,5.65589E+15,73.374,5.65589E+15
2025-06-20 19:00:00,5.08281E+15,60.476,5.08281E+15
2025-06-20 20:00:00,5.27384E+15,73.384,5.27384E+15
2025-06-20 21:00:00,5.27384E+15,73.402,5.27384E+15
2025-06-20 22:00:00,5.08281E+15,0,5.08281E+15
2025-06-20 23:00:00,5.46487E+15,0,5.46487E+15
2025-06-21 00:00:00,3.36355E+15,0,3.36355E+15
2025-06-21 01:00:00,2.98149E+15,0,2.98149E+15
2025-06-21 02:00:00,3916091344,0,3916091344
2025-06-21 03:00:00,1.16058E+14,0,1.16058E+14
2025-06-21 04:00:00,3916091344,0,3916091344
2025-06-21 05:00:00,2.59943E+14,16.4607,2.59943E+14
2025-06-21 06:00:00,4.98115E+14,20.34162,4.98115E+14
2025-06-21 07:00:00,6.91812E+15,69.589,6.91812E+15
2025-06-21 08:00:00,3.66098E+15,44.003,3.66098E+15
2025-06-21 09:00:00,2.08027E+15,99.01,2.08027E+15
2025-06-21 10:00:00,9.11602E+13,55.011,9.11602E+13
2025-06-21 11:00:00,1.37663E+13,32.237,1.37663E+13
2025-06-21 12:00:00,3.28786E+15,22.002,3.28786E+15
2025-06-21 13:00:00,2.00687E+14,22.003,2.00687E+14
2025-06-21 14:00:00,1.29294E+15,0,1.29294E+15
2025-06-21 15:00:00,2.85938E+15,0,2.85938E+15
2025-06-21 16:00:00,2.66835E+15,0,2.66835E+15
2025-06-21 17:00:00,1.96493E+15,0,1.96493E+15
2025-06-21 18:00:00,8.03041E+14,73.383,8.03041E+14
2025-06-21 19:00:00,3.04E+16,60.488,3.04E+16
2025-06-21 20:00:00,3.60E+16,73.386,3.60E+16
2025-06-21 21:00:00,2.06E+16,73.402,2.06E+16
2025-06-21 22:00:00,1.38701E+15,8.552,1.38701E+15
2025-06-21 23:00:00,1.02E+16,7.9194,1.02E+16
2025-06-22 00:00:00,9.47647E+15,7.6643,9.47647E+15
2025-06-22 01:00:00,2.98149E+15,7.5556,2.98149E+15
2025-06-22 02:00:00,3916091344,8.0619,3916091352
2025-06-22 03:00:00,1.16058E+14,8.0616,1.16058E+14
2025-06-22 04:00:00,3916091344,8.0613,3916091352
2025-06-22 05:00:00,2.59943E+14,15.7719,2.59943E+14
2025-06-22 06:00:00,4.98115E+14,55.7026,4.98115E+14
2025-06-22 07:00:00,6.91812E+15,73.405,6.91812E+15
2025-06-22 08:00:00,3.66098E+15,0,3.66098E+15
2025-06-22 09:00:00,2.08027E+15,33.005,2.08027E+15
2025-06-22 10:00:00,9.11602E+13,77.014,9.11602E+13
2025-06-22 11:00:00,1.37663E+13,54.241,1.37663E+13
2025-06-22 12:00:00,3.28786E+15,16.729,3.28786E+15
2025-06-22 13:00:00,2.00687E+14,0,2.00687E+14
2025-06-22 14:00:00,1.29294E+15,0,1.29294E+15
2025-06-22 15:00:00,2.85938E+15,0,2.85938E+15
2025-06-22 16:00:00,2.66835E+15,0,2.66835E+15
2025-06-22 17:00:00,1.96493E+15,0,1.96493E+15
2025-06-22 18:00:00,8.03041E+14,73.02,8.03041E+14
2025-06-22 19:00:00,3.04E+16,73.3895,3.04E+16
2025-06-22 20:00:00,3.60E+16,73.4022,3.60E+16
2025-06-22 21:00:00,2.06E+16,73.403,2.06E+16
2025-06-22 22:00:00,1.38701E+15,51.495,1.38701E+15
2025-06-22 23:00:00,1.02E+16,0,1.02E+16
2025-06-23 00:00:00,9.47647E+15,0,9.47647E+15
2025-06-23 01:00:00,2.98149E+15,0,2.98149E+15
2025-06-23 02:00:00,3916091344,0,3916091344
2025-06-23 03:00:00,1.16058E+14,0,1.16058E+14
2025-06-23 04:00:00,3916091344,0,3916091344
2025-06-23 05:00:00,2.59943E+14,63.70956,2.59943E+14
2025-06-23 06:00:00,4.98115E+14,18.402,4.98115E+14
2025-06-23 07:00:00,6.91812E+15,8.2227,6.91812E+15
2025-06-23 08:00:00,3.66098E+15,0,3.66098E+15
2025-06-23 09:00:00,2.08027E+15,0,2.08027E+15
2025-06-23 10:00:00,9.11602E+13,0,9.11602E+13
2025-06-23 11:00:00,1.37663E+13,0,1.37663E+13
2025-06-23 12:00:00,3.28786E+15,0,3.28786E+15
2025-06-23 13:00:00,2.00687E+14,0,2.00687E+14
2025-06-23 14:00:00,1.29294E+15,0,1.29294E+15
2025-06-23 15:00:00,2.85938E+15,0,2.85938E+15
2025-06-23 16:00:00,2.66835E+15,0,2.66835E+15
2025-06-23 17:00:00,1.96493E+15,0,1.96493E+15
2025-06-23 18:00:00,8.03041E+14,0,8.03041E+14
2025-06-23 19:00:00,3.04E+16,0,3.04E+16
2025-06-23 20:00:00,3.60E+16,0,3.60E+16
2025-06-23 21:00:00,2.06E+16,0,2.06E+16
2025-06-23 22:00:00,1.38701E+15,0,1.38701E+15
2025-06-23 23:00:00,1.02E+16,0,1.02E+16
2025-06-24 00:00:00,9.47647E+15,0,9.47647E+15
2025-06-24 01:00:00,2.98149E+15,0,2.98149E+15
2025-06-24 02:00:00,3916091344,0,3916091344
2025-06-24 03:00:00,1.16058E+14,0,1.16058E+14
2025-06-24 04:00:00,3916091344,0,3916091344
2025-06-24 05:00:00,2.59943E+14,0,2.59943E+14
2025-06-24 06:00:00,4.98115E+14,0,4.98115E+14
2025-06-24 07:00:00,6.91812E+15,0,6.91812E+15
2025-06-24 08:00:00,3.66098E+15,0,3.66098E+15
2025-06-24 09:00:00,2.08027E+15,0,2.08027E+15
2025-06-24 10:00:00,9.11602E+13,0,9.11602E+13
2025-06-24 11:00:00,1.37663E+13,0,1.37663E+13
2025-06-24 12:00:00,3.28786E+15,0,3.28786E+15
2025-06-24 13:00:00,2.00687E+14,0,2.00687E+14
2025-06-24 14:00:00,1.29294E+15,0,1.29294E+15
2025-06-24 15:00:00,2.85938E+15,0,2.85938E+15
2025-06-24 16:00:00,2.66835E+15,0,2.66835E+15
2025-06-24 17:00:00,1.96493E+15,0,1.96493E+15
2025-06-24 18:00:00,8.03041E+14,0,8.03041E+14
2025-06-24 19:00:00,3.04E+16,0,3.04E+16
2025-06-24 20:00:00,3.60E+16,0,3.60E+16
2025-06-24 21:00:00,2.06E+16,0,2.06E+16
2025-06-24 22:00:00,1.38701E+15,0,1.38701E+15
2025-06-24 23:00:00,1.02E+16,0,1.02E+16
2025-06-25 00:00:00,9.47647E+15,0,9.47647E+15
2025-06-25 01:00:00,2.98149E+15,0,2.98149E+15
2025-06-25 02:00:00,3916091344,0,3916091344
2025-06-25 03:00:00,1.16058E+14,0,1.16058E+14
2025-06-25 04:00:00,3916091344,0,3916091344
2025-06-25 05:00:00,2.59943E+14,0,2.59943E+14
2025-06-25 06:00:00,4.98115E+14,0,4.98115E+14
2025-06-25 07:00:00,6.91812E+15,0,6.91812E+15
2025-06-25 08:00:00,3.66098E+15,0,3.66098E+15
2025-06-25 09:00:00,2.08027E+15,33.005,2.08027E+15
2025-06-25 10:00:00,9.11602E+13,33.011,9.11602E+13
2025-06-25 11:00:00,1.37663E+13,10.236,1.37663E+13
2025-06-25 12:00:00,3.28786E+15,0,3.28786E+15
2025-06-25 13:00:00,2.00687E+14,0,2.00687E+14
2025-06-25 14:00:00,1.29294E+15,0,1.29294E+15
2025-06-25 15:00:00,2.85938E+15,0,2.85938E+15
2025-06-25 16:00:00,2.66835E+15,0,2.66835E+15
2025-06-25 17:00:00,1.96493E+15,0,1.96493E+15
2025-06-25 18:00:00,8.03041E+14,0,8.03041E+14
2025-06-25 19:00:00,3.04E+16,60.487,3.04E+16
2025-06-25 20:00:00,3.60E+16,73.401,3.60E+16
2025-06-25 21:00:00,2.06E+16,73.402,2.06E+16
2025-06-25 22:00:00,1.38701E+15,68.965,1.38701E+15
2025-06-25 23:00:00,1.02E+16,0,1.02E+16
2025-06-26 00:00:00,9.47647E+15,0,9.47647E+15
2025-06-26 01:00:00,2.98149E+15,0,2.98149E+15
2025-06-26 02:00:00,3935194228,0,3935194228
2025-06-26 03:00:00,3.99E+16,0,3.99E+16
2025-06-26 04:00:00,3.97E+16,0,3.97E+16
2025-06-26 05:00:00,3.95E+16,6.8979,3.95E+16
2025-06-26 06:00:00,1.26223E+15,50.29334,1.26223E+15
2025-06-26 07:00:00,5.46487E+15,117.41,5.46487E+15
2025-06-26 08:00:00,8.3303E+14,44.004,8.3303E+14
2025-06-26 09:00:00,1.64E+16,99.011,1.64E+16
2025-06-26 10:00:00,3.64E+16,55.011,3.64E+16
2025-06-26 11:00:00,1.21E+16,32.237,1.21E+16
2025-06-26 12:00:00,1.21E+16,22.002,1.21E+16
2025-06-26 13:00:00,3.62E+16,22.003,3.62E+16
2025-06-26 14:00:00,1.83E+16,0,1.83E+16
2025-06-26 15:00:00,1.23E+16,0,1.23E+16
2025-06-26 16:00:00,8.52133E+15,0,8.52133E+15
2025-06-26 17:00:00,7.18412E+15,0,7.18412E+15
2025-06-26 18:00:00,48917788,18.386,48917806.39
2025-06-26 19:00:00,5.08281E+15,73.367,5.08281E+15
2025-06-26 20:00:00,5.65589E+15,73.401,5.65589E+15
2025-06-26 21:00:00,2.59943E+14,73.403,2.59943E+14
2025-06-26 22:00:00,5.65589E+15,54.78,5.65589E+15
2025-06-26 23:00:00,5.46487E+15,0,5.46487E+15
2025-06-27 00:00:00,3.36355E+15,0,3.36355E+15
2025-06-27 01:00:00,1.64429E+14,0,1.64429E+14
2025-06-27 02:00:00,3935194228,0,3935194228
2025-06-27 03:00:00,3.99E+16,0,3.99E+16
2025-06-27 04:00:00,3.97E+16,0,3.97E+16
2025-06-27 05:00:00,3.95E+16,73.405,3.95E+16
2025-06-27 06:00:00,1.45326E+15,55.004,1.45326E+15
2025-06-27 07:00:00,4.31869E+14,45.737,4.31869E+14
2025-06-27 08:00:00,3.97E+16,0,3.97E+16
2025-06-27 09:00:00,3.53E+16,33.005,3.53E+16
2025-06-27 10:00:00,3.82E+16,33.011,3.82E+16
2025-06-27 11:00:00,3.99E+16,10.236,3.99E+16
2025-06-27 12:00:00,1.0712E+15,0,1.0712E+15
2025-06-27 13:00:00,5.84692E+14,0,5.84692E+14
2025-06-27 14:00:00,5.46487E+15,0,5.46487E+15
2025-06-27 15:00:00,2.98149E+15,0,2.98149E+15
2025-06-27 16:00:00,3.55458E+15,0,3.55458E+15
2025-06-27 17:00:00,2.98149E+15,0,2.98149E+15
2025-06-27 18:00:00,5.65589E+15,0,5.65589E+15
2025-06-27 19:00:00,5.08281E+15,73.347,5.08281E+15
2025-06-27 20:00:00,5.27384E+15,73.40216,5.27384E+15
2025-06-27 21:00:00,5.27384E+15,73.403,5.27384E+15
2025-06-27 22:00:00,5.08281E+15,55.365,5.08281E+15
2025-06-27 23:00:00,5.46487E+15,0,5.46487E+15
2025-06-28 00:00:00,3.36355E+15,0,3.36355E+15
2025-06-28 01:00:00,2.98149E+15,0,2.98149E+15
2025-06-28 02:00:00,3916091344,0,3916091344
2025-06-28 03:00:00,1.16058E+14,0,1.16058E+14
2025-06-28 04:00:00,3916091344,0,3916091344
2025-06-28 05:00:00,2.59943E+14,73.406,2.59943E+14
2025-06-28 06:00:00,4.98115E+14,66.03,4.98115E+14
2025-06-28 07:00:00,6.91812E+15,44.002,6.91812E+15
2025-06-28 08:00:00,3.66098E+15,44.004,3.66098E+15
2025-06-28 09:00:00,2.08027E+15,99.01,2.08027E+15
2025-06-28 10:00:00,9.11602E+13,55.011,9.11602E+13
2025-06-28 11:00:00,1.37663E+13,32.237,1.37663E+13
2025-06-28 12:00:00,3.28786E+15,22.002,3.28786E+15
2025-06-28 13:00:00,2.00687E+14,22.003,2.00687E+14
2025-06-28 14:00:00,1.29294E+15,0,1.29294E+15
2025-06-28 15:00:00,2.85938E+15,0,2.85938E+15
2025-06-28 16:00:00,2.66835E+15,0,2.66835E+15
2025-06-28 17:00:00,1.96493E+15,0,1.96493E+15
2025-06-28 18:00:00,8.03041E+14,0,8.03041E+14
2025-06-28 19:00:00,3.04E+16,73.349,3.04E+16
2025-06-28 20:00:00,3.60E+16,73.40211,3.60E+16
2025-06-28 21:00:00,2.06E+16,73.403,2.06E+16
2025-06-28 22:00:00,1.38701E+15,56.459,1.38701E+15
2025-06-28 23:00:00,1.02E+16,0,1.02E+16
2025-06-29 00:00:00,9.47647E+15,0,9.47647E+15
2025-06-29 01:00:00,2.98149E+15,0,2.98149E+15
2025-06-29 02:00:00,3916091344,0,3916091344
2025-06-29 03:00:00,1.16058E+14,0,1.16058E+14
2025-06-29 04:00:00,3916091344,0,3916091344
2025-06-29 05:00:00,2.59943E+14,66.48009,2.59943E+14
2025-06-29 06:00:00,4.98115E+14,53.522,4.98115E+14
2025-06-29 07:00:00,6.91812E+15,14.272,6.91812E+15
2025-06-29 08:00:00,3.66098E+15,0,3.66098E+15
2025-06-29 09:00:00,2.08027E+15,33.005,2.08027E+15
2025-06-29 10:00:00,9.11602E+13,33.011,9.11602E+13
2025-06-29 11:00:00,1.37663E+13,10.236,1.37663E+13
2025-06-29 12:00:00,3.28786E+15,0,3.28786E+15
2025-06-29 13:00:00,2.00687E+14,0,2.00687E+14
2025-06-29 14:00:00,1.29294E+15,0,1.29294E+15
2025-06-29 15:00:00,2.85938E+15,0,2.85938E+15
2025-06-29 16:00:00,2.66835E+15,0,2.66835E+15
2025-06-29 17:00:00,1.96493E+15,0,1.96493E+15
2025-06-29 18:00:00,8.03041E+14,0,8.03041E+14
2025-06-29 19:00:00,3.04E+16,60.472,3.04E+16
2025-06-29 20:00:00,3.60E+16,73.401,3.60E+16
2025-06-29 21:00:00,2.06E+16,73.402,2.06E+16
2025-06-29 22:00:00,1.38701E+15,0,1.38701E+15
2025-06-29 23:00:00,1.02E+16,0,1.02E+16
2025-06-30 00:00:00,9.47647E+15,0,9.47647E+15
2025-06-30 01:00:00,2.98149E+15,0,2.98149E+15
2025-06-30 02:00:00,3916091344,0,3916091344
2025-06-30 03:00:00,1.16058E+14,0,1.16058E+14
2025-06-30 04:00:00,3916091344,0,3916091344
2025-06-30 05:00:00,2.59943E+14,71.1714,2.59943E+14
2025-06-30 06:00:00,4.98115E+14,73.405,4.98115E+14
2025-06-30 07:00:00,6.91812E+15,73.408,6.91812E+15
2025-06-30 08:00:00,3.66098E+15,0,3.66098E+15
2025-06-30 09:00:00,2.08027E+15,0,2.08027E+15
2025-06-30 10:00:00,9.11602E+13,0,9.11602E+13
2025-06-30 11:00:00,1.37663E+13,0,1.37663E+13
2025-06-30 12:00:00,3.28786E+15,0,3.28786E+15
2025-06-30 13:00:00,2.00687E+14,0,2.00687E+14
2025-06-30 14:00:00,1.29294E+15,0,1.29294E+15
2025-06-30 15:00:00,2.85938E+15,0,2.85938E+15
2025-06-30 16:00:00,2.66835E+15,0,2.66835E+15
2025-06-30 17:00:00,1.96493E+15,0,1.96493E+15
2025-06-30 18:00:00,8.03041E+14,0,8.03041E+14
2025-06-30 19:00:00,3.04E+16,0,3.04E+16
2025-06-30 20:00:00,3.60E+16,0,3.60E+16
2025-06-30 21:00:00,2.06E+16,0,2.06E+16
2025-06-30 22:00:00,1.38701E+15,0,1.38701E+15
2025-06-30 23:00:00,1.02E+16,0,1.02E+16
2025-07-01 00:00:00,9.47647E+15,0,9.47647E+15
2025-07-01 01:00:00,2.98149E+15,0,2.98149E+15
2025-07-01 02:00:00,3916091344,0,3916091344
2025-07-01 03:00:00,1.16058E+14,0,1.16058E+14
2025-07-01 04:00:00,3916091344,0,3916091344
2025-07-01 05:00:00,2.59943E+14,0,2.59943E+14
2025-07-01 06:00:00,4.98115E+14,0,4.98115E+14
2025-07-01 07:00:00,6.91812E+15,0,6.91812E+15
2025-07-01 08:00:00,3.66098E+15,0,3.66098E+15
2025-07-01 09:00:00,2.08027E+15,0,2.08027E+15
2025-07-01 10:00:00,9.11602E+13,0,9.11602E+13
2025-07-01 11:00:00,1.37663E+13,0,1.37663E+13
2025-07-01 12:00:00,3.28786E+15,0,3.28786E+15
2025-07-01 13:00:00,2.00687E+14,0,2.00687E+14
2025-07-01 14:00:00,1.29294E+15,0,1.29294E+15
2025-07-01 15:00:00,2.85938E+15,0,2.85938E+15
2025-07-01 16:00:00,2.66835E+15,0,2.66835E+15
2025-07-01 17:00:00,1.96493E+15,0,1.96493E+15
2025-07-01 18:00:00,8.03041E+14,0,8.03041E+14
2025-07-01 19:00:00,3.04E+16,0,3.04E+16
2025-07-01 20:00:00,3.60E+16,0,3.60E+16
2025-07-01 21:00:00,2.06E+16,0,2.06E+16
2025-07-01 22:00:00,1.38701E+15,0,1.38701E+15
2025-07-01 23:00:00,1.02E+16,0,1.02E+16
2025-07-02 00:00:00,9.47647E+15,0,9.47647E+15
2025-07-02 01:00:00,2.98149E+15,0,2.98149E+15
2025-07-02 02:00:00,3916091344,0,3916091344
2025-07-02 03:00:00,1.16058E+14,0,1.16058E+14
2025-07-02 04:00:00,3916091344,0,3916091344
2025-07-02 05:00:00,2.59943E+14,0,2.59943E+14
2025-07-02 06:00:00,4.98115E+14,0,4.98115E+14
2025-07-02 07:00:00,6.91812E+15,20.481,6.91812E+15
2025-07-02 08:00:00,3.66098E+15,44.003,3.66098E+15
2025-07-02 09:00:00,2.08027E+15,77.009,2.08027E+15
2025-07-02 10:00:00,9.11602E+13,76.7,9.11602E+13
2025-07-02 11:00:00,1.37663E+13,10.236,1.37663E+13
2025-07-02 12:00:00,3.28786E+15,0,3.28786E+15
2025-07-02 13:00:00,2.00687E+14,0,2.00687E+14
2025-07-02 14:00:00,1.29294E+15,0,1.29294E+15
2025-07-02 15:00:00,2.85938E+15,0,2.85938E+15
2025-07-02 16:00:00,2.66835E+15,0,2.66835E+15
2025-07-02 17:00:00,1.96493E+15,0,1.96493E+15
2025-07-02 18:00:00,8.03041E+14,0,8.03041E+14
2025-07-02 19:00:00,3.04E+16,73.332,3.04E+16
2025-07-02 20:00:00,3.60E+16,73.40202,3.60E+16
2025-07-02 21:00:00,2.06E+16,73.403,2.06E+16
2025-07-02 22:00:00,1.38701E+15,55.317,1.38701E+15
2025-07-02 23:00:00,1.02E+16,0,1.02E+16
2025-07-03 00:00:00,9.47647E+15,0,9.47647E+15
2025-07-03 01:00:00,2.98149E+15,0,2.98149E+15
2025-07-03 02:00:00,3935194228,0,3935194228
2025-07-03 03:00:00,3.99E+16,0,3.99E+16
2025-07-03 04:00:00,3.97E+16,0,3.97E+16
2025-07-03 05:00:00,3.95E+16,29.69027,3.95E+16
2025-07-03 06:00:00,1.26223E+15,42.252,1.26223E+15
2025-07-03 07:00:00,5.46487E+15,68.921,5.46487E+15
2025-07-03 08:00:00,8.3303E+14,0,8.3303E+14
2025-07-03 09:00:00,1.64E+16,54.983,1.64E+16
2025-07-03 10:00:00,3.64E+16,55.011,3.64E+16
2025-07-03 11:00:00,1.21E+16,32.237,1.21E+16
2025-07-03 12:00:00,1.21E+16,22.002,1.21E+16
2025-07-03 13:00:00,3.62E+16,22.003,3.62E+16
2025-07-03 14:00:00,1.83E+16,0,1.83E+16
2025-07-03 15:00:00,1.23E+16,0,1.23E+16
2025-07-03 16:00:00,8.52133E+15,0,8.52133E+15
2025-07-03 17:00:00,7.18412E+15,0,7.18412E+15
2025-07-03 18:00:00,48917788,0,48917788
2025-07-03 19:00:00,5.08281E+15,73.353,5.08281E+15
2025-07-03 20:00:00,5.65589E+15,73.40194,5.65589E+15
2025-07-03 21:00:00,2.59943E+14,73.403,2.59943E+14
2025-07-03 22:00:00,5.65589E+15,11.524,5.65589E+15
2025-07-03 23:00:00,5.46487E+15,8.7612,5.46487E+15
2025-07-04 00:00:00,3.36355E+15,7.7664,3.36355E+15
2025-07-04 01:00:00,1.64429E+14,7.6369,1.64429E+14
2025-07-04 02:00:00,3935194228,7.5905,3935194236
2025-07-04 03:00:00,3.99E+16,7.572,3.99E+16
2025-07-04 04:00:00,3.97E+16,7.5543,3.97E+16
2025-07-04 05:00:00,3.95E+16,45.71107,3.95E+16
2025-07-04 06:00:00,1.45326E+15,73.407,1.45326E+15
2025-07-04 07:00:00,4.31869E+14,84.441,4.31869E+14
2025-07-04 08:00:00,3.97E+16,44.004,3.97E+16
2025-07-04 09:00:00,3.53E+16,77.01,3.53E+16
2025-07-04 10:00:00,3.82E+16,33.011,3.82E+16
2025-07-04 11:00:00,3.99E+16,10.236,3.99E+16
2025-07-04 12:00:00,1.0712E+15,0,1.0712E+15
2025-07-04 13:00:00,5.84692E+14,0,5.84692E+14
2025-07-04 14:00:00,5.46487E+15,0,5.46487E+15
2025-07-04 15:00:00,2.98149E+15,0,2.98149E+15
2025-07-04 16:00:00,3.55458E+15,0,3.55458E+15
2025-07-04 17:00:00,2.98149E+15,0,2.98149E+15
2025-07-04 18:00:00,5.65589E+15,0,5.65589E+15
2025-07-04 19:00:00,5.08281E+15,73.347,5.08281E+15
2025-07-04 20:00:00,5.27384E+15,73.40207,5.27384E+15
2025-07-04 21:00:00,5.27384E+15,73.403,5.27384E+15
2025-07-04 22:00:00,5.08281E+15,31.872,5.08281E+15
2025-07-04 23:00:00,5.46487E+15,8.0758,5.46487E+15
2025-07-05 00:00:00,3.36355E+15,7.7343,3.36355E+15
2025-07-05 01:00:00,2.98149E+15,7.6248,2.98149E+15
2025-07-05 02:00:00,3916091344,7.5785,3916091352
2025-07-05 03:00:00,1.16058E+14,0,1.16058E+14
2025-07-05 04:00:00,3916091344,0,3916091344
2025-07-05 05:00:00,2.59943E+14,0,2.59943E+14
2025-07-05 06:00:00,4.98115E+14,14.9962,4.98115E+14
2025-07-05 07:00:00,6.91812E+15,16.772,6.91812E+15
2025-07-05 08:00:00,3.66098E+15,0,3.66098E+15
2025-07-05 09:00:00,2.08027E+15,54.983,2.08027E+15
2025-07-05 10:00:00,9.11602E+13,55.011,9.11602E+13
2025-07-05 11:00:00,1.37663E+13,32.237,1.37663E+13
2025-07-05 12:00:00,3.28786E+15,22.002,3.28786E+15
2025-07-05 13:00:00,2.00687E+14,22.002,2.00687E+14
2025-07-05 14:00:00,1.29294E+15,8.2254,1.29294E+15
2025-07-05 15:00:00,2.85938E+15,0,2.85938E+15
2025-07-05 16:00:00,2.66835E+15,0,2.66835E+15
2025-07-05 17:00:00,1.96493E+15,0,1.96493E+15
2025-07-05 18:00:00,8.03041E+14,28.263,8.03041E+14
2025-07-05 19:00:00,3.04E+16,73.362,3.04E+16
2025-07-05 20:00:00,3.60E+16,73.34691,3.60E+16
2025-07-05 21:00:00,2.06E+16,73.402,2.06E+16
2025-07-05 22:00:00,1.38701E+15,7.8679,1.38701E+15
2025-07-05 23:00:00,1.02E+16,7.646,1.02E+16
2025-07-06 00:00:00,9.47647E+15,7.5878,9.47647E+15
2025-07-06 01:00:00,2.98149E+15,7.5692,2.98149E+15
2025-07-06 02:00:00,3916091344,7.5624,3916091352
2025-07-06 03:00:00,1.16058E+14,7.5558,1.16058E+14
2025-07-06 04:00:00,3916091344,7.55492,3916091352
2025-07-06 05:00:00,2.59943E+14,7.8424,2.59943E+14
2025-07-06 06:00:00,4.98115E+14,22.382,4.98115E+14
2025-07-06 07:00:00,6.91812E+15,82.869,6.91812E+15
2025-07-06 08:00:00,3.66098E+15,44.003,3.66098E+15
2025-07-06 09:00:00,2.08027E+15,77.009,2.08027E+15
2025-07-06 10:00:00,9.11602E+13,62.785,9.11602E+13
2025-07-06 11:00:00,1.37663E+13,10.236,1.37663E+13
2025-07-06 12:00:00,3.28786E+15,0,3.28786E+15
2025-07-06 13:00:00,2.00687E+14,0,2.00687E+14
2025-07-06 14:00:00,1.29294E+15,0,1.29294E+15
2025-07-06 15:00:00,2.85938E+15,0,2.85938E+15
2025-07-06 16:00:00,2.66835E+15,0,2.66835E+15
2025-07-06 17:00:00,1.96493E+15,0,1.96493E+15
2025-07-06 18:00:00,8.03041E+14,73.379,8.03041E+14
2025-07-06 19:00:00,3.04E+16,73.3514,3.04E+16
2025-07-06 20:00:00,3.60E+16,73.40089,3.60E+16
2025-07-06 21:00:00,2.06E+16,73.402,2.06E+16
2025-07-06 22:00:00,1.38701E+15,51.696,1.38701E+15
2025-07-06 23:00:00,1.02E+16,0,1.02E+16
2025-07-07 00:00:00,9.47647E+15,0,9.47647E+15
2025-07-07 01:00:00,2.98149E+15,0,2.98149E+15
2025-07-07 02:00:00,3916091344,0,3916091344
2025-07-07 03:00:00,1.16058E+14,0,1.16058E+14
2025-07-07 04:00:00,3916091344,0,3916091344
2025-07-07 05:00:00,2.59943E+14,73.405,2.59943E+14
2025-07-07 06:00:00,4.98115E+14,73.407,4.98115E+14
2025-07-07 07:00:00,6.91812E+15,41.498,6.91812E+15
2025-07-07 08:00:00,3.66098E+15,0,3.66098E+15
2025-07-07 09:00:00,2.08027E+15,0,2.08027E+15
2025-07-07 10:00:00,9.11602E+13,0,9.11602E+13
2025-07-07 11:00:00,1.37663E+13,0,1.37663E+13
2025-07-07 12:00:00,3.28786E+15,0,3.28786E+15
2025-07-07 13:00:00,2.00687E+14,0,2.00687E+14
2025-07-07 14:00:00,1.29294E+15,0,1.29294E+15
2025-07-07 15:00:00,2.85938E+15,0,2.85938E+15
2025-07-07 16:00:00,2.66835E+15,0,2.66835E+15
2025-07-07 17:00:00,1.96493E+15,0,1.96493E+15
2025-07-07 18:00:00,8.03041E+14,0,8.03041E+14
2025-07-07 19:00:00,3.04E+16,0,3.04E+16
2025-07-07 20:00:00,3.60E+16,0,3.60E+16
2025-07-07 21:00:00,2.06E+16,0,2.06E+16
2025-07-07 22:00:00,1.38701E+15,0,1.38701E+15
2025-07-07 23:00:00,1.02E+16,0,1.02E+16
2025-07-08 00:00:00,9.47647E+15,0,9.47647E+15
2025-07-08 01:00:00,2.98149E+15,0,2.98149E+15
2025-07-08 02:00:00,3916091344,0,3916091344
2025-07-08 03:00:00,1.16058E+14,0,1.16058E+14
2025-07-08 04:00:00,3916091344,0,3916091344
2025-07-08 05:00:00,2.59943E+14,0,2.59943E+14
2025-07-08 06:00:00,4.98115E+14,0,4.98115E+14
2025-07-08 07:00:00,6.91812E+15,0,6.91812E+15
2025-07-08 08:00:00,3.66098E+15,0,3.66098E+15
2025-07-08 09:00:00,2.08027E+15,0,2.08027E+15
2025-07-08 10:00:00,9.11602E+13,0,9.11602E+13
2025-07-08 11:00:00,1.37663E+13,0,1.37663E+13
2025-07-08 12:00:00,3.28786E+15,0,3.28786E+15
2025-07-08 13:00:00,2.00687E+14,0,2.00687E+14
2025-07-08 14:00:00,1.29294E+15,0,1.29294E+15
2025-07-08 15:00:00,2.85938E+15,0,2.85938E+15
2025-07-08 16:00:00,2.66835E+15,0,2.66835E+15
2025-07-08 17:00:00,1.96493E+15,0,1.96493E+15
2025-07-08 18:00:00,8.03041E+14,0,8.03041E+14
2025-07-08 19:00:00,3.04E+16,0,3.04E+16
2025-07-08 20:00:00,3.60E+16,0,3.60E+16
2025-07-08 21:00:00,2.06E+16,0,2.06E+16
2025-07-08 22:00:00,1.38701E+15,0,1.38701E+15
2025-07-08 23:00:00,1.02E+16,0,1.02E+16
2025-07-09 00:00:00,9.47647E+15,0,9.47647E+15
2025-07-09 01:00:00,2.98149E+15,0,2.98149E+15
2025-07-09 02:00:00,3916091344,0,3916091344
2025-07-09 03:00:00,1.16058E+14,0,1.16058E+14
2025-07-09 04:00:00,3916091344,0,3916091344
2025-07-09 05:00:00,2.59943E+14,0,2.59943E+14
2025-07-09 06:00:00,4.98115E+14,0,4.98115E+14
2025-07-09 07:00:00,6.91812E+15,0,6.91812E+15
2025-07-09 08:00:00,3.66098E+15,0,3.66098E+15
2025-07-09 09:00:00,2.08027E+15,33.005,2.08027E+15
2025-07-09 10:00:00,9.11602E+13,33.011,9.11602E+13
2025-07-09 11:00:00,1.37663E+13,10.236,1.37663E+13
2025-07-09 12:00:00,3.28786E+15,0,3.28786E+15
2025-07-09 13:00:00,2.00687E+14,0,2.00687E+14
2025-07-09 14:00:00,1.29294E+15,0,1.29294E+15
2025-07-09 15:00:00,2.85938E+15,0,2.85938E+15
2025-07-09 16:00:00,2.66835E+15,0,2.66835E+15
2025-07-09 17:00:00,1.96493E+15,0,1.96493E+15
2025-07-09 18:00:00,8.03041E+14,0,8.03041E+14
2025-07-09 19:00:00,3.04E+16,73.331,3.04E+16
2025-07-09 20:00:00,3.60E+16,73.402,3.60E+16
2025-07-09 21:00:00,2.06E+16,73.403,2.06E+16
2025-07-09 22:00:00,1.38701E+15,13.527,1.38701E+15
2025-07-09 23:00:00,1.02E+16,8.6143,1.02E+16
2025-07-10 00:00:00,9.47647E+15,7.6055,9.47647E+15
2025-07-10 01:00:00,2.98149E+15,7.5614,2.98149E+15
2025-07-10 02:00:00,3935194228,7.5546,3935194236
2025-07-10 03:00:00,3.99E+16,7.5536,3.99E+16
2025-07-10 04:00:00,3.97E+16,8.0625,3.97E+16
2025-07-10 05:00:00,3.95E+16,6.8974,3.95E+16
2025-07-10 06:00:00,1.26223E+15,32.99038,1.26223E+15
2025-07-10 07:00:00,5.46487E+15,106.0767,5.46487E+15
2025-07-10 08:00:00,8.3303E+14,44.004,8.3303E+14
2025-07-10 09:00:00,1.64E+16,99.01,1.64E+16
2025-07-10 10:00:00,3.64E+16,55.011,3.64E+16
2025-07-10 11:00:00,1.21E+16,32.237,1.21E+16
2025-07-10 12:00:00,1.21E+16,22.002,1.21E+16
2025-07-10 13:00:00,3.62E+16,22.003,3.62E+16
2025-07-10 14:00:00,1.83E+16,0,1.83E+16
2025-07-10 15:00:00,1.23E+16,0,1.23E+16
2025-07-10 16:00:00,8.52133E+15,0,8.52133E+15
2025-07-10 17:00:00,7.18412E+15,0,7.18412E+15
2025-07-10 18:00:00,48917788,55.96,48917843.96
2025-07-10 19:00:00,5.08281E+15,73.384,5.08281E+15
2025-07-10 20:00:00,5.65589E+15,73.402,5.65589E+15
2025-07-10 21:00:00,2.59943E+14,73.403,2.59943E+14
2025-07-10 22:00:00,5.65589E+15,66.809,5.65589E+15
2025-07-10 23:00:00,5.46487E+15,0,5.46487E+15
2025-07-11 00:00:00,3.36355E+15,0,3.36355E+15
2025-07-11 01:00:00,1.64429E+14,0,1.64429E+14
2025-07-11 02:00:00,3935194228,0,3935194228
2025-07-11 03:00:00,3.99E+16,0,3.99E+16
2025-07-11 04:00:00,3.97E+16,0,3.97E+16
2025-07-11 05:00:00,3.95E+16,44.06617,3.95E+16
2025-07-11 06:00:00,1.45326E+15,18.402,1.45326E+15
2025-07-11 07:00:00,4.31869E+14,0,4.31869E+14
2025-07-11 08:00:00,3.97E+16,0,3.97E+16
2025-07-11 09:00:00,3.53E+16,33.005,3.53E+16
2025-07-11 10:00:00,3.82E+16,33.011,3.82E+16
2025-07-11 11:00:00,3.99E+16,10.236,3.99E+16
2025-07-11 12:00:00,1.0712E+15,0,1.0712E+15
2025-07-11 13:00:00,5.84692E+14,0,5.84692E+14
2025-07-11 14:00:00,5.46487E+15,0,5.46487E+15
2025-07-11 15:00:00,2.98149E+15,0,2.98149E+15
2025-07-11 16:00:00,3.55458E+15,0,3.55458E+15
2025-07-11 17:00:00,2.98149E+15,0,2.98149E+15
2025-07-11 18:00:00,5.65589E+15,0,5.65589E+15
2025-07-11 19:00:00,5.08281E+15,73.35,5.08281E+15
2025-07-11 20:00:00,5.27384E+15,73.401,5.27384E+15
2025-07-11 21:00:00,5.27384E+15,73.402,5.27384E+15
2025-07-11 22:00:00,5.08281E+15,0,5.08281E+15
2025-07-11 23:00:00,5.46487E+15,0,5.46487E+15
2025-07-12 00:00:00,3.36355E+15,0,3.36355E+15
2025-07-12 01:00:00,2.98149E+15,0,2.98149E+15
2025-07-12 02:00:00,3916091344,0,3916091344
2025-07-12 03:00:00,1.16058E+14,0,1.16058E+14
2025-07-12 04:00:00,3916091344,0,3916091344
2025-07-12 05:00:00,2.59943E+14,15.9624,2.59943E+14
2025-07-12 06:00:00,4.98115E+14,73.404,4.98115E+14
2025-07-12 07:00:00,6.91812E+15,117.41,6.91812E+15
2025-07-12 08:00:00,3.66098E+15,44.003,3.66098E+15
2025-07-12 09:00:00,2.08027E+15,99.01,2.08027E+15
2025-07-12 10:00:00,9.11602E+13,72.929,9.11602E+13
2025-07-12 11:00:00,1.37663E+13,32.237,1.37663E+13
2025-07-12 12:00:00,3.28786E+15,22.002,3.28786E+15
2025-07-12 13:00:00,2.00687E+14,22.003,2.00687E+14
2025-07-12 14:00:00,1.29294E+15,0,1.29294E+15
2025-07-12 15:00:00,2.85938E+15,0,2.85938E+15
2025-07-12 16:00:00,2.66835E+15,0,2.66835E+15
2025-07-12 17:00:00,1.96493E+15,0,1.96493E+15
2025-07-12 18:00:00,8.03041E+14,54.977,8.03041E+14
2025-07-12 19:00:00,3.04E+16,60.473,3.04E+16
2025-07-12 20:00:00,3.60E+16,73.401,3.60E+16
2025-07-12 21:00:00,2.06E+16,73.402,2.06E+16
2025-07-12 22:00:00,1.38701E+15,7.4523,1.38701E+15
2025-07-12 23:00:00,1.02E+16,7.5615,1.02E+16
2025-07-13 00:00:00,9.47647E+15,7.556,9.47647E+15
2025-07-13 01:00:00,2.98149E+15,7.5552,2.98149E+15
2025-07-13 02:00:00,3916091344,7.5544,3916091352
2025-07-13 03:00:00,1.16058E+14,7.5541,1.16058E+14
2025-07-13 04:00:00,3916091344,7.5539,3916091352
2025-07-13 05:00:00,2.59943E+14,36.59745,2.59943E+14
2025-07-13 06:00:00,4.98115E+14,73.406,4.98115E+14
2025-07-13 07:00:00,6.91812E+15,59.69,6.91812E+15
2025-07-13 08:00:00,3.66098E+15,0,3.66098E+15
2025-07-13 09:00:00,2.08027E+15,33.005,2.08027E+15
2025-07-13 10:00:00,9.11602E+13,33.011,9.11602E+13
2025-07-13 11:00:00,1.37663E+13,10.236,1.37663E+13
2025-07-13 12:00:00,3.28786E+15,0,3.28786E+15
2025-07-13 13:00:00,2.00687E+14,0,2.00687E+14
2025-07-13 14:00:00,1.29294E+15,0,1.29294E+15
2025-07-13 15:00:00,2.85938E+15,0,2.85938E+15
2025-07-13 16:00:00,2.66835E+15,0,2.66835E+15
2025-07-13 17:00:00,1.96493E+15,0,1.96493E+15
2025-07-13 18:00:00,8.03041E+14,18.388,8.03041E+14
2025-07-13 19:00:00,3.04E+16,73.347,3.04E+16
2025-07-13 20:00:00,3.60E+16,73.402,3.60E+16
2025-07-13 21:00:00,2.06E+16,73.403,2.06E+16
2025-07-13 22:00:00,1.38701E+15,45.715,1.38701E+15
2025-07-13 23:00:00,1.02E+16,12.073,1.02E+16
2025-07-14 00:00:00,9.47647E+15,8.7994,9.47647E+15
2025-07-14 01:00:00,2.98149E+15,0,2.98149E+15
2025-07-14 02:00:00,3916091344,0,3916091344
2025-07-14 03:00:00,1.16058E+14,0,1.16058E+14
2025-07-14 04:00:00,3916091344,0,3916091344
2025-07-14 05:00:00,2.59943E+14,63.10875,2.59943E+14
2025-07-14 06:00:00,4.98115E+14,8.2174,4.98115E+14
2025-07-14 07:00:00,6.91812E+15,0,6.91812E+15
2025-07-14 08:00:00,3.66098E+15,0,3.66098E+15
2025-07-14 09:00:00,2.08027E+15,0,2.08027E+15
2025-07-14 10:00:00,9.11602E+13,0,9.11602E+13
2025-07-14 11:00:00,1.37663E+13,0,1.37663E+13
2025-07-14 12:00:00,3.28786E+15,0,3.28786E+15
2025-07-14 13:00:00,2.00687E+14,0,2.00687E+14
2025-07-14 14:00:00,1.29294E+15,0,1.29294E+15
2025-07-14 15:00:00,2.85938E+15,0,2.85938E+15
2025-07-14 16:00:00,2.66835E+15,0,2.66835E+15
2025-07-14 17:00:00,1.96493E+15,0,1.96493E+15
2025-07-14 18:00:00,8.03041E+14,0,8.03041E+14
2025-07-14 19:00:00,3.04E+16,0,3.04E+16
2025-07-14 20:00:00,3.60E+16,0,3.60E+16
2025-07-14 21:00:00,2.06E+16,0,2.06E+16
2025-07-14 22:00:00,1.38701E+15,0,1.38701E+15
2025-07-14 23:00:00,1.02E+16,0,1.02E+16
2025-07-15 00:00:00,9.47647E+15,0,9.47647E+15
2025-07-15 01:00:00,2.98149E+15,0,2.98149E+15
2025-07-15 02:00:00,3916091344,0,3916091344
2025-07-15 03:00:00,1.16058E+14,0,1.16058E+14
2025-07-15 04:00:00,3916091344,0,3916091344
2025-07-15 05:00:00,2.59943E+14,0,2.59943E+14
2025-07-15 06:00:00,4.98115E+14,0,4.98115E+14
2025-07-15 07:00:00,6.91812E+15,0,6.91812E+15
2025-07-15 08:00:00,3.66098E+15,0,3.66098E+15
2025-07-15 09:00:00,2.08027E+15,0,2.08027E+15
2025-07-15 10:00:00,9.11602E+13,0,9.11602E+13
2025-07-15 11:00:00,1.37663E+13,0,1.37663E+13
2025-07-15 12:00:00,3.28786E+15,0,3.28786E+15
2025-07-15 13:00:00,2.00687E+14,0,2.00687E+14
2025-07-15 14:00:00,1.29294E+15,0,1.29294E+15
2025-07-15 15:00:00,2.85938E+15,0,2.85938E+15
2025-07-15 16:00:00,2.66835E+15,0,2.66835E+15
2025-07-15 17:00:00,1.96493E+15,0,1.96493E+15
2025-07-15 18:00:00,8.03041E+14,0,8.03041E+14
2025-07-15 19:00:00,3.04E+16,0,3.04E+16
2025-07-15 20:00:00,3.60E+16,0,3.60E+16
2025-07-15 21:00:00,2.06E+16,0,2.06E+16
2025-07-15 22:00:00,1.38701E+15,0,1.38701E+15
2025-07-15 23:00:00,1.02E+16,0,1.02E+16
2025-07-16 00:00:00,9.47647E+15,0,9.47647E+15
2025-07-16 01:00:00,2.98149E+15,0,2.98149E+15
2025-07-16 02:00:00,3916091344,0,3916091344
2025-07-16 03:00:00,1.16058E+14,0,1.16058E+14
2025-07-16 04:00:00,3916091344,0,3916091344
2025-07-16 05:00:00,2.59943E+14,24.47,2.59943E+14
2025-07-16 06:00:00,4.98115E+14,34.325,4.98115E+14
2025-07-16 07:00:00,6.91812E+15,44.002,6.91812E+15
2025-07-16 08:00:00,3.66098E+15,44.004,3.66098E+15
2025-07-16 09:00:00,2.08027E+15,77.01,2.08027E+15
2025-07-16 10:00:00,9.11602E+13,33.011,9.11602E+13
2025-07-16 11:00:00,1.37663E+13,10.236,1.37663E+13
2025-07-16 12:00:00,3.28786E+15,0,3.28786E+15
2025-07-16 13:00:00,2.00687E+14,0,2.00687E+14
2025-07-16 14:00:00,1.29294E+15,0,1.29294E+15
2025-07-16 15:00:00,2.85938E+15,0,2.85938E+15
2025-07-16 16:00:00,2.66835E+15,0,2.66835E+15
2025-07-16 17:00:00,1.96493E+15,0,1.96493E+15
2025-07-16 18:00:00,8.03041E+14,0,8.03041E+14
2025-07-16 19:00:00,3.04E+16,73.347,3.04E+16
2025-07-16 20:00:00,3.60E+16,73.402,3.60E+16
2025-07-16 21:00:00,2.06E+16,73.403,2.06E+16
2025-07-16 22:00:00,1.38701E+15,71.41,1.38701E+15
2025-07-16 23:00:00,1.02E+16,0,1.02E+16
2025-07-17 00:00:00,9.47647E+15,0,9.47647E+15
2025-07-17 01:00:00,2.98149E+15,0,2.98149E+15
2025-07-17 02:00:00,3935194228,0,3935194228
2025-07-17 03:00:00,3.99E+16,0,3.99E+16
2025-07-17 04:00:00,3.97E+16,0,3.97E+16
2025-07-17 05:00:00,3.95E+16,0,3.95E+16
2025-07-17 06:00:00,1.26223E+15,29.61329,1.26223E+15
2025-07-17 07:00:00,5.46487E+15,31.431,5.46487E+15
2025-07-17 08:00:00,8.3303E+14,0,8.3303E+14
2025-07-17 09:00:00,1.64E+16,55.005,1.64E+16
2025-07-17 10:00:00,3.64E+16,55.011,3.64E+16
2025-07-17 11:00:00,1.21E+16,32.237,1.21E+16
2025-07-17 12:00:00,1.21E+16,22.002,1.21E+16
2025-07-17 13:00:00,3.62E+16,22.003,3.62E+16
2025-07-17 14:00:00,1.83E+16,0,1.83E+16
2025-07-17 15:00:00,1.23E+16,0,1.23E+16
2025-07-17 16:00:00,8.52133E+15,0,8.52133E+15
2025-07-17 17:00:00,7.18412E+15,0,7.18412E+15
2025-07-17 18:00:00,48917788,73.357,48917861.36
2025-07-17 19:00:00,5.08281E+15,60.519,5.08281E+15
2025-07-17 20:00:00,5.65589E+15,73.402,5.65589E+15
2025-07-17 21:00:00,2.59943E+14,73.403,2.59943E+14
2025-07-17 22:00:00,5.65589E+15,70.623,5.65589E+15
2025-07-17 23:00:00,5.46487E+15,0,5.46487E+15
2025-07-18 00:00:00,3.36355E+15,0,3.36355E+15
2025-07-18 01:00:00,1.64429E+14,0,1.64429E+14
2025-07-18 02:00:00,3935194228,0,3935194228
2025-07-18 03:00:00,3.99E+16,0,3.99E+16
2025-07-18 04:00:00,3.97E+16,0,3.97E+16
2025-07-18 05:00:00,3.95E+16,0,3.95E+16
2025-07-18 06:00:00,1.45326E+15,62.37058,1.45326E+15
2025-07-18 07:00:00,4.31869E+14,58.058,4.31869E+14
2025-07-18 08:00:00,3.97E+16,44.004,3.97E+16
2025-07-18 09:00:00,3.53E+16,77.01,3.53E+16
2025-07-18 10:00:00,3.82E+16,33.011,3.82E+16
2025-07-18 11:00:00,3.99E+16,10.236,3.99E+16
2025-07-18 12:00:00,1.0712E+15,0,1.0712E+15
2025-07-18 13:00:00,5.84692E+14,0,5.84692E+14
2025-07-18 14:00:00,5.46487E+15,0,5.46487E+15
2025-07-18 15:00:00,2.98149E+15,0,2.98149E+15
2025-07-18 16:00:00,3.55458E+15,0,3.55458E+15
2025-07-18 17:00:00,2.98149E+15,0,2.98149E+15
2025-07-18 18:00:00,5.65589E+15,0,5.65589E+15
2025-07-18 19:00:00,5.08281E+15,60.486,5.08281E+15
2025-07-18 20:00:00,5.27384E+15,73.401,5.27384E+15
2025-07-18 21:00:00,5.27384E+15,73.402,5.27384E+15
2025-07-18 22:00:00,5.08281E+15,7.9106,5.08281E+15
2025-07-18 23:00:00,5.46487E+15,7.6892,5.46487E+15
2025-07-19 00:00:00,3.36355E+15,7.5718,3.36355E+15
2025-07-19 01:00:00,2.98149E+15,7.5621,2.98149E+15
2025-07-19 02:00:00,3916091344,7.5556,3916091352
2025-07-19 03:00:00,1.16058E+14,7.5546,1.16058E+14
2025-07-19 04:00:00,3916091344,7.5545,3916091352
2025-07-19 05:00:00,2.59943E+14,7.55431,2.59943E+14
2025-07-19 06:00:00,4.98115E+14,73.404,4.98115E+14
2025-07-19 07:00:00,6.91812E+15,73.406,6.91812E+15
2025-07-19 08:00:00,3.66098E+15,0,3.66098E+15
2025-07-19 09:00:00,2.08027E+15,55.005,2.08027E+15
2025-07-19 10:00:00,9.11602E+13,43.298,9.11602E+13
2025-07-19 11:00:00,1.37663E+13,44.345,1.37663E+13
2025-07-19 12:00:00,3.28786E+15,22.002,3.28786E+15
2025-07-19 13:00:00,2.00687E+14,22.003,2.00687E+14
2025-07-19 14:00:00,1.29294E+15,0,1.29294E+15
2025-07-19 15:00:00,2.85938E+15,0,2.85938E+15
2025-07-19 16:00:00,2.66835E+15,0,2.66835E+15
2025-07-19 17:00:00,1.96493E+15,0,1.96493E+15
2025-07-19 18:00:00,8.03041E+14,73.352,8.03041E+14
2025-07-19 19:00:00,3.04E+16,73.401,3.04E+16
2025-07-19 20:00:00,3.60E+16,73.402,3.60E+16
2025-07-19 21:00:00,2.06E+16,73.403,2.06E+16
2025-07-19 22:00:00,1.38701E+15,30.811,1.38701E+15
2025-07-19 23:00:00,1.02E+16,0,1.02E+16
2025-07-20 00:00:00,9.47647E+15,0,9.47647E+15
2025-07-20 01:00:00,2.98149E+15,0,2.98149E+15
2025-07-20 02:00:00,3916091344,0,3916091344
2025-07-20 03:00:00,1.16058E+14,0,1.16058E+14
2025-07-20 04:00:00,3916091344,0,3916091344
2025-07-20 05:00:00,2.59943E+14,38.65267,2.59943E+14
2025-07-20 06:00:00,4.98115E+14,73.407,4.98115E+14
2025-07-20 07:00:00,6.91812E+15,69.114,6.91812E+15
2025-07-20 08:00:00,3.66098E+15,44.003,3.66098E+15
2025-07-20 09:00:00,2.08027E+15,77.01,2.08027E+15
2025-07-20 10:00:00,9.11602E+13,52.357,9.11602E+13
2025-07-20 11:00:00,1.37663E+13,10.236,1.37663E+13
2025-07-20 12:00:00,3.28786E+15,0,3.28786E+15
2025-07-20 13:00:00,2.00687E+14,0,2.00687E+14
2025-07-20 14:00:00,1.29294E+15,0,1.29294E+15
2025-07-20 15:00:00,2.85938E+15,0,2.85938E+15
2025-07-20 16:00:00,2.66835E+15,0,2.66835E+15
2025-07-20 17:00:00,1.96493E+15,0,1.96493E+15
2025-07-20 18:00:00,8.03041E+14,0,8.03041E+14
2025-07-20 19:00:00,3.04E+16,73.332,3.04E+16
2025-07-20 20:00:00,3.60E+16,73.402,3.60E+16
2025-07-20 21:00:00,2.06E+16,73.403,2.06E+16
2025-07-20 22:00:00,1.38701E+15,15.209,1.38701E+15
2025-07-20 23:00:00,1.02E+16,7.5663,1.02E+16
2025-07-21 00:00:00,9.47647E+15,7.9511,9.47647E+15
2025-07-21 01:00:00,2.98149E+15,7.9508,2.98149E+15
2025-07-21 02:00:00,3916091344,7.9505,3916091352
2025-07-21 03:00:00,1.16058E+14,7.9502,1.16058E+14
2025-07-21 04:00:00,3916091344,0,3916091344
2025-07-21 05:00:00,2.59943E+14,7.0901,2.59943E+14
2025-07-21 06:00:00,4.98115E+14,64.8436,4.98115E+14
2025-07-21 07:00:00,6.91812E+15,13.931,6.91812E+15
2025-07-21 08:00:00,3.66098E+15,18.15,3.66098E+15
2025-07-21 09:00:00,2.08027E+15,0,2.08027E+15
2025-07-21 10:00:00,9.11602E+13,0,9.11602E+13
2025-07-21 11:00:00,1.37663E+13,0,1.37663E+13
2025-07-21 12:00:00,3.28786E+15,0,3.28786E+15
2025-07-21 13:00:00,2.00687E+14,0,2.00687E+14
2025-07-21 14:00:00,1.29294E+15,0,1.29294E+15
2025-07-21 15:00:00,2.85938E+15,0,2.85938E+15
2025-07-21 16:00:00,2.66835E+15,0,2.66835E+15
2025-07-21 17:00:00,1.96493E+15,0,1.96493E+15
2025-07-21 18:00:00,8.03041E+14,0,8.03041E+14
2025-07-21 19:00:00,3.04E+16,0,3.04E+16
2025-07-21 20:00:00,3.60E+16,0,3.60E+16
2025-07-21 21:00:00,2.06E+16,0,2.06E+16
2025-07-21 22:00:00,1.38701E+15,0,1.38701E+15
2025-07-21 23:00:00,1.02E+16,0,1.02E+16
2025-07-22 00:00:00,9.47647E+15,0,9.47647E+15
2025-07-22 01:00:00,2.98149E+15,0,2.98149E+15
2025-07-22 02:00:00,3916091344,0,3916091344
2025-07-22 03:00:00,1.16058E+14,0,1.16058E+14
2025-07-22 04:00:00,3916091344,0,3916091344
2025-07-22 05:00:00,2.59943E+14,0,2.59943E+14
2025-07-22 06:00:00,4.98115E+14,0,4.98115E+14
2025-07-22 07:00:00,6.91812E+15,0,6.91812E+15
2025-07-22 08:00:00,3.66098E+15,0,3.66098E+15
2025-07-22 09:00:00,2.08027E+15,0,2.08027E+15
2025-07-22 10:00:00,9.11602E+13,0,9.11602E+13
2025-07-22 11:00:00,1.37663E+13,0,1.37663E+13
2025-07-22 12:00:00,3.28786E+15,0,3.28786E+15
2025-07-22 13:00:00,2.00687E+14,0,2.00687E+14
2025-07-22 14:00:00,1.29294E+15,0,1.29294E+15
2025-07-22 15:00:00,2.85938E+15,0,2.85938E+15
2025-07-22 16:00:00,2.66835E+15,0,2.66835E+15
2025-07-22 17:00:00,1.96493E+15,0,1.96493E+15
2025-07-22 18:00:00,8.03041E+14,0,8.03041E+14
2025-07-22 19:00:00,3.04E+16,0,3.04E+16
2025-07-22 20:00:00,3.60E+16,0,3.60E+16
2025-07-22 21:00:00,2.06E+16,0,2.06E+16
2025-07-22 22:00:00,1.38701E+15,0,1.38701E+15
2025-07-22 23:00:00,1.02E+16,0,1.02E+16
2025-07-23 00:00:00,9.47647E+15,0,9.47647E+15
2025-07-23 01:00:00,2.98149E+15,0,2.98149E+15
2025-07-23 02:00:00,3916091344,0,3916091344
2025-07-23 03:00:00,1.16058E+14,0,1.16058E+14
2025-07-23 04:00:00,3916091344,0,3916091344
2025-07-23 05:00:00,2.59943E+14,0,2.59943E+14
2025-07-23 06:00:00,4.98115E+14,0,4.98115E+14
2025-07-23 07:00:00,6.91812E+15,0,6.91812E+15
2025-07-23 08:00:00,3.66098E+15,0,3.66098E+15
2025-07-23 09:00:00,2.08027E+15,33.005,2.08027E+15
2025-07-23 10:00:00,9.11602E+13,33.011,9.11602E+13
2025-07-23 11:00:00,1.37663E+13,10.236,1.37663E+13
2025-07-23 12:00:00,3.28786E+15,0,3.28786E+15
2025-07-23 13:00:00,2.00687E+14,0,2.00687E+14
2025-07-23 14:00:00,1.29294E+15,0,1.29294E+15
2025-07-23 15:00:00,2.85938E+15,0,2.85938E+15
2025-07-23 16:00:00,2.66835E+15,0,2.66835E+15
2025-07-23 17:00:00,1.96493E+15,0,1.96493E+15
2025-07-23 18:00:00,8.03041E+14,0,8.03041E+14
2025-07-23 19:00:00,3.04E+16,73.3693,3.04E+16
2025-07-23 20:00:00,3.60E+16,73.401,3.60E+16
2025-07-23 21:00:00,2.06E+16,57.719,2.06E+16
2025-07-23 22:00:00,1.38701E+15,0,1.38701E+15
2025-07-23 23:00:00,1.02E+16,0,1.02E+16
2025-07-24 00:00:00,9.47647E+15,0,9.47647E+15
2025-07-24 01:00:00,2.98149E+15,0,2.98149E+15
2025-07-24 02:00:00,3935194228,0,3935194228
2025-07-24 03:00:00,3.99E+16,0,3.99E+16
2025-07-24 04:00:00,3.97E+16,0,3.97E+16
2025-07-24 05:00:00,3.95E+16,0,3.95E+16
2025-07-24 06:00:00,1.26223E+15,69.42164,1.26223E+15
2025-07-24 07:00:00,5.46487E+15,117.41,5.46487E+15
2025-07-24 08:00:00,8.3303E+14,44.004,8.3303E+14
2025-07-24 09:00:00,1.64E+16,99.011,1.64E+16
2025-07-24 10:00:00,3.64E+16,52.08,3.64E+16
2025-07-24 11:00:00,1.21E+16,35.377,1.21E+16
2025-07-24 12:00:00,1.21E+16,22.002,1.21E+16
2025-07-24 13:00:00,3.62E+16,22.003,3.62E+16
2025-07-24 14:00:00,1.83E+16,0,1.83E+16
2025-07-24 15:00:00,1.23E+16,0,1.23E+16
2025-07-24 16:00:00,8.52133E+15,0,8.52133E+15
2025-07-24 17:00:00,7.18412E+15,0,7.18412E+15
2025-07-24 18:00:00,48917788,48.733,48917836.73
2025-07-24 19:00:00,5.08281E+15,73.372,5.08281E+15
2025-07-24 20:00:00,5.65589E+15,73.347,5.65589E+15
2025-07-24 21:00:00,2.59943E+14,73.402,2.59943E+14
2025-07-24 22:00:00,5.65589E+15,0,5.65589E+15
2025-07-24 23:00:00,5.46487E+15,6.9675,5.46487E+15
2025-07-25 00:00:00,3.36355E+15,6.9673,3.36355E+15
2025-07-25 01:00:00,1.64429E+14,6.9671,1.64429E+14
2025-07-25 02:00:00,3935194228,6.9669,3935194235
2025-07-25 03:00:00,3.99E+16,6.9667,3.99E+16
2025-07-25 04:00:00,3.97E+16,6.9665,3.97E+16
2025-07-25 05:00:00,3.95E+16,31.05522,3.95E+16
2025-07-25 06:00:00,1.45326E+15,73.405,1.45326E+15
2025-07-25 07:00:00,4.31869E+14,55.004,4.31869E+14
2025-07-25 08:00:00,3.97E+16,0,3.97E+16
2025-07-25 09:00:00,3.53E+16,33.005,3.53E+16
2025-07-25 10:00:00,3.82E+16,33.011,3.82E+16
2025-07-25 11:00:00,3.99E+16,10.236,3.99E+16
2025-07-25 12:00:00,1.0712E+15,0,1.0712E+15
2025-07-25 13:00:00,5.84692E+14,0,5.84692E+14
2025-07-25 14:00:00,5.46487E+15,0,5.46487E+15
2025-07-25 15:00:00,2.98149E+15,0,2.98149E+15
2025-07-25 16:00:00,3.55458E+15,0,3.55458E+15
2025-07-25 17:00:00,2.98149E+15,0,2.98149E+15
2025-07-25 18:00:00,5.65589E+15,54.964,5.65589E+15
2025-07-25 19:00:00,5.08281E+15,73.389,5.08281E+15
2025-07-25 20:00:00,5.27384E+15,73.402,5.27384E+15
2025-07-25 21:00:00,5.27384E+15,73.403,5.27384E+15
2025-07-25 22:00:00,5.08281E+15,36.766,5.08281E+15
2025-07-25 23:00:00,5.46487E+15,0,5.46487E+15
2025-07-26 00:00:00,3.36355E+15,0,3.36355E+15
2025-07-26 01:00:00,2.98149E+15,0,2.98149E+15
2025-07-26 02:00:00,3916091344,0,3916091344
2025-07-26 03:00:00,1.16058E+14,0,1.16058E+14
2025-07-26 04:00:00,3916091344,0,3916091344
2025-07-26 05:00:00,2.59943E+14,38.13059,2.59943E+14
2025-07-26 06:00:00,4.98115E+14,73.406,4.98115E+14
2025-07-26 07:00:00,6.91812E+15,88.037,6.91812E+15
2025-07-26 08:00:00,3.66098E+15,44.004,3.66098E+15
2025-07-26 09:00:00,2.08027E+15,99.01,2.08027E+15
2025-07-26 10:00:00,9.11602E+13,55.011,9.11602E+13
2025-07-26 11:00:00,1.37663E+13,32.237,1.37663E+13
2025-07-26 12:00:00,3.28786E+15,22.002,3.28786E+15
2025-07-26 13:00:00,2.00687E+14,22.003,2.00687E+14
2025-07-26 14:00:00,1.29294E+15,0,1.29294E+15
2025-07-26 15:00:00,2.85938E+15,0,2.85938E+15
2025-07-26 16:00:00,2.66835E+15,0,2.66835E+15
2025-07-26 17:00:00,1.96493E+15,0,1.96493E+15
2025-07-26 18:00:00,8.03041E+14,0,8.03041E+14
2025-07-26 19:00:00,3.04E+16,60.466,3.04E+16
2025-07-26 20:00:00,3.60E+16,73.401,3.60E+16
2025-07-26 21:00:00,2.06E+16,73.403,2.06E+16
2025-07-26 22:00:00,1.38701E+15,70.867,1.38701E+15
2025-07-26 23:00:00,1.02E+16,0,1.02E+16
2025-07-27 00:00:00,9.47647E+15,0,9.47647E+15
2025-07-27 01:00:00,2.98149E+15,0,2.98149E+15
2025-07-27 02:00:00,3916091344,0,3916091344
2025-07-27 03:00:00,1.16058E+14,0,1.16058E+14
2025-07-27 04:00:00,3916091344,0,3916091344
2025-07-27 05:00:00,2.59943E+14,6.8974,2.59943E+14
2025-07-27 06:00:00,4.98115E+14,60.52806,4.98115E+14
2025-07-27 07:00:00,6.91812E+15,18.402,6.91812E+15
2025-07-27 08:00:00,3.66098E+15,0,3.66098E+15
2025-07-27 09:00:00,2.08027E+15,33.005,2.08027E+15
2025-07-27 10:00:00,9.11602E+13,33.011,9.11602E+13
2025-07-27 11:00:00,1.37663E+13,10.236,1.37663E+13
2025-07-27 12:00:00,3.28786E+15,0,3.28786E+15
2025-07-27 13:00:00,2.00687E+14,0,2.00687E+14
2025-07-27 14:00:00,1.29294E+15,0,1.29294E+15
2025-07-27 15:00:00,2.85938E+15,0,2.85938E+15
2025-07-27 16:00:00,2.66835E+15,0,2.66835E+15
2025-07-27 17:00:00,1.96493E+15,0,1.96493E+15
2025-07-27 18:00:00,8.03041E+14,0,8.03041E+14
2025-07-27 19:00:00,3.04E+16,60.487,3.04E+16
2025-07-27 20:00:00,3.60E+16,73.401,3.60E+16
2025-07-27 21:00:00,2.06E+16,73.402,2.06E+16
2025-07-27 22:00:00,1.38701E+15,68.815,1.38701E+15
2025-07-27 23:00:00,1.02E+16,0,1.02E+16
2025-07-28 00:00:00,9.47647E+15,0,9.47647E+15
2025-07-28 01:00:00,2.98149E+15,0,2.98149E+15
2025-07-28 02:00:00,3916091344,0,3916091344
2025-07-28 03:00:00,1.16058E+14,0,1.16058E+14
2025-07-28 04:00:00,3916091344,0,3916091344
2025-07-28 05:00:00,2.59943E+14,0,2.59943E+14
2025-07-28 06:00:00,4.98115E+14,7.6064,4.98115E+14
2025-07-28 07:00:00,6.91812E+15,73.405,6.91812E+15
2025-07-28 08:00:00,3.66098E+15,73.407,3.66098E+15
2025-07-28 09:00:00,2.08027E+15,38.235,2.08027E+15
2025-07-28 10:00:00,9.11602E+13,0,9.11602E+13
2025-07-28 11:00:00,1.37663E+13,0,1.37663E+13
2025-07-28 12:00:00,3.28786E+15,0,3.28786E+15
2025-07-28 13:00:00,2.00687E+14,0,2.00687E+14
2025-07-28 14:00:00,1.29294E+15,0,1.29294E+15
2025-07-28 15:00:00,2.85938E+15,0,2.85938E+15
2025-07-28 16:00:00,2.66835E+15,0,2.66835E+15
2025-07-28 17:00:00,1.96493E+15,0,1.96493E+15
2025-07-28 18:00:00,8.03041E+14,0,8.03041E+14
2025-07-28 19:00:00,3.04E+16,0,3.04E+16
2025-07-28 20:00:00,3.60E+16,0,3.60E+16
2025-07-28 21:00:00,2.06E+16,0,2.06E+16
2025-07-28 22:00:00,1.38701E+15,0,1.38701E+15
2025-07-28 23:00:00,1.02E+16,0,1.02E+16
2025-07-29 00:00:00,9.47647E+15,0,9.47647E+15
2025-07-29 01:00:00,2.98149E+15,0,2.98149E+15
2025-07-29 02:00:00,3916091344,0,3916091344
2025-07-29 03:00:00,1.16058E+14,0,1.16058E+14
2025-07-29 04:00:00,3916091344,0,3916091344
2025-07-29 05:00:00,2.59943E+14,0,2.59943E+14
2025-07-29 06:00:00,4.98115E+14,0,4.98115E+14
2025-07-29 07:00:00,6.91812E+15,0,6.91812E+15
2025-07-29 08:00:00,3.66098E+15,0,3.66098E+15
2025-07-29 09:00:00,2.08027E+15,0,2.08027E+15
2025-07-29 10:00:00,9.11602E+13,0,9.11602E+13
2025-07-29 11:00:00,1.37663E+13,0,1.37663E+13
2025-07-29 12:00:00,3.28786E+15,0,3.28786E+15
2025-07-29 13:00:00,2.00687E+14,0,2.00687E+14
2025-07-29 14:00:00,1.29294E+15,0,1.29294E+15
2025-07-29 15:00:00,2.85938E+15,0,2.85938E+15
2025-07-29 16:00:00,2.66835E+15,0,2.66835E+15
2025-07-29 17:00:00,1.96493E+15,0,1.96493E+15
2025-07-29 18:00:00,8.03041E+14,0,8.03041E+14
2025-07-29 19:00:00,3.04E+16,0,3.04E+16
2025-07-29 20:00:00,3.60E+16,0,3.60E+16
2025-07-29 21:00:00,2.06E+16,0,2.06E+16
2025-07-29 22:00:00,1.38701E+15,0,1.38701E+15
2025-07-29 23:00:00,1.02E+16,0,1.02E+16
2025-07-30 00:00:00,9.47647E+15,0,9.47647E+15
2025-07-30 01:00:00,2.98149E+15,0,2.98149E+15
2025-07-30 02:00:00,3916091344,0,3916091344
2025-07-30 03:00:00,1.16058E+14,0,1.16058E+14
2025-07-30 04:00:00,3916091344,0,3916091344
2025-07-30 05:00:00,2.59943E+14,0,2.59943E+14
2025-07-30 06:00:00,4.98115E+14,0,4.98115E+14
2025-07-30 07:00:00,6.91812E+15,44.002,6.91812E+15
2025-07-30 08:00:00,3.66098E+15,44.003,3.66098E+15
2025-07-30 09:00:00,2.08027E+15,77.01,2.08027E+15
2025-07-30 10:00:00,9.11602E+13,52.357,9.11602E+13
2025-07-30 11:00:00,1.37663E+13,10.236,1.37663E+13
2025-07-30 12:00:00,3.28786E+15,0,3.28786E+15
2025-07-30 13:00:00,2.00687E+14,0,2.00687E+14
2025-07-30 14:00:00,1.29294E+15,0,1.29294E+15
2025-07-30 15:00:00,2.85938E+15,0,2.85938E+15
2025-07-30 16:00:00,2.66835E+15,0,2.66835E+15
2025-07-30 17:00:00,1.96493E+15,0,1.96493E+15
2025-07-30 18:00:00,8.03041E+14,0,8.03041E+14
2025-07-30 19:00:00,3.04E+16,73.348,3.04E+16
2025-07-30 20:00:00,3.60E+16,73.402,3.60E+16
2025-07-30 21:00:00,2.06E+16,66.586,2.06E+16
2025-07-30 22:00:00,1.38701E+15,0,1.38701E+15
2025-07-30 23:00:00,1.02E+16,7.3372,1.02E+16
2025-07-31 00:00:00,9.47647E+15,7.337,9.47647E+15
2025-07-31 01:00:00,2.98149E+15,7.3368,2.98149E+15
2025-07-31 02:00:00,3935194228,7.3365,3935194235
2025-07-31 03:00:00,3.99E+16,7.3363,3.99E+16
2025-07-31 04:00:00,3.97E+16,7.336,3.97E+16
2025-07-31 05:00:00,3.95E+16,29.25523,3.95E+16
2025-07-31 06:00:00,1.26223E+15,73.406,1.26223E+15
2025-07-31 07:00:00,5.46487E+15,18.402,5.46487E+15
2025-07-31 08:00:00,8.3303E+14,0,8.3303E+14
2025-07-31 09:00:00,1.64E+16,55.005,1.64E+16
2025-07-31 10:00:00,3.64E+16,55.011,3.64E+16
2025-07-31 11:00:00,1.21E+16,32.237,1.21E+16
2025-07-31 12:00:00,1.21E+16,22.002,1.21E+16
2025-07-31 13:00:00,3.62E+16,22.003,3.62E+16
2025-07-31 14:00:00,1.83E+16,0,1.83E+16
2025-07-31 15:00:00,1.23E+16,0,1.23E+16
2025-07-31 16:00:00,8.52133E+15,0,8.52133E+15
2025-07-31 17:00:00,7.18412E+15,0,7.18412E+15
2025-07-31 18:00:00,48917788,0,48917788
2025-07-31 19:00:00,5.08281E+15,73.349,5.08281E+15
2025-07-31 20:00:00,5.65589E+15,73.401,5.65589E+15
2025-07-31 21:00:00,2.59943E+14,73.402,2.59943E+14
2025-07-31 22:00:00,5.65589E+15,11.162,5.65589E+15
2025-07-31 23:00:00,5.46487E+15,8.4646,5.46487E+15
2025-08-01 00:00:00,3.36355E+15,7.9101,3.36355E+15
2025-08-01 01:00:00,1.64429E+14,7.6704,1.64429E+14
2025-08-01 02:00:00,3935194228,7.5624,3935194236
2025-08-01 03:00:00,3.99E+16,7.557,3.99E+16
2025-08-01 04:00:00,3.97E+16,7.5547,3.97E+16
2025-08-01 05:00:00,3.95E+16,17.7416,3.95E+16
2025-08-01 06:00:00,1.45326E+15,73.405,1.45326E+15
2025-08-01 07:00:00,4.31869E+14,117.41,4.31869E+14
2025-08-01 08:00:00,3.97E+16,44.004,3.97E+16
2025-08-01 09:00:00,3.53E+16,77.01,3.53E+16
2025-08-01 10:00:00,3.82E+16,33.011,3.82E+16
2025-08-01 11:00:00,3.99E+16,10.236,3.99E+16
2025-08-01 12:00:00,1.0712E+15,0,1.0712E+15
2025-08-01 13:00:00,5.84692E+14,0,5.84692E+14
2025-08-01 14:00:00,5.46487E+15,0,5.46487E+15
2025-08-01 15:00:00,2.98149E+15,0,2.98149E+15
2025-08-01 16:00:00,3.55458E+15,0,3.55458E+15
2025-08-01 17:00:00,2.98149E+15,0,2.98149E+15
2025-08-01 18:00:00,5.65589E+15,54.958,5.65589E+15
2025-08-01 19:00:00,5.08281E+15,73.383,5.08281E+15
2025-08-01 20:00:00,5.27384E+15,73.402,5.27384E+15
2025-08-01 21:00:00,5.27384E+15,73.403,5.27384E+15
2025-08-01 22:00:00,5.08281E+15,25.936,5.08281E+15
2025-08-01 23:00:00,5.46487E+15,0,5.46487E+15
2025-08-02 00:00:00,3.36355E+15,0,3.36355E+15
2025-08-02 01:00:00,2.98149E+15,0,2.98149E+15
2025-08-02 02:00:00,3916091344,0,3916091344
2025-08-02 03:00:00,1.16058E+14,0,1.16058E+14
2025-08-02 04:00:00,3916091344,0,3916091344
2025-08-02 05:00:00,2.59943E+14,18.5108,2.59943E+14
2025-08-02 06:00:00,4.98115E+14,73.406,4.98115E+14
2025-08-02 07:00:00,6.91812E+15,36.627,6.91812E+15
2025-08-02 08:00:00,3.66098E+15,0,3.66098E+15
2025-08-02 09:00:00,2.08027E+15,54.983,2.08027E+15
2025-08-02 10:00:00,9.11602E+13,55.011,9.11602E+13
2025-08-02 11:00:00,1.37663E+13,32.237,1.37663E+13
2025-08-02 12:00:00,3.28786E+15,22.002,3.28786E+15
2025-08-02 13:00:00,2.00687E+14,22.003,2.00687E+14
2025-08-02 14:00:00,1.29294E+15,0,1.29294E+15
2025-08-02 15:00:00,2.85938E+15,0,2.85938E+15
2025-08-02 16:00:00,2.66835E+15,0,2.66835E+15
2025-08-02 17:00:00,1.96493E+15,0,1.96493E+15
2025-08-02 18:00:00,8.03041E+14,0,8.03041E+14
2025-08-02 19:00:00,3.04E+16,25.2887,3.04E+16
2025-08-02 20:00:00,3.60E+16,73.401,3.60E+16
2025-08-02 21:00:00,2.06E+16,73.402,2.06E+16
2025-08-02 22:00:00,1.38701E+15,33.841,1.38701E+15
2025-08-02 23:00:00,1.02E+16,8.6634,1.02E+16
2025-08-03 00:00:00,9.47647E+15,7.6563,9.47647E+15
2025-08-03 01:00:00,2.98149E+15,7.5859,2.98149E+15
2025-08-03 02:00:00,3916091344,7.5674,3916091352
2025-08-03 03:00:00,1.16058E+14,7.5606,1.16058E+14
2025-08-03 04:00:00,3916091344,7.5582,3916091352
2025-08-03 05:00:00,2.59943E+14,17.3041,2.59943E+14
2025-08-03 06:00:00,4.98115E+14,73.405,4.98115E+14
2025-08-03 07:00:00,6.91812E+15,117.41,6.91812E+15
2025-08-03 08:00:00,3.66098E+15,44.004,3.66098E+15
2025-08-03 09:00:00,2.08027E+15,77.01,2.08027E+15
2025-08-03 10:00:00,9.11602E+13,33.011,9.11602E+13
2025-08-03 11:00:00,1.37663E+13,10.236,1.37663E+13
2025-08-03 12:00:00,3.28786E+15,0,3.28786E+15
2025-08-03 13:00:00,2.00687E+14,0,2.00687E+14
2025-08-03 14:00:00,1.29294E+15,0,1.29294E+15
2025-08-03 15:00:00,2.85938E+15,0,2.85938E+15
2025-08-03 16:00:00,2.66835E+15,0,2.66835E+15
2025-08-03 17:00:00,1.96493E+15,0,1.96493E+15
2025-08-03 18:00:00,8.03041E+14,0,8.03041E+14
2025-08-03 19:00:00,3.04E+16,60.475,3.04E+16
2025-08-03 20:00:00,3.60E+16,73.401,3.60E+16
2025-08-03 21:00:00,2.06E+16,73.402,2.06E+16
2025-08-03 22:00:00,1.38701E+15,69.363,1.38701E+15
2025-08-03 23:00:00,1.02E+16,0,1.02E+16
2025-08-04 00:00:00,9.47647E+15,0,9.47647E+15
2025-08-04 01:00:00,2.98149E+15,0,2.98149E+15
2025-08-04 02:00:00,3916091344,0,3916091344
2025-08-04 03:00:00,1.16058E+14,0,1.16058E+14
2025-08-04 04:00:00,3916091344,0,3916091344
2025-08-04 05:00:00,2.59943E+14,7.2799,2.59943E+14
2025-08-04 06:00:00,4.98115E+14,73.405,4.98115E+14
2025-08-04 07:00:00,6.91812E+15,73.407,6.91812E+15
2025-08-04 08:00:00,3.66098E+15,7.4908,3.66098E+15
2025-08-04 09:00:00,2.08027E+15,0,2.08027E+15
2025-08-04 10:00:00,9.11602E+13,0,9.11602E+13
2025-08-04 11:00:00,1.37663E+13,0,1.37663E+13
2025-08-04 12:00:00,3.28786E+15,0,3.28786E+15
2025-08-04 13:00:00,2.00687E+14,0,2.00687E+14
2025-08-04 14:00:00,1.29294E+15,0,1.29294E+15
2025-08-04 15:00:00,2.85938E+15,0,2.85938E+15
2025-08-04 16:00:00,2.66835E+15,0,2.66835E+15
2025-08-04 17:00:00,1.96493E+15,0,1.96493E+15
2025-08-04 18:00:00,8.03041E+14,0,8.03041E+14
2025-08-04 19:00:00,3.04E+16,0,3.04E+16
2025-08-04 20:00:00,3.60E+16,0,3.60E+16
2025-08-04 21:00:00,2.06E+16,0,2.06E+16
2025-08-04 22:00:00,1.38701E+15,0,1.38701E+15
2025-08-04 23:00:00,1.02E+16,0,1.02E+16
2025-08-05 00:00:00,9.47647E+15,0,9.47647E+15
2025-08-05 01:00:00,2.98149E+15,0,2.98149E+15
2025-08-05 02:00:00,3916091344,0,3916091344
2025-08-05 03:00:00,1.16058E+14,0,1.16058E+14
2025-08-05 04:00:00,3916091344,0,3916091344
2025-08-05 05:00:00,2.59943E+14,0,2.59943E+14
2025-08-05 06:00:00,4.98115E+14,0,4.98115E+14
2025-08-05 07:00:00,6.91812E+15,0,6.91812E+15
2025-08-05 08:00:00,3.66098E+15,0,3.66098E+15
2025-08-05 09:00:00,2.08027E+15,0,2.08027E+15
2025-08-05 10:00:00,9.11602E+13,0,9.11602E+13
2025-08-05 11:00:00,1.37663E+13,0,1.37663E+13
2025-08-05 12:00:00,3.28786E+15,0,3.28786E+15
2025-08-05 13:00:00,2.00687E+14,0,2.00687E+14
2025-08-05 14:00:00,1.29294E+15,0,1.29294E+15
2025-08-05 15:00:00,2.85938E+15,0,2.85938E+15
2025-08-05 16:00:00,2.66835E+15,0,2.66835E+15
2025-08-05 17:00:00,1.96493E+15,0,1.96493E+15
2025-08-05 18:00:00,8.03041E+14,0,8.03041E+14
2025-08-05 19:00:00,3.04E+16,0,3.04E+16
2025-08-05 20:00:00,3.60E+16,0,3.60E+16
2025-08-05 21:00:00,2.06E+16,0,2.06E+16
2025-08-05 22:00:00,1.38701E+15,0,1.38701E+15
2025-08-05 23:00:00,1.02E+16,0,1.02E+16
2025-08-06 00:00:00,9.47647E+15,0,9.47647E+15
2025-08-06 01:00:00,2.98149E+15,0,2.98149E+15
2025-08-06 02:00:00,3916091344,0,3916091344
2025-08-06 03:00:00,1.16058E+14,0,1.16058E+14
2025-08-06 04:00:00,3916091344,0,3916091344
2025-08-06 05:00:00,2.59943E+14,0,2.59943E+14
2025-08-06 06:00:00,4.98115E+14,0,4.98115E+14
2025-08-06 07:00:00,6.91812E+15,0,6.91812E+15
2025-08-06 08:00:00,3.66098E+15,0,3.66098E+15
2025-08-06 09:00:00,2.08027E+15,33.005,2.08027E+15
2025-08-06 10:00:00,9.11602E+13,33.011,9.11602E+13
2025-08-06 11:00:00,1.37663E+13,10.236,1.37663E+13
2025-08-06 12:00:00,3.28786E+15,0,3.28786E+15
2025-08-06 13:00:00,2.00687E+14,0,2.00687E+14
2025-08-06 14:00:00,1.29294E+15,0,1.29294E+15
2025-08-06 15:00:00,2.85938E+15,0,2.85938E+15
2025-08-06 16:00:00,2.66835E+15,0,2.66835E+15
2025-08-06 17:00:00,1.96493E+15,0,1.96493E+15
2025-08-06 18:00:00,8.03041E+14,0,8.03041E+14
2025-08-06 19:00:00,3.04E+16,60.469,3.04E+16
2025-08-06 20:00:00,3.60E+16,73.401,3.60E+16
2025-08-06 21:00:00,2.06E+16,73.402,2.06E+16
2025-08-06 22:00:00,1.38701E+15,67.034,1.38701E+15
2025-08-06 23:00:00,1.02E+16,0,1.02E+16
2025-08-07 00:00:00,9.47647E+15,0,9.47647E+15
2025-08-07 01:00:00,2.98149E+15,0,2.98149E+15
2025-08-07 02:00:00,3935194228,0,3935194228
2025-08-07 03:00:00,3.99E+16,0,3.99E+16
2025-08-07 04:00:00,3.97E+16,0,3.97E+16
2025-08-07 05:00:00,3.95E+16,0,3.95E+16
2025-08-07 06:00:00,1.26223E+15,41.03478,1.26223E+15
2025-08-07 07:00:00,5.46487E+15,117.10535,5.46487E+15
2025-08-07 08:00:00,8.3303E+14,44.003,8.3303E+14
2025-08-07 09:00:00,1.64E+16,98.988,1.64E+16
2025-08-07 10:00:00,3.64E+16,74.499,3.64E+16
2025-08-07 11:00:00,1.21E+16,32.237,1.21E+16
2025-08-07 12:00:00,1.21E+16,22.002,1.21E+16
2025-08-07 13:00:00,3.62E+16,22.002,3.62E+16
2025-08-07 14:00:00,1.83E+16,8.2165,1.83E+16
2025-08-07 15:00:00,1.23E+16,0,1.23E+16
2025-08-07 16:00:00,8.52133E+15,0,8.52133E+15
2025-08-07 17:00:00,7.18412E+15,0,7.18412E+15
2025-08-07 18:00:00,48917788,42.294,48917830.29
2025-08-07 19:00:00,5.08281E+15,60.519,5.08281E+15
2025-08-07 20:00:00,5.65589E+15,73.402,5.65589E+15
2025-08-07 21:00:00,2.59943E+14,73.403,2.59943E+14
2025-08-07 22:00:00,5.65589E+15,68.487,5.65589E+15
2025-08-07 23:00:00,5.46487E+15,0,5.46487E+15
2025-08-08 00:00:00,3.36355E+15,0,3.36355E+15
2025-08-08 01:00:00,1.64429E+14,0,1.64429E+14
2025-08-08 02:00:00,3935194228,0,3935194228
2025-08-08 03:00:00,3.99E+16,0,3.99E+16
2025-08-08 04:00:00,3.97E+16,0,3.97E+16
2025-08-08 05:00:00,3.95E+16,6.8973,3.95E+16
2025-08-08 06:00:00,1.45326E+15,73.406,1.45326E+15
2025-08-08 07:00:00,4.31869E+14,52.071,4.31869E+14
2025-08-08 08:00:00,3.97E+16,0,3.97E+16
2025-08-08 09:00:00,3.53E+16,33.005,3.53E+16
2025-08-08 10:00:00,3.82E+16,33.011,3.82E+16
2025-08-08 11:00:00,3.99E+16,10.236,3.99E+16
2025-08-08 12:00:00,1.0712E+15,0,1.0712E+15
2025-08-08 13:00:00,5.84692E+14,0,5.84692E+14
2025-08-08 14:00:00,5.46487E+15,0,5.46487E+15
2025-08-08 15:00:00,2.98149E+15,0,2.98149E+15
2025-08-08 16:00:00,3.55458E+15,0,3.55458E+15
2025-08-08 17:00:00,2.98149E+15,0,2.98149E+15
2025-08-08 18:00:00,5.65589E+15,0,5.65589E+15
2025-08-08 19:00:00,5.08281E+15,25.2819,5.08281E+15
2025-08-08 20:00:00,5.27384E+15,73.401,5.27384E+15
2025-08-08 21:00:00,5.27384E+15,73.402,5.27384E+15
2025-08-08 22:00:00,5.08281E+15,32.881,5.08281E+15
2025-08-08 23:00:00,5.46487E+15,8.3857,5.46487E+15
2025-08-09 00:00:00,3.36355E+15,7.8056,3.36355E+15
2025-08-09 01:00:00,2.98149E+15,7.5684,2.98149E+15
2025-08-09 02:00:00,3916091344,7.5551,3916091352
2025-08-09 03:00:00,1.16058E+14,8.0633,1.16058E+14
2025-08-09 04:00:00,3916091344,8.063,3916091352
2025-08-09 05:00:00,2.59943E+14,8.0627,2.59943E+14
2025-08-09 06:00:00,4.98115E+14,73.405,4.98115E+14
2025-08-09 07:00:00,6.91812E+15,117.41,6.91812E+15
2025-08-09 08:00:00,3.66098E+15,44.004,3.66098E+15
2025-08-09 09:00:00,2.08027E+15,99.011,2.08027E+15
2025-08-09 10:00:00,9.11602E+13,55.011,9.11602E+13
2025-08-09 11:00:00,1.37663E+13,32.237,1.37663E+13
2025-08-09 12:00:00,3.28786E+15,22.002,3.28786E+15
2025-08-09 13:00:00,2.00687E+14,22.003,2.00687E+14
2025-08-09 14:00:00,1.29294E+15,0,1.29294E+15
2025-08-09 15:00:00,2.85938E+15,0,2.85938E+15
2025-08-09 16:00:00,2.66835E+15,0,2.66835E+15
2025-08-09 17:00:00,1.96493E+15,0,1.96493E+15
2025-08-09 18:00:00,8.03041E+14,42.893,8.03041E+14
2025-08-09 19:00:00,3.04E+16,73.4008,3.04E+16
2025-08-09 20:00:00,3.60E+16,73.402,3.60E+16
2025-08-09 21:00:00,2.06E+16,65.705,2.06E+16
2025-08-09 22:00:00,1.38701E+15,0,1.38701E+15
2025-08-09 23:00:00,1.02E+16,7.242,1.02E+16
2025-08-10 00:00:00,9.47647E+15,7.2417,9.47647E+15
2025-08-10 01:00:00,2.98149E+15,7.2415,2.98149E+15
2025-08-10 02:00:00,3916091344,7.2413,3916091351
2025-08-10 03:00:00,1.16058E+14,7.241,1.16058E+14
2025-08-10 04:00:00,3916091344,0,3916091344
2025-08-10 05:00:00,2.59943E+14,0,2.59943E+14
2025-08-10 06:00:00,4.98115E+14,68.68234,4.98115E+14
2025-08-10 07:00:00,6.91812E+15,18.402,6.91812E+15
2025-08-10 08:00:00,3.66098E+15,0,3.66098E+15
2025-08-10 09:00:00,2.08027E+15,33.005,2.08027E+15
2025-08-10 10:00:00,9.11602E+13,33.011,9.11602E+13
2025-08-10 11:00:00,1.37663E+13,10.236,1.37663E+13
2025-08-10 12:00:00,3.28786E+15,0,3.28786E+15
2025-08-10 13:00:00,2.00687E+14,0,2.00687E+14
2025-08-10 14:00:00,1.29294E+15,0,1.29294E+15
2025-08-10 15:00:00,2.85938E+15,0,2.85938E+15
2025-08-10 16:00:00,2.66835E+15,0,2.66835E+15
2025-08-10 17:00:00,1.96493E+15,0,1.96493E+15
2025-08-10 18:00:00,8.03041E+14,0,8.03041E+14
2025-08-10 19:00:00,3.04E+16,73.35538,3.04E+16
2025-08-10 20:00:00,3.60E+16,73.401,3.60E+16
2025-08-10 21:00:00,2.06E+16,55.741,2.06E+16
2025-08-10 22:00:00,1.38701E+15,0,1.38701E+15
2025-08-10 23:00:00,1.02E+16,0,1.02E+16
2025-08-11 00:00:00,9.47647E+15,0,9.47647E+15
2025-08-11 01:00:00,2.98149E+15,0,2.98149E+15
2025-08-11 02:00:00,3916091344,0,3916091344
2025-08-11 03:00:00,1.16058E+14,0,1.16058E+14
2025-08-11 04:00:00,3916091344,0,3916091344
2025-08-11 05:00:00,2.59943E+14,0,2.59943E+14
2025-08-11 06:00:00,4.98115E+14,73.403,4.98115E+14
2025-08-11 07:00:00,6.91812E+15,73.405,6.91812E+15
2025-08-11 08:00:00,3.66098E+15,73.406,3.66098E+15
2025-08-11 09:00:00,2.08027E+15,0,2.08027E+15
2025-08-11 10:00:00,9.11602E+13,0,9.11602E+13
2025-08-11 11:00:00,1.37663E+13,0,1.37663E+13
2025-08-11 12:00:00,3.28786E+15,0,3.28786E+15
2025-08-11 13:00:00,2.00687E+14,0,2.00687E+14
2025-08-11 14:00:00,1.29294E+15,0,1.29294E+15
2025-08-11 15:00:00,2.85938E+15,0,2.85938E+15
2025-08-11 16:00:00,2.66835E+15,0,2.66835E+15
2025-08-11 17:00:00,1.96493E+15,0,1.96493E+15
2025-08-11 18:00:00,8.03041E+14,0,8.03041E+14
2025-08-11 19:00:00,3.04E+16,0,3.04E+16
2025-08-11 20:00:00,3.60E+16,0,3.60E+16
2025-08-11 21:00:00,2.06E+16,0,2.06E+16
2025-08-11 22:00:00,1.38701E+15,0,1.38701E+15
2025-08-11 23:00:00,1.02E+16,0,1.02E+16
2025-08-12 00:00:00,9.47647E+15,0,9.47647E+15
2025-08-12 01:00:00,2.98149E+15,0,2.98149E+15
2025-08-12 02:00:00,3916091344,0,3916091344
2025-08-12 03:00:00,1.16058E+14,0,1.16058E+14
2025-08-12 04:00:00,3916091344,0,3916091344
2025-08-12 05:00:00,2.59943E+14,0,2.59943E+14
2025-08-12 06:00:00,4.98115E+14,0,4.98115E+14
2025-08-12 07:00:00,6.91812E+15,0,6.91812E+15
2025-08-12 08:00:00,3.66098E+15,0,3.66098E+15
2025-08-12 09:00:00,2.08027E+15,0,2.08027E+15
2025-08-12 10:00:00,9.11602E+13,0,9.11602E+13
2025-08-12 11:00:00,1.37663E+13,0,1.37663E+13
2025-08-12 12:00:00,3.28786E+15,0,3.28786E+15
2025-08-12 13:00:00,2.00687E+14,0,2.00687E+14
2025-08-12 14:00:00,1.29294E+15,0,1.29294E+15
2025-08-12 15:00:00,2.85938E+15,0,2.85938E+15
2025-08-12 16:00:00,2.66835E+15,0,2.66835E+15
2025-08-12 17:00:00,1.96493E+15,0,1.96493E+15
2025-08-12 18:00:00,8.03041E+14,0,8.03041E+14
2025-08-12 19:00:00,3.04E+16,0,3.04E+16
2025-08-12 20:00:00,3.60E+16,0,3.60E+16
2025-08-12 21:00:00,2.06E+16,0,2.06E+16
2025-08-12 22:00:00,1.38701E+15,0,1.38701E+15
2025-08-12 23:00:00,1.02E+16,0,1.02E+16
2025-08-13 00:00:00,9.47647E+15,0,9.47647E+15
2025-08-13 01:00:00,2.98149E+15,0,2.98149E+15
2025-08-13 02:00:00,3916091344,0,3916091344
2025-08-13 03:00:00,1.16058E+14,0,1.16058E+14
2025-08-13 04:00:00,3916091344,0,3916091344
2025-08-13 05:00:00,2.59943E+14,0,2.59943E+14
2025-08-13 06:00:00,4.98115E+14,0,4.98115E+14
2025-08-13 07:00:00,6.91812E+15,16.547,6.91812E+15
2025-08-13 08:00:00,3.66098E+15,44.003,3.66098E+15
2025-08-13 09:00:00,2.08027E+15,77.009,2.08027E+15
2025-08-13 10:00:00,9.11602E+13,75.186,9.11602E+13
2025-08-13 11:00:00,1.37663E+13,10.236,1.37663E+13
2025-08-13 12:00:00,3.28786E+15,0,3.28786E+15
2025-08-13 13:00:00,2.00687E+14,0,2.00687E+14
2025-08-13 14:00:00,1.29294E+15,0,1.29294E+15
2025-08-13 15:00:00,2.85938E+15,0,2.85938E+15
2025-08-13 16:00:00,2.66835E+15,0,2.66835E+15
2025-08-13 17:00:00,1.96493E+15,0,1.96493E+15
2025-08-13 18:00:00,8.03041E+14,0,8.03041E+14
2025-08-13 19:00:00,3.04E+16,25.2812,3.04E+16
2025-08-13 20:00:00,3.60E+16,73.366,3.60E+16
2025-08-13 21:00:00,2.06E+16,73.402,2.06E+16
2025-08-13 22:00:00,1.38701E+15,37.084,1.38701E+15
2025-08-13 23:00:00,1.02E+16,9.5929,1.02E+16
2025-08-14 00:00:00,9.47647E+15,7.8165,9.47647E+15
2025-08-14 01:00:00,2.98149E+15,7.6672,2.98149E+15
2025-08-14 02:00:00,3935194228,7.5631,3935194236
2025-08-14 03:00:00,3.99E+16,7.5577,3.99E+16
2025-08-14 04:00:00,3.97E+16,7.5554,3.97E+16
2025-08-14 05:00:00,3.95E+16,7.55524,3.95E+16
2025-08-14 06:00:00,1.26223E+15,17.6367,1.26223E+15
2025-08-14 07:00:00,5.46487E+15,61.186,5.46487E+15
2025-08-14 08:00:00,8.3303E+14,0,8.3303E+14
2025-08-14 09:00:00,1.64E+16,55.005,1.64E+16
2025-08-14 10:00:00,3.64E+16,55.011,3.64E+16
2025-08-14 11:00:00,1.21E+16,32.237,1.21E+16
2025-08-14 12:00:00,1.21E+16,22.002,1.21E+16
2025-08-14 13:00:00,3.62E+16,22.003,3.62E+16
2025-08-14 14:00:00,1.83E+16,0,1.83E+16
2025-08-14 15:00:00,1.23E+16,0,1.23E+16
2025-08-14 16:00:00,8.52133E+15,0,8.52133E+15
2025-08-14 17:00:00,7.18412E+15,0,7.18412E+15
2025-08-14 18:00:00,48917788,43.66,48917831.66
2025-08-14 19:00:00,5.08281E+15,73.3609,5.08281E+15
2025-08-14 20:00:00,5.65589E+15,73.348,5.65589E+15
2025-08-14 21:00:00,2.59943E+14,44.729,2.59943E+14
2025-08-14 22:00:00,5.65589E+15,11.735,5.65589E+15
2025-08-14 23:00:00,5.46487E+15,8.491,5.46487E+15
2025-08-15 00:00:00,3.36355E+15,7.9331,3.36355E+15
2025-08-15 01:00:00,1.64429E+14,7.6928,1.64429E+14
2025-08-15 02:00:00,3935194228,7.5846,3935194236
2025-08-15 03:00:00,3.99E+16,7.5643,3.99E+16
2025-08-15 04:00:00,3.97E+16,7.5574,3.97E+16
2025-08-15 05:00:00,3.95E+16,7.5564,3.95E+16
2025-08-15 06:00:00,1.45326E+15,61.21585,1.45326E+15
2025-08-15 07:00:00,4.31869E+14,117.41,4.31869E+14
2025-08-15 08:00:00,3.97E+16,44.004,3.97E+16
2025-08-15 09:00:00,3.53E+16,77.01,3.53E+16
2025-08-15 10:00:00,3.82E+16,33.011,3.82E+16
2025-08-15 11:00:00,3.99E+16,10.236,3.99E+16
2025-08-15 12:00:00,1.0712E+15,0,1.0712E+15
2025-08-15 13:00:00,5.84692E+14,0,5.84692E+14
2025-08-15 14:00:00,5.46487E+15,0,5.46487E+15
2025-08-15 15:00:00,2.98149E+15,0,2.98149E+15
2025-08-15 16:00:00,3.55458E+15,0,3.55458E+15
2025-08-15 17:00:00,2.98149E+15,0,2.98149E+15
2025-08-15 18:00:00,5.65589E+15,29.699,5.65589E+15
2025-08-15 19:00:00,5.08281E+15,73.3583,5.08281E+15
2025-08-15 20:00:00,5.27384E+15,73.401,5.27384E+15
2025-08-15 21:00:00,5.27384E+15,59.978,5.27384E+15
2025-08-15 22:00:00,5.08281E+15,0,5.08281E+15
2025-08-15 23:00:00,5.46487E+15,0,5.46487E+15
2025-08-16 00:00:00,3.36355E+15,0,3.36355E+15
2025-08-16 01:00:00,2.98149E+15,0,2.98149E+15
2025-08-16 02:00:00,3916091344,0,3916091344
2025-08-16 03:00:00,1.16058E+14,0,1.16058E+14
2025-08-16 04:00:00,3916091344,0,3916091344
2025-08-16 05:00:00,2.59943E+14,0,2.59943E+14
2025-08-16 06:00:00,4.98115E+14,43.44846,4.98115E+14
2025-08-16 07:00:00,6.91812E+15,73.404,6.91812E+15
2025-08-16 08:00:00,3.66098E+15,0,3.66098E+15
2025-08-16 09:00:00,2.08027E+15,55.005,2.08027E+15
2025-08-16 10:00:00,9.11602E+13,55.011,9.11602E+13
2025-08-16 11:00:00,1.37663E+13,32.237,1.37663E+13
2025-08-16 12:00:00,3.28786E+15,22.002,3.28786E+15
2025-08-16 13:00:00,2.00687E+14,22.003,2.00687E+14
2025-08-16 14:00:00,1.29294E+15,0,1.29294E+15
2025-08-16 15:00:00,2.85938E+15,0,2.85938E+15
2025-08-16 16:00:00,2.66835E+15,0,2.66835E+15
2025-08-16 17:00:00,1.96493E+15,0,1.96493E+15
2025-08-16 18:00:00,8.03041E+14,55.008,8.03041E+14
2025-08-16 19:00:00,3.04E+16,25.2902,3.04E+16
2025-08-16 20:00:00,3.60E+16,73.373,3.60E+16
2025-08-16 21:00:00,2.06E+16,73.348,2.06E+16
2025-08-16 22:00:00,1.38701E+15,36.757,1.38701E+15
2025-08-16 23:00:00,1.02E+16,9.4958,1.02E+16
2025-08-17 00:00:00,9.47647E+15,7.7306,9.47647E+15
2025-08-17 01:00:00,2.98149E+15,7.5823,2.98149E+15
2025-08-17 02:00:00,3916091344,7.562,3916091352
2025-08-17 03:00:00,1.16058E+14,7.5593,1.16058E+14
2025-08-17 04:00:00,3916091344,7.557,3916091352
2025-08-17 05:00:00,2.59943E+14,7.5562,2.59943E+14
2025-08-17 06:00:00,4.98115E+14,73.404,4.98115E+14
2025-08-17 07:00:00,6.91812E+15,117.41,6.91812E+15
2025-08-17 08:00:00,3.66098E+15,44.004,3.66098E+15
2025-08-17 09:00:00,2.08027E+15,77.01,2.08027E+15
2025-08-17 10:00:00,9.11602E+13,33.011,9.11602E+13
2025-08-17 11:00:00,1.37663E+13,10.236,1.37663E+13
2025-08-17 12:00:00,3.28786E+15,0,3.28786E+15
2025-08-17 13:00:00,2.00687E+14,0,2.00687E+14
2025-08-17 14:00:00,1.29294E+15,0,1.29294E+15
2025-08-17 15:00:00,2.85938E+15,0,2.85938E+15
2025-08-17 16:00:00,2.66835E+15,0,2.66835E+15
2025-08-17 17:00:00,1.96493E+15,0,1.96493E+15
2025-08-17 18:00:00,8.03041E+14,54.088,8.03041E+14
2025-08-17 19:00:00,3.04E+16,25.2995,3.04E+16
2025-08-17 20:00:00,3.60E+16,73.359,3.60E+16
2025-08-17 21:00:00,2.06E+16,73.402,2.06E+16
2025-08-17 22:00:00,1.38701E+15,37.123,1.38701E+15
2025-08-17 23:00:00,1.02E+16,9.6672,1.02E+16
2025-08-18 00:00:00,9.47647E+15,7.8999,9.47647E+15
2025-08-18 01:00:00,2.98149E+15,7.6299,2.98149E+15
2025-08-18 02:00:00,3916091344,7.5797,3916091352
2025-08-18 03:00:00,1.16058E+14,7.5612,1.16058E+14
2025-08-18 04:00:00,3916091344,7.5585,3916091352
2025-08-18 05:00:00,2.59943E+14,7.5562,2.59943E+14
2025-08-18 06:00:00,4.98115E+14,73.405,4.98115E+14
2025-08-18 07:00:00,6.91812E+15,68.016,6.91812E+15
2025-08-18 08:00:00,3.66098E+15,0,3.66098E+15
2025-08-18 09:00:00,2.08027E+15,0,2.08027E+15
2025-08-18 10:00:00,9.11602E+13,0,9.11602E+13
2025-08-18 11:00:00,1.37663E+13,0,1.37663E+13
2025-08-18 12:00:00,3.28786E+15,0,3.28786E+15
2025-08-18 13:00:00,2.00687E+14,0,2.00687E+14
2025-08-18 14:00:00,1.29294E+15,0,1.29294E+15
2025-08-18 15:00:00,2.85938E+15,0,2.85938E+15
2025-08-18 16:00:00,2.66835E+15,0,2.66835E+15
2025-08-18 17:00:00,1.96493E+15,0,1.96493E+15
2025-08-18 18:00:00,8.03041E+14,0,8.03041E+14
2025-08-18 19:00:00,3.04E+16,0,3.04E+16
2025-08-18 20:00:00,3.60E+16,0,3.60E+16
2025-08-18 21:00:00,2.06E+16,0,2.06E+16
2025-08-18 22:00:00,1.38701E+15,0,1.38701E+15
2025-08-18 23:00:00,1.02E+16,0,1.02E+16
2025-08-19 00:00:00,9.47647E+15,0,9.47647E+15
2025-08-19 01:00:00,2.98149E+15,0,2.98149E+15
2025-08-19 02:00:00,3916091344,0,3916091344
2025-08-19 03:00:00,1.16058E+14,0,1.16058E+14
2025-08-19 04:00:00,3916091344,0,3916091344
2025-08-19 05:00:00,2.59943E+14,0,2.59943E+14
2025-08-19 06:00:00,4.98115E+14,0,4.98115E+14
2025-08-19 07:00:00,6.91812E+15,0,6.91812E+15
2025-08-19 08:00:00,3.66098E+15,0,3.66098E+15
2025-08-19 09:00:00,2.08027E+15,0,2.08027E+15
2025-08-19 10:00:00,9.11602E+13,0,9.11602E+13
2025-08-19 11:00:00,1.37663E+13,0,1.37663E+13
2025-08-19 12:00:00,3.28786E+15,0,3.28786E+15
2025-08-19 13:00:00,2.00687E+14,0,2.00687E+14
2025-08-19 14:00:00,1.29294E+15,0,1.29294E+15
2025-08-19 15:00:00,2.85938E+15,0,2.85938E+15
2025-08-19 16:00:00,2.66835E+15,0,2.66835E+15
2025-08-19 17:00:00,1.96493E+15,0,1.96493E+15
2025-08-19 18:00:00,8.03041E+14,0,8.03041E+14
2025-08-19 19:00:00,3.04E+16,0,3.04E+16
2025-08-19 20:00:00,3.60E+16,0,3.60E+16
2025-08-19 21:00:00,2.06E+16,0,2.06E+16
2025-08-19 22:00:00,1.38701E+15,0,1.38701E+15
2025-08-19 23:00:00,1.02E+16,0,1.02E+16
2025-08-20 00:00:00,9.47647E+15,0,9.47647E+15
2025-08-20 01:00:00,2.98149E+15,0,2.98149E+15
2025-08-20 02:00:00,3916091344,0,3916091344
2025-08-20 03:00:00,1.16058E+14,0,1.16058E+14
2025-08-20 04:00:00,3916091344,0,3916091344
2025-08-20 05:00:00,2.59943E+14,0,2.59943E+14
2025-08-20 06:00:00,4.98115E+14,0,4.98115E+14
2025-08-20 07:00:00,6.91812E+15,0,6.91812E+15
2025-08-20 08:00:00,3.66098E+15,0,3.66098E+15
2025-08-20 09:00:00,2.08027E+15,33.005,2.08027E+15
2025-08-20 10:00:00,9.11602E+13,33.011,9.11602E+13
2025-08-20 11:00:00,1.37663E+13,10.236,1.37663E+13
2025-08-20 12:00:00,3.28786E+15,0,3.28786E+15
2025-08-20 13:00:00,2.00687E+14,0,2.00687E+14
2025-08-20 14:00:00,1.29294E+15,0,1.29294E+15
2025-08-20 15:00:00,2.85938E+15,0,2.85938E+15
2025-08-20 16:00:00,2.66835E+15,0,2.66835E+15
2025-08-20 17:00:00,1.96493E+15,0,1.96493E+15
2025-08-20 18:00:00,8.03041E+14,0,8.03041E+14
2025-08-20 19:00:00,3.04E+16,73.3671,3.04E+16
2025-08-20 20:00:00,3.60E+16,73.401,3.60E+16
2025-08-20 21:00:00,2.06E+16,59.48,2.06E+16
2025-08-20 22:00:00,1.38701E+15,0,1.38701E+15
2025-08-20 23:00:00,1.02E+16,0,1.02E+16
2025-08-21 00:00:00,9.47647E+15,0,9.47647E+15
2025-08-21 01:00:00,2.98149E+15,0,2.98149E+15
2025-08-21 02:00:00,3935194228,0,3935194228
2025-08-21 03:00:00,3.99E+16,0,3.99E+16
2025-08-21 04:00:00,3.97E+16,0,3.97E+16
2025-08-21 05:00:00,3.95E+16,0,3.95E+16
2025-08-21 06:00:00,1.26223E+15,28.986,1.26223E+15
2025-08-21 07:00:00,5.46487E+15,102.452,5.46487E+15
2025-08-21 08:00:00,8.3303E+14,44.003,8.3303E+14
2025-08-21 09:00:00,1.64E+16,99.01,1.64E+16
2025-08-21 10:00:00,3.64E+16,86.004,3.64E+16
2025-08-21 11:00:00,1.21E+16,32.237,1.21E+16
2025-08-21 12:00:00,1.21E+16,22.002,1.21E+16
2025-08-21 13:00:00,3.62E+16,22.003,3.62E+16
2025-08-21 14:00:00,1.83E+16,0,1.83E+16
2025-08-21 15:00:00,1.23E+16,0,1.23E+16
2025-08-21 16:00:00,8.52133E+15,0,8.52133E+15
2025-08-21 17:00:00,7.18412E+15,0,7.18412E+15
2025-08-21 18:00:00,48917788,62.831,48917850.83
2025-08-21 19:00:00,5.08281E+15,73.36266,5.08281E+15
2025-08-21 20:00:00,5.65589E+15,73.348,5.65589E+15
2025-08-21 21:00:00,2.59943E+14,56.351,2.59943E+14
2025-08-21 22:00:00,5.65589E+15,0,5.65589E+15
2025-08-21 23:00:00,5.46487E+15,0,5.46487E+15
2025-08-22 00:00:00,3.36355E+15,0,3.36355E+15
2025-08-22 01:00:00,1.64429E+14,0,1.64429E+14
2025-08-22 02:00:00,3935194228,0,3935194228
2025-08-22 03:00:00,3.99E+16,0,3.99E+16
2025-08-22 04:00:00,3.97E+16,0,3.97E+16
2025-08-22 05:00:00,3.95E+16,0,3.95E+16
2025-08-22 06:00:00,1.45326E+15,68.36004,1.45326E+15
2025-08-22 07:00:00,4.31869E+14,73.404,4.31869E+14
2025-08-22 08:00:00,3.97E+16,0,3.97E+16
2025-08-22 09:00:00,3.53E+16,33.005,3.53E+16
2025-08-22 10:00:00,3.82E+16,33.011,3.82E+16
2025-08-22 11:00:00,3.99E+16,10.236,3.99E+16
2025-08-22 12:00:00,1.0712E+15,0,1.0712E+15
2025-08-22 13:00:00,5.84692E+14,0,5.84692E+14
2025-08-22 14:00:00,5.46487E+15,0,5.46487E+15
2025-08-22 15:00:00,2.98149E+15,0,2.98149E+15
2025-08-22 16:00:00,3.55458E+15,0,3.55458E+15
2025-08-22 17:00:00,2.98149E+15,0,2.98149E+15
2025-08-22 18:00:00,5.65589E+15,39.4894,5.65589E+15
2025-08-22 19:00:00,5.08281E+15,73.368,5.08281E+15
2025-08-22 20:00:00,5.27384E+15,73.334,5.27384E+15
2025-08-22 21:00:00,5.27384E+15,10.628,5.27384E+15
2025-08-22 22:00:00,5.08281E+15,8.0149,5.08281E+15
2025-08-22 23:00:00,5.46487E+15,7.7123,5.46487E+15
2025-08-23 00:00:00,3.36355E+15,7.6013,3.36355E+15
2025-08-23 01:00:00,2.98149E+15,7.5808,2.98149E+15
2025-08-23 02:00:00,3916091344,7.5632,3916091352
2025-08-23 03:00:00,1.16058E+14,7.5564,1.16058E+14
2025-08-23 04:00:00,3916091344,7.556,3916091352
2025-08-23 05:00:00,2.59943E+14,7.5559,2.59943E+14
2025-08-23 06:00:00,4.98115E+14,64.4606,4.98115E+14
2025-08-23 07:00:00,6.91812E+15,117.41,6.91812E+15
2025-08-23 08:00:00,3.66098E+15,44.004,3.66098E+15
2025-08-23 09:00:00,2.08027E+15,99.011,2.08027E+15
2025-08-23 10:00:00,9.11602E+13,55.011,9.11602E+13
2025-08-23 11:00:00,1.37663E+13,32.237,1.37663E+13
2025-08-23 12:00:00,3.28786E+15,22.002,3.28786E+15
2025-08-23 13:00:00,2.00687E+14,22.003,2.00687E+14
2025-08-23 14:00:00,1.29294E+15,0,1.29294E+15
2025-08-23 15:00:00,2.85938E+15,0,2.85938E+15
2025-08-23 16:00:00,2.66835E+15,0,2.66835E+15
2025-08-23 17:00:00,1.96493E+15,0,1.96493E+15
2025-08-23 18:00:00,8.03041E+14,51.982,8.03041E+14
2025-08-23 19:00:00,3.04E+16,73.3663,3.04E+16
2025-08-23 20:00:00,3.60E+16,73.332,3.60E+16
2025-08-23 21:00:00,2.06E+16,57.977,2.06E+16
2025-08-23 22:00:00,1.38701E+15,0,1.38701E+15
2025-08-23 23:00:00,1.02E+16,0,1.02E+16
2025-08-24 00:00:00,9.47647E+15,0,9.47647E+15
2025-08-24 01:00:00,2.98149E+15,0,2.98149E+15
2025-08-24 02:00:00,3916091344,0,3916091344
2025-08-24 03:00:00,1.16058E+14,0,1.16058E+14
2025-08-24 04:00:00,3916091344,0,3916091344
2025-08-24 05:00:00,2.59943E+14,0,2.59943E+14
2025-08-24 06:00:00,4.98115E+14,0,4.98115E+14
2025-08-24 07:00:00,6.91812E+15,73.402,6.91812E+15
2025-08-24 08:00:00,3.66098E+15,0,3.66098E+15
2025-08-24 09:00:00,2.08027E+15,33.005,2.08027E+15
2025-08-24 10:00:00,9.11602E+13,33.011,9.11602E+13
2025-08-24 11:00:00,1.37663E+13,10.236,1.37663E+13
2025-08-24 12:00:00,3.28786E+15,0,3.28786E+15
2025-08-24 13:00:00,2.00687E+14,0,2.00687E+14
2025-08-24 14:00:00,1.29294E+15,0,1.29294E+15
2025-08-24 15:00:00,2.85938E+15,0,2.85938E+15
2025-08-24 16:00:00,2.66835E+15,0,2.66835E+15
2025-08-24 17:00:00,1.96493E+15,0,1.96493E+15
2025-08-24 18:00:00,8.03041E+14,73.3944,8.03041E+14
2025-08-24 19:00:00,3.04E+16,73.378,3.04E+16
2025-08-24 20:00:00,3.60E+16,73.349,3.60E+16
2025-08-24 21:00:00,2.06E+16,56.34,2.06E+16
2025-08-24 22:00:00,1.38701E+15,0,1.38701E+15
2025-08-24 23:00:00,1.02E+16,0,1.02E+16
2025-08-25 00:00:00,9.47647E+15,0,9.47647E+15
2025-08-25 01:00:00,2.98149E+15,0,2.98149E+15
2025-08-25 02:00:00,3916091344,0,3916091344
2025-08-25 03:00:00,1.16058E+14,0,1.16058E+14
2025-08-25 04:00:00,3916091344,0,3916091344
2025-08-25 05:00:00,2.59943E+14,0,2.59943E+14
2025-08-25 06:00:00,4.98115E+14,73.402,4.98115E+14
2025-08-25 07:00:00,6.91812E+15,73.403,6.91812E+15
2025-08-25 08:00:00,3.66098E+15,73.405,3.66098E+15
2025-08-25 09:00:00,2.08027E+15,55.004,2.08027E+15
2025-08-25 10:00:00,9.11602E+13,39.344,9.11602E+13
2025-08-25 11:00:00,1.37663E+13,0,1.37663E+13
2025-08-25 12:00:00,3.28786E+15,0,3.28786E+15
2025-08-25 13:00:00,2.00687E+14,0,2.00687E+14
2025-08-25 14:00:00,1.29294E+15,0,1.29294E+15
2025-08-25 15:00:00,2.85938E+15,0,2.85938E+15
2025-08-25 16:00:00,2.66835E+15,0,2.66835E+15
2025-08-25 17:00:00,1.96493E+15,0,1.96493E+15
2025-08-25 18:00:00,8.03041E+14,0,8.03041E+14
2025-08-25 19:00:00,3.04E+16,0,3.04E+16
2025-08-25 20:00:00,3.60E+16,0,3.60E+16
2025-08-25 21:00:00,2.06E+16,0,2.06E+16
2025-08-25 22:00:00,1.38701E+15,0,1.38701E+15
2025-08-25 23:00:00,1.02E+16,0,1.02E+16
2025-08-26 00:00:00,9.47647E+15,0,9.47647E+15
2025-08-26 01:00:00,2.98149E+15,0,2.98149E+15
2025-08-26 02:00:00,3916091344,0,3916091344
2025-08-26 03:00:00,1.16058E+14,0,1.16058E+14
2025-08-26 04:00:00,3916091344,0,3916091344
2025-08-26 05:00:00,2.59943E+14,0,2.59943E+14
2025-08-26 06:00:00,4.98115E+14,0,4.98115E+14
2025-08-26 07:00:00,6.91812E+15,0,6.91812E+15
2025-08-26 08:00:00,3.66098E+15,0,3.66098E+15
2025-08-26 09:00:00,2.08027E+15,0,2.08027E+15
2025-08-26 10:00:00,9.11602E+13,0,9.11602E+13
2025-08-26 11:00:00,1.37663E+13,0,1.37663E+13
2025-08-26 12:00:00,3.28786E+15,0,3.28786E+15
2025-08-26 13:00:00,2.00687E+14,0,2.00687E+14
2025-08-26 14:00:00,1.29294E+15,0,1.29294E+15
2025-08-26 15:00:00,2.85938E+15,0,2.85938E+15
2025-08-26 16:00:00,2.66835E+15,0,2.66835E+15
2025-08-26 17:00:00,1.96493E+15,0,1.96493E+15
2025-08-26 18:00:00,8.03041E+14,0,8.03041E+14
2025-08-26 19:00:00,3.04E+16,0,3.04E+16
2025-08-26 20:00:00,3.60E+16,0,3.60E+16
2025-08-26 21:00:00,2.06E+16,0,2.06E+16
2025-08-26 22:00:00,1.38701E+15,0,1.38701E+15
2025-08-26 23:00:00,1.02E+16,0,1.02E+16
2025-08-27 00:00:00,9.47647E+15,0,9.47647E+15
2025-08-27 01:00:00,2.98149E+15,0,2.98149E+15
2025-08-27 02:00:00,3916091344,0,3916091344
2025-08-27 03:00:00,1.16058E+14,0,1.16058E+14
2025-08-27 04:00:00,3916091344,0,3916091344
2025-08-27 05:00:00,2.59943E+14,0,2.59943E+14
2025-08-27 06:00:00,4.98115E+14,0,4.98115E+14
2025-08-27 07:00:00,6.91812E+15,44.002,6.91812E+15
2025-08-27 08:00:00,3.66098E+15,44.004,3.66098E+15
2025-08-27 09:00:00,2.08027E+15,77.01,2.08027E+15
2025-08-27 10:00:00,9.11602E+13,33.011,9.11602E+13
2025-08-27 11:00:00,1.37663E+13,10.236,1.37663E+13
2025-08-27 12:00:00,3.28786E+15,0,3.28786E+15
2025-08-27 13:00:00,2.00687E+14,0,2.00687E+14
2025-08-27 14:00:00,1.29294E+15,0,1.29294E+15
2025-08-27 15:00:00,2.85938E+15,0,2.85938E+15
2025-08-27 16:00:00,2.66835E+15,0,2.66835E+15
2025-08-27 17:00:00,1.96493E+15,0,1.96493E+15
2025-08-27 18:00:00,8.03041E+14,0,8.03041E+14
2025-08-27 19:00:00,3.04E+16,73.337,3.04E+16
2025-08-27 20:00:00,3.60E+16,73.401,3.60E+16
2025-08-27 21:00:00,2.06E+16,54.128,2.06E+16
2025-08-27 22:00:00,1.38701E+15,0,1.38701E+15
2025-08-27 23:00:00,1.02E+16,0,1.02E+16
2025-08-28 00:00:00,9.47647E+15,0,9.47647E+15
2025-08-28 01:00:00,2.98149E+15,0,2.98149E+15
2025-08-28 02:00:00,3935194228,0,3935194228
2025-08-28 03:00:00,3.99E+16,0,3.99E+16
2025-08-28 04:00:00,3.97E+16,0,3.97E+16
2025-08-28 05:00:00,3.95E+16,0,3.95E+16
2025-08-28 06:00:00,1.26223E+15,0,1.26223E+15
2025-08-28 07:00:00,5.46487E+15,68.7406,5.46487E+15
2025-08-28 08:00:00,8.3303E+14,0,8.3303E+14
2025-08-28 09:00:00,1.64E+16,45.164,1.64E+16
2025-08-28 10:00:00,3.64E+16,55.01,3.64E+16
2025-08-28 11:00:00,1.21E+16,22.001,1.21E+16
2025-08-28 12:00:00,1.21E+16,22.002,1.21E+16
2025-08-28 13:00:00,3.62E+16,22.002,3.62E+16
2025-08-28 14:00:00,1.83E+16,10.845,1.83E+16
2025-08-28 15:00:00,1.23E+16,0,1.23E+16
2025-08-28 16:00:00,8.52133E+15,0,8.52133E+15
2025-08-28 17:00:00,7.18412E+15,0,7.18412E+15
2025-08-28 18:00:00,48917788,72.256,48917860.26
2025-08-28 19:00:00,5.08281E+15,73.36125,5.08281E+15
2025-08-28 20:00:00,5.65589E+15,73.401,5.65589E+15
2025-08-28 21:00:00,2.59943E+14,43.307,2.59943E+14
2025-08-28 22:00:00,5.65589E+15,11.344,5.65589E+15
2025-08-28 23:00:00,5.46487E+15,8.1779,5.46487E+15
2025-08-29 00:00:00,3.36355E+15,7.6349,3.36355E+15
2025-08-29 01:00:00,1.64429E+14,7.5771,1.64429E+14
2025-08-29 02:00:00,3935194228,7.5586,3935194236
2025-08-29 03:00:00,3.99E+16,7.5559,3.99E+16
2025-08-29 04:00:00,3.97E+16,7.5557,3.97E+16
2025-08-29 05:00:00,3.95E+16,7.5556,3.95E+16
2025-08-29 06:00:00,1.45326E+15,60.71377,1.45326E+15
2025-08-29 07:00:00,4.31869E+14,117.41,4.31869E+14
2025-08-29 08:00:00,3.97E+16,44.003,3.97E+16
2025-08-29 09:00:00,3.53E+16,77.008,3.53E+16
2025-08-29 10:00:00,3.82E+16,52.354,3.82E+16
2025-08-29 11:00:00,3.99E+16,24.335,3.99E+16
2025-08-29 12:00:00,1.0712E+15,0,1.0712E+15
2025-08-29 13:00:00,5.84692E+14,0,5.84692E+14
2025-08-29 14:00:00,5.46487E+15,0,5.46487E+15
2025-08-29 15:00:00,2.98149E+15,0,2.98149E+15
2025-08-29 16:00:00,3.55458E+15,0,3.55458E+15
2025-08-29 17:00:00,2.98149E+15,0,2.98149E+15
2025-08-29 18:00:00,5.65589E+15,13.211,5.65589E+15
2025-08-29 19:00:00,5.08281E+15,73.365,5.08281E+15
2025-08-29 20:00:00,5.27384E+15,73.35,5.27384E+15
2025-08-29 21:00:00,5.27384E+15,47.604,5.27384E+15
2025-08-29 22:00:00,5.08281E+15,12.538,5.08281E+15
2025-08-29 23:00:00,5.46487E+15,7.4654,5.46487E+15
2025-08-30 00:00:00,3.36355E+15,7.8726,3.36355E+15
2025-08-30 01:00:00,2.98149E+15,7.8724,2.98149E+15
2025-08-30 02:00:00,3916091344,7.8721,3916091352
2025-08-30 03:00:00,1.16058E+14,7.8719,1.16058E+14
2025-08-30 04:00:00,3916091344,7.8716,3916091352
2025-08-30 05:00:00,2.59943E+14,7.8714,2.59943E+14
2025-08-30 06:00:00,4.98115E+14,15.3768,4.98115E+14
2025-08-30 07:00:00,6.91812E+15,60.96,6.91812E+15
2025-08-30 08:00:00,3.66098E+15,0,3.66098E+15
2025-08-30 09:00:00,2.08027E+15,55.005,2.08027E+15
2025-08-30 10:00:00,9.11602E+13,55.011,9.11602E+13
2025-08-30 11:00:00,1.37663E+13,32.241,1.37663E+13
2025-08-30 12:00:00,3.28786E+15,22.002,3.28786E+15
2025-08-30 13:00:00,2.00687E+14,16.396,2.00687E+14
2025-08-30 14:00:00,1.29294E+15,0,1.29294E+15
2025-08-30 15:00:00,2.85938E+15,0,2.85938E+15
2025-08-30 16:00:00,2.66835E+15,0,2.66835E+15
2025-08-30 17:00:00,1.96493E+15,0,1.96493E+15
2025-08-30 18:00:00,8.03041E+14,52.70186,8.03041E+14
2025-08-30 19:00:00,3.04E+16,73.37,3.04E+16
2025-08-30 20:00:00,3.60E+16,73.338,3.60E+16
2025-08-30 21:00:00,2.06E+16,11.193,2.06E+16
2025-08-30 22:00:00,1.38701E+15,8.3227,1.38701E+15
2025-08-30 23:00:00,1.02E+16,7.7724,1.02E+16
2025-08-31 00:00:00,9.47647E+15,7.6535,9.47647E+15
2025-08-31 01:00:00,2.98149E+15,7.6066,2.98149E+15
2025-08-31 02:00:00,3916091344,7.5623,3916091352
2025-08-31 03:00:00,1.16058E+14,7.5587,1.16058E+14
2025-08-31 04:00:00,3916091344,7.5564,3916091352
2025-08-31 05:00:00,2.59943E+14,24.643,2.59943E+14
2025-08-31 06:00:00,4.98115E+14,66.7953,4.98115E+14
2025-08-31 07:00:00,6.91812E+15,117.41,6.91812E+15
2025-08-31 08:00:00,3.66098E+15,44.004,3.66098E+15
2025-08-31 09:00:00,2.08027E+15,77.01,2.08027E+15
2025-08-31 10:00:00,9.11602E+13,33.011,9.11602E+13
2025-08-31 11:00:00,1.37663E+13,10.236,1.37663E+13
2025-08-31 12:00:00,3.28786E+15,0,3.28786E+15
2025-08-31 13:00:00,2.00687E+14,0,2.00687E+14
2025-08-31 14:00:00,1.29294E+15,0,1.29294E+15
2025-08-31 15:00:00,2.85938E+15,0,2.85938E+15
2025-08-31 16:00:00,2.66835E+15,0,2.66835E+15
2025-08-31 17:00:00,1.96493E+15,0,1.96493E+15
2025-08-31 18:00:00,8.03041E+14,14.867,8.03041E+14
2025-08-31 19:00:00,3.04E+16,73.376,3.04E+16
2025-08-31 20:00:00,3.60E+16,73.346,3.60E+16
2025-08-31 21:00:00,2.06E+16,54.862,2.06E+16
2025-08-31 22:00:00,1.38701E+15,0,1.38701E+15
2025-08-31 23:00:00,1.02E+16,0,1.02E+16
2025-09-01 00:00:00,9.47647E+15,0,9.47647E+15
2025-09-01 01:00:00,2.98149E+15,0,2.98149E+15
2025-09-01 02:00:00,3916091344,0,3916091344
2025-09-01 03:00:00,1.16058E+14,0,1.16058E+14
2025-09-01 04:00:00,3916091344,0,3916091344
2025-09-01 05:00:00,2.59943E+14,0,2.59943E+14
2025-09-01 06:00:00,4.98115E+14,6.899,4.98115E+14
2025-09-01 07:00:00,6.91812E+15,73.402,6.91812E+15
2025-09-01 08:00:00,3.66098E+15,73.403,3.66098E+15
2025-09-01 09:00:00,2.08027E+15,73.405,2.08027E+15
2025-09-01 10:00:00,9.11602E+13,72.413,9.11602E+13
2025-09-01 11:00:00,1.37663E+13,25.258,1.37663E+13
2025-09-01 12:00:00,3.28786E+15,0,3.28786E+15
2025-09-01 13:00:00,2.00687E+14,0,2.00687E+14
2025-09-01 14:00:00,1.29294E+15,0,1.29294E+15
2025-09-01 15:00:00,2.85938E+15,0,2.85938E+15
2025-09-01 16:00:00,2.66835E+15,0,2.66835E+15
2025-09-01 17:00:00,1.96493E+15,0,1.96493E+15
2025-09-01 18:00:00,8.03041E+14,0,8.03041E+14
2025-09-01 19:00:00,3.04E+16,0,3.04E+16
2025-09-01 20:00:00,3.60E+16,0,3.60E+16
2025-09-01 21:00:00,2.06E+16,0,2.06E+16
2025-09-01 22:00:00,1.38701E+15,0,1.38701E+15
2025-09-01 23:00:00,1.02E+16,0,1.02E+16
2025-09-02 00:00:00,9.47647E+15,0,9.47647E+15
2025-09-02 01:00:00,2.98149E+15,0,2.98149E+15
2025-09-02 02:00:00,3916091344,0,3916091344
2025-09-02 03:00:00,1.16058E+14,0,1.16058E+14
2025-09-02 04:00:00,3916091344,0,3916091344
2025-09-02 05:00:00,2.59943E+14,0,2.59943E+14
2025-09-02 06:00:00,4.98115E+14,0,4.98115E+14
2025-09-02 07:00:00,6.91812E+15,0,6.91812E+15
2025-09-02 08:00:00,3.66098E+15,0,3.66098E+15
2025-09-02 09:00:00,2.08027E+15,0,2.08027E+15
2025-09-02 10:00:00,9.11602E+13,0,9.11602E+13
2025-09-02 11:00:00,1.37663E+13,0,1.37663E+13
2025-09-02 12:00:00,3.28786E+15,0,3.28786E+15
2025-09-02 13:00:00,2.00687E+14,0,2.00687E+14
2025-09-02 14:00:00,1.29294E+15,0,1.29294E+15
2025-09-02 15:00:00,2.85938E+15,0,2.85938E+15
2025-09-02 16:00:00,2.66835E+15,0,2.66835E+15
2025-09-02 17:00:00,1.96493E+15,0,1.96493E+15
2025-09-02 18:00:00,8.03041E+14,0,8.03041E+14
2025-09-02 19:00:00,3.04E+16,0,3.04E+16
2025-09-02 20:00:00,3.60E+16,0,3.60E+16
2025-09-02 21:00:00,2.06E+16,0,2.06E+16
2025-09-02 22:00:00,1.38701E+15,0,1.38701E+15
2025-09-02 23:00:00,1.02E+16,0,1.02E+16
2025-09-03 00:00:00,9.47647E+15,0,9.47647E+15
2025-09-03 01:00:00,2.98149E+15,0,2.98149E+15
2025-09-03 02:00:00,3916091344,0,3916091344
2025-09-03 03:00:00,1.16058E+14,0,1.16058E+14
2025-09-03 04:00:00,3916091344,0,3916091344
2025-09-03 05:00:00,2.59943E+14,0,2.59943E+14
2025-09-03 06:00:00,4.98115E+14,0,4.98115E+14
2025-09-03 07:00:00,6.91812E+15,0,6.91812E+15
2025-09-03 08:00:00,3.66098E+15,0,3.66098E+15
2025-09-03 09:00:00,2.08027E+15,33.005,2.08027E+15
2025-09-03 10:00:00,9.11602E+13,32.96,9.11602E+13
2025-09-03 11:00:00,1.37663E+13,10.386,1.37663E+13
2025-09-03 12:00:00,3.28786E+15,0,3.28786E+15
2025-09-03 13:00:00,2.00687E+14,0,2.00687E+14
2025-09-03 14:00:00,1.29294E+15,0,1.29294E+15
2025-09-03 15:00:00,2.85938E+15,0,2.85938E+15
2025-09-03 16:00:00,2.66835E+15,0,2.66835E+15
2025-09-03 17:00:00,1.96493E+15,0,1.96493E+15
2025-09-03 18:00:00,8.03041E+14,0,8.03041E+14
2025-09-03 19:00:00,3.04E+16,73.348,3.04E+16
2025-09-03 20:00:00,3.60E+16,73.402,3.60E+16
2025-09-03 21:00:00,2.06E+16,53.971,2.06E+16
2025-09-03 22:00:00,1.38701E+15,0,1.38701E+15
2025-09-03 23:00:00,1.02E+16,0,1.02E+16
2025-09-04 00:00:00,9.47647E+15,0,9.47647E+15
2025-09-04 01:00:00,2.98149E+15,0,2.98149E+15
2025-09-04 02:00:00,3935194228,0,3935194228
2025-09-04 03:00:00,3.99E+16,0,3.99E+16
2025-09-04 04:00:00,3.97E+16,0,3.97E+16
2025-09-04 05:00:00,3.95E+16,0,3.95E+16
2025-09-04 06:00:00,1.26223E+15,69.69529,1.26223E+15
2025-09-04 07:00:00,5.46487E+15,117.41,5.46487E+15
2025-09-04 08:00:00,8.3303E+14,44.004,8.3303E+14
2025-09-04 09:00:00,1.64E+16,98.988,1.64E+16
2025-09-04 10:00:00,3.64E+16,55.011,3.64E+16
2025-09-04 11:00:00,1.21E+16,32.237,1.21E+16
2025-09-04 12:00:00,1.21E+16,22.002,1.21E+16
2025-09-04 13:00:00,3.62E+16,22.003,3.62E+16
2025-09-04 14:00:00,1.83E+16,0,1.83E+16
2025-09-04 15:00:00,1.23E+16,0,1.23E+16
2025-09-04 16:00:00,8.52133E+15,0,8.52133E+15
2025-09-04 17:00:00,7.18412E+15,0,7.18412E+15
2025-09-04 18:00:00,48917788,15.283,48917803.28
2025-09-04 19:00:00,5.08281E+15,73.354,5.08281E+15
2025-09-04 20:00:00,5.65589E+15,73.401,5.65589E+15
2025-09-04 21:00:00,2.59943E+14,53.613,2.59943E+14
2025-09-04 22:00:00,5.65589E+15,0,5.65589E+15
2025-09-04 23:00:00,5.46487E+15,0,5.46487E+15
2025-09-05 00:00:00,3.36355E+15,0,3.36355E+15
2025-09-05 01:00:00,1.64429E+14,0,1.64429E+14
2025-09-05 02:00:00,3935194228,0,3935194228
2025-09-05 03:00:00,3.99E+16,0,3.99E+16
2025-09-05 04:00:00,3.97E+16,0,3.97E+16
2025-09-05 05:00:00,3.95E+16,0,3.95E+16
2025-09-05 06:00:00,1.45326E+15,68.56435,1.45326E+15
2025-09-05 07:00:00,4.31869E+14,73.404,4.31869E+14
2025-09-05 08:00:00,3.97E+16,0,3.97E+16
2025-09-05 09:00:00,3.53E+16,33.005,3.53E+16
2025-09-05 10:00:00,3.82E+16,33.011,3.82E+16
2025-09-05 11:00:00,3.99E+16,10.236,3.99E+16
2025-09-05 12:00:00,1.0712E+15,0,1.0712E+15
2025-09-05 13:00:00,5.84692E+14,0,5.84692E+14
2025-09-05 14:00:00,5.46487E+15,0,5.46487E+15
2025-09-05 15:00:00,2.98149E+15,0,2.98149E+15
2025-09-05 16:00:00,3.55458E+15,0,3.55458E+15
2025-09-05 17:00:00,2.98149E+15,0,2.98149E+15
2025-09-05 18:00:00,5.65589E+15,17.24,5.65589E+15
2025-09-05 19:00:00,5.08281E+15,73.369,5.08281E+15
2025-09-05 20:00:00,5.27384E+15,73.361,5.27384E+15
2025-09-05 21:00:00,5.27384E+15,53.682,5.27384E+15
2025-09-05 22:00:00,5.08281E+15,0,5.08281E+15
2025-09-05 23:00:00,5.46487E+15,0,5.46487E+15
2025-09-06 00:00:00,3.36355E+15,0,3.36355E+15
2025-09-06 01:00:00,2.98149E+15,0,2.98149E+15
2025-09-06 02:00:00,3916091344,0,3916091344
2025-09-06 03:00:00,1.16058E+14,0,1.16058E+14
2025-09-06 04:00:00,3916091344,0,3916091344
2025-09-06 05:00:00,2.59943E+14,0,2.59943E+14
2025-09-06 06:00:00,4.98115E+14,55.0009,4.98115E+14
2025-09-06 07:00:00,6.91812E+15,89.95,6.91812E+15
2025-09-06 08:00:00,3.66098E+15,32.419,3.66098E+15
2025-09-06 09:00:00,2.08027E+15,84.184,2.08027E+15
2025-09-06 10:00:00,9.11602E+13,86.14795,9.11602E+13
2025-09-06 11:00:00,1.37663E+13,68.993,1.37663E+13
2025-09-06 12:00:00,3.28786E+15,22.001,3.28786E+15
2025-09-06 13:00:00,2.00687E+14,22.002,2.00687E+14
2025-09-06 14:00:00,1.29294E+15,16.287,1.29294E+15
2025-09-06 15:00:00,2.85938E+15,0,2.85938E+15
2025-09-06 16:00:00,2.66835E+15,0,2.66835E+15
2025-09-06 17:00:00,1.96493E+15,0,1.96493E+15
2025-09-06 18:00:00,8.03041E+14,20.1114,8.03041E+14
2025-09-06 19:00:00,3.04E+16,73.383,3.04E+16
2025-09-06 20:00:00,3.60E+16,73.357,3.60E+16
2025-09-06 21:00:00,2.06E+16,44.102,2.06E+16
2025-09-06 22:00:00,1.38701E+15,11.557,1.38701E+15
2025-09-06 23:00:00,1.02E+16,8.3481,1.02E+16
2025-09-07 00:00:00,9.47647E+15,7.7969,9.47647E+15
2025-09-07 01:00:00,2.98149E+15,7.56,2.98149E+15
2025-09-07 02:00:00,3916091344,8.061,3916091352
2025-09-07 03:00:00,1.16058E+14,8.0608,1.16058E+14
2025-09-07 04:00:00,3916091344,8.0605,3916091352
2025-09-07 05:00:00,2.59943E+14,8.0603,2.59943E+14
2025-09-07 06:00:00,4.98115E+14,69.989,4.98115E+14
2025-09-07 07:00:00,6.91812E+15,73.404,6.91812E+15
2025-09-07 08:00:00,3.66098E+15,0,3.66098E+15
2025-09-07 09:00:00,2.08027E+15,33.005,2.08027E+15
2025-09-07 10:00:00,9.11602E+13,33.011,9.11602E+13
2025-09-07 11:00:00,1.37663E+13,10.236,1.37663E+13
2025-09-07 12:00:00,3.28786E+15,0,3.28786E+15
2025-09-07 13:00:00,2.00687E+14,0,2.00687E+14
2025-09-07 14:00:00,1.29294E+15,0,1.29294E+15
2025-09-07 15:00:00,2.85938E+15,0,2.85938E+15
2025-09-07 16:00:00,2.66835E+15,0,2.66835E+15
2025-09-07 17:00:00,1.96493E+15,0,1.96493E+15
2025-09-07 18:00:00,8.03041E+14,52.7009,8.03041E+14
2025-09-07 19:00:00,3.04E+16,73.368,3.04E+16
2025-09-07 20:00:00,3.60E+16,73.354,3.60E+16
2025-09-07 21:00:00,2.06E+16,0,2.06E+16
2025-09-07 22:00:00,1.38701E+15,0,1.38701E+15
2025-09-07 23:00:00,1.02E+16,0,1.02E+16
2025-09-08 00:00:00,9.47647E+15,0,9.47647E+15
2025-09-08 01:00:00,2.98149E+15,0,2.98149E+15
2025-09-08 02:00:00,3916091344,0,3916091344
2025-09-08 03:00:00,1.16058E+14,0,1.16058E+14
2025-09-08 04:00:00,3916091344,0,3916091344
2025-09-08 05:00:00,2.59943E+14,0,2.59943E+14
2025-09-08 06:00:00,4.98115E+14,32.598,4.98115E+14
2025-09-08 07:00:00,6.91812E+15,73.402,6.91812E+15
2025-09-08 08:00:00,3.66098E+15,73.403,3.66098E+15
2025-09-08 09:00:00,2.08027E+15,73.405,2.08027E+15
2025-09-08 10:00:00,9.11602E+13,55.004,9.11602E+13
2025-09-08 11:00:00,1.37663E+13,35.753,1.37663E+13
2025-09-08 12:00:00,3.28786E+15,0,3.28786E+15
2025-09-08 13:00:00,2.00687E+14,0,2.00687E+14
2025-09-08 14:00:00,1.29294E+15,0,1.29294E+15
2025-09-08 15:00:00,2.85938E+15,0,2.85938E+15
2025-09-08 16:00:00,2.66835E+15,0,2.66835E+15
2025-09-08 17:00:00,1.96493E+15,0,1.96493E+15
2025-09-08 18:00:00,8.03041E+14,0,8.03041E+14
2025-09-08 19:00:00,3.04E+16,0,3.04E+16
2025-09-08 20:00:00,3.60E+16,0,3.60E+16
2025-09-08 21:00:00,2.06E+16,0,2.06E+16
2025-09-08 22:00:00,1.38701E+15,0,1.38701E+15
2025-09-08 23:00:00,1.02E+16,0,1.02E+16
2025-09-09 00:00:00,9.47647E+15,0,9.47647E+15
2025-09-09 01:00:00,2.98149E+15,0,2.98149E+15
2025-09-09 02:00:00,3916091344,0,3916091344
2025-09-09 03:00:00,1.16058E+14,0,1.16058E+14
2025-09-09 04:00:00,3916091344,0,3916091344
2025-09-09 05:00:00,2.59943E+14,0,2.59943E+14
2025-09-09 06:00:00,4.98115E+14,0,4.98115E+14
2025-09-09 07:00:00,6.91812E+15,0,6.91812E+15
2025-09-09 08:00:00,3.66098E+15,0,3.66098E+15
2025-09-09 09:00:00,2.08027E+15,0,2.08027E+15
2025-09-09 10:00:00,9.11602E+13,0,9.11602E+13
2025-09-09 11:00:00,1.37663E+13,0,1.37663E+13
2025-09-09 12:00:00,3.28786E+15,0,3.28786E+15
2025-09-09 13:00:00,2.00687E+14,0,2.00687E+14
2025-09-09 14:00:00,1.29294E+15,0,1.29294E+15
2025-09-09 15:00:00,2.85938E+15,0,2.85938E+15
2025-09-09 16:00:00,2.66835E+15,0,2.66835E+15
2025-09-09 17:00:00,1.96493E+15,0,1.96493E+15
2025-09-09 18:00:00,8.03041E+14,0,8.03041E+14
2025-09-09 19:00:00,3.04E+16,0,3.04E+16
2025-09-09 20:00:00,3.60E+16,0,3.60E+16
2025-09-09 21:00:00,2.06E+16,0,2.06E+16
2025-09-09 22:00:00,1.38701E+15,0,1.38701E+15
2025-09-09 23:00:00,1.02E+16,0,1.02E+16
2025-09-10 00:00:00,9.47647E+15,0,9.47647E+15
2025-09-10 01:00:00,2.98149E+15,0,2.98149E+15
2025-09-10 02:00:00,3916091344,0,3916091344
2025-09-10 03:00:00,1.16058E+14,0,1.16058E+14
2025-09-10 04:00:00,3916091344,0,3916091344
2025-09-10 05:00:00,2.59943E+14,0,2.59943E+14
2025-09-10 06:00:00,4.98115E+14,0,4.98115E+14
2025-09-10 07:00:00,6.91812E+15,44.002,6.91812E+15
2025-09-10 08:00:00,3.66098E+15,44.004,3.66098E+15
2025-09-10 09:00:00,2.08027E+15,77.01,2.08027E+15
2025-09-10 10:00:00,9.11602E+13,29.257,9.11602E+13
2025-09-10 11:00:00,1.37663E+13,14.235,1.37663E+13
2025-09-10 12:00:00,3.28786E+15,0,3.28786E+15
2025-09-10 13:00:00,2.00687E+14,0,2.00687E+14
2025-09-10 14:00:00,1.29294E+15,0,1.29294E+15
2025-09-10 15:00:00,2.85938E+15,0,2.85938E+15
2025-09-10 16:00:00,2.66835E+15,0,2.66835E+15
2025-09-10 17:00:00,1.96493E+15,0,1.96493E+15
2025-09-10 18:00:00,8.03041E+14,0,8.03041E+14
2025-09-10 19:00:00,3.04E+16,73.336,3.04E+16
2025-09-10 20:00:00,3.60E+16,73.401,3.60E+16
2025-09-10 21:00:00,2.06E+16,53.726,2.06E+16
2025-09-10 22:00:00,1.38701E+15,0,1.38701E+15
2025-09-10 23:00:00,1.02E+16,0,1.02E+16
2025-09-11 00:00:00,9.47647E+15,0,9.47647E+15
2025-09-11 01:00:00,2.98149E+15,0,2.98149E+15
2025-09-11 02:00:00,3935194228,0,3935194228
2025-09-11 03:00:00,3.99E+16,0,3.99E+16
2025-09-11 04:00:00,3.97E+16,0,3.97E+16
2025-09-11 05:00:00,3.95E+16,0,3.95E+16
2025-09-11 06:00:00,1.26223E+15,16.4453,1.26223E+15
2025-09-11 07:00:00,5.46487E+15,60.831,5.46487E+15
2025-09-11 08:00:00,8.3303E+14,0,8.3303E+14
2025-09-11 09:00:00,1.64E+16,55.005,1.64E+16
2025-09-11 10:00:00,3.64E+16,55.011,3.64E+16
2025-09-11 11:00:00,1.21E+16,32.237,1.21E+16
2025-09-11 12:00:00,1.21E+16,22.002,1.21E+16
2025-09-11 13:00:00,3.62E+16,22.003,3.62E+16
2025-09-11 14:00:00,1.83E+16,0,1.83E+16
2025-09-11 15:00:00,1.23E+16,0,1.23E+16
2025-09-11 16:00:00,8.52133E+15,0,8.52133E+15
2025-09-11 17:00:00,7.18412E+15,0,7.18412E+15
2025-09-11 18:00:00,48917788,45.9763,48917833.98
2025-09-11 19:00:00,5.08281E+15,73.369,5.08281E+15
2025-09-11 20:00:00,5.65589E+15,73.336,5.65589E+15
2025-09-11 21:00:00,2.59943E+14,0,2.59943E+14
2025-09-11 22:00:00,5.65589E+15,0,5.65589E+15
2025-09-11 23:00:00,5.46487E+15,0,5.46487E+15
2025-09-12 00:00:00,3.36355E+15,0,3.36355E+15
2025-09-12 01:00:00,1.64429E+14,0,1.64429E+14
2025-09-12 02:00:00,3935194228,0,3935194228
2025-09-12 03:00:00,3.99E+16,0,3.99E+16
2025-09-12 04:00:00,3.97E+16,0,3.97E+16
2025-09-12 05:00:00,3.95E+16,0,3.95E+16
2025-09-12 06:00:00,1.45326E+15,73.402,1.45326E+15
2025-09-12 07:00:00,4.31869E+14,117.4,4.31869E+14
2025-09-12 08:00:00,3.97E+16,44.004,3.97E+16
2025-09-12 09:00:00,3.53E+16,77.01,3.53E+16
2025-09-12 10:00:00,3.82E+16,33.011,3.82E+16
2025-09-12 11:00:00,3.99E+16,10.236,3.99E+16
2025-09-12 12:00:00,1.0712E+15,0,1.0712E+15
2025-09-12 13:00:00,5.84692E+14,0,5.84692E+14
2025-09-12 14:00:00,5.46487E+15,0,5.46487E+15
2025-09-12 15:00:00,2.98149E+15,0,2.98149E+15
2025-09-12 16:00:00,3.55458E+15,0,3.55458E+15
2025-09-12 17:00:00,2.98149E+15,0,2.98149E+15
2025-09-12 18:00:00,5.65589E+15,52.7044,5.65589E+15
2025-09-12 19:00:00,5.08281E+15,73.382,5.08281E+15
2025-09-12 20:00:00,5.27384E+15,73.355,5.27384E+15
2025-09-12 21:00:00,5.27384E+15,0,5.27384E+15
2025-09-12 22:00:00,5.08281E+15,7.0351,5.08281E+15
2025-09-12 23:00:00,5.46487E+15,7.0349,5.46487E+15
2025-09-13 00:00:00,3.36355E+15,7.0347,3.36355E+15
2025-09-13 01:00:00,2.98149E+15,7.0346,2.98149E+15
2025-09-13 02:00:00,3916091344,7.0344,3916091351
2025-09-13 03:00:00,1.16058E+14,7.0342,1.16058E+14
2025-09-13 04:00:00,3916091344,7.034,3916091351
2025-09-13 05:00:00,2.59943E+14,7.0338,2.59943E+14
2025-09-13 06:00:00,4.98115E+14,73.402,4.98115E+14
2025-09-13 07:00:00,6.91812E+15,73.403,6.91812E+15
2025-09-13 08:00:00,3.66098E+15,0,3.66098E+15
2025-09-13 09:00:00,2.08027E+15,55.005,2.08027E+15
2025-09-13 10:00:00,9.11602E+13,55.011,9.11602E+13
2025-09-13 11:00:00,1.37663E+13,32.237,1.37663E+13
2025-09-13 12:00:00,3.28786E+15,22.002,3.28786E+15
2025-09-13 13:00:00,2.00687E+14,22.003,2.00687E+14
2025-09-13 14:00:00,1.29294E+15,0,1.29294E+15
2025-09-13 15:00:00,2.85938E+15,0,2.85938E+15
2025-09-13 16:00:00,2.66835E+15,0,2.66835E+15
2025-09-13 17:00:00,1.96493E+15,0,1.96493E+15
2025-09-13 18:00:00,8.03041E+14,52.7039,8.03041E+14
2025-09-13 19:00:00,3.04E+16,73.38,3.04E+16
2025-09-13 20:00:00,3.60E+16,73.353,3.60E+16
2025-09-13 21:00:00,2.06E+16,0,2.06E+16
2025-09-13 22:00:00,1.38701E+15,0,1.38701E+15
2025-09-13 23:00:00,1.02E+16,0,1.02E+16
2025-09-14 00:00:00,9.47647E+15,0,9.47647E+15
2025-09-14 01:00:00,2.98149E+15,0,2.98149E+15
2025-09-14 02:00:00,3916091344,0,3916091344
2025-09-14 03:00:00,1.16058E+14,0,1.16058E+14
2025-09-14 04:00:00,3916091344,0,3916091344
2025-09-14 05:00:00,2.59943E+14,72.447,2.59943E+14
2025-09-14 06:00:00,4.98115E+14,73.377,4.98115E+14
2025-09-14 07:00:00,6.91812E+15,117.41,6.91812E+15
2025-09-14 08:00:00,3.66098E+15,44.003,3.66098E+15
2025-09-14 09:00:00,2.08027E+15,77.01,2.08027E+15
2025-09-14 10:00:00,9.11602E+13,52.345,9.11602E+13
2025-09-14 11:00:00,1.37663E+13,10.236,1.37663E+13
2025-09-14 12:00:00,3.28786E+15,0,3.28786E+15
2025-09-14 13:00:00,2.00687E+14,0,2.00687E+14
2025-09-14 14:00:00,1.29294E+15,0,1.29294E+15
2025-09-14 15:00:00,2.85938E+15,0,2.85938E+15
2025-09-14 16:00:00,2.66835E+15,0,2.66835E+15
2025-09-14 17:00:00,1.96493E+15,0,1.96493E+15
2025-09-14 18:00:00,8.03041E+14,52.7022,8.03041E+14
2025-09-14 19:00:00,3.04E+16,73.371,3.04E+16
2025-09-14 20:00:00,3.60E+16,73.359,3.60E+16
2025-09-14 21:00:00,2.06E+16,68.818,2.06E+16
2025-09-14 22:00:00,1.38701E+15,0,1.38701E+15
2025-09-14 23:00:00,1.02E+16,0,1.02E+16
2025-09-15 00:00:00,9.47647E+15,0,9.47647E+15
2025-09-15 01:00:00,3.76E+16,0,3.76E+16
2025-09-15 02:00:00,3591342304,0,3591342304
2025-09-15 03:00:00,3.61E+16,0,3.61E+16
2025-09-15 04:00:00,3.65E+16,0,3.65E+16
2025-09-15 05:00:00,3.55E+16,0,3.55E+16
2025-09-15 06:00:00,1.06E+16,18.6786,1.06E+16
2025-09-15 07:00:00,1.55894E+15,73.403,1.55894E+15
2025-09-15 08:00:00,1.54E+16,73.404,1.54E+16
2025-09-15 09:00:00,5.86853E+13,73.406,5.86853E+13
2025-09-15 10:00:00,2.90241E+15,55.005,2.90241E+15
2025-09-15 11:00:00,3.09344E+14,0,3.09344E+14
2025-09-15 12:00:00,3.32267E+15,0,3.32267E+15
2025-09-15 13:00:00,1.38168E+15,0,1.38168E+15
2025-09-15 14:00:00,1.79372E+15,0,1.79372E+15
2025-09-15 15:00:00,3.03698E+14,0,3.03698E+14
2025-09-15 16:00:00,1.82443E+14,0,1.82443E+14
2025-09-15 17:00:00,2.93579E+15,0,2.93579E+15
2025-09-15 18:00:00,1.38549E+14,0,1.38549E+14
2025-09-15 19:00:00,1.09E+16,0,1.09E+16
2025-09-15 20:00:00,4.62578E+14,0,4.62578E+14
2025-09-15 21:00:00,2.44E+16,0,2.44E+16
2025-09-15 22:00:00,1.20E+16,0,1.20E+16
2025-09-15 23:00:00,4.70075E+15,0,4.70075E+15
2025-09-16 00:00:00,1.83532E+15,0,1.83532E+15
2025-09-16 01:00:00,3.76E+16,0,3.76E+16
2025-09-16 02:00:00,3591342304,0,3591342304
2025-09-16 03:00:00,3.61E+16,0,3.61E+16
2025-09-16 04:00:00,3.65E+16,0,3.65E+16
2025-09-16 05:00:00,3.55E+16,0,3.55E+16
2025-09-16 06:00:00,1.06E+16,0,1.06E+16
2025-09-16 07:00:00,1.55894E+15,0,1.55894E+15
2025-09-16 08:00:00,1.54E+16,0,1.54E+16
2025-09-16 09:00:00,5.86853E+13,0,5.86853E+13
2025-09-16 10:00:00,2.90241E+15,0,2.90241E+15
2025-09-16 11:00:00,3.09344E+14,0,3.09344E+14
2025-09-16 12:00:00,3.32267E+15,0,3.32267E+15
2025-09-16 13:00:00,1.38168E+15,0,1.38168E+15
2025-09-16 14:00:00,1.79372E+15,0,1.79372E+15
2025-09-16 15:00:00,3.03698E+14,0,3.03698E+14
2025-09-16 16:00:00,1.82443E+14,0,1.82443E+14
2025-09-16 17:00:00,2.93579E+15,0,2.93579E+15
2025-09-16 18:00:00,1.38549E+14,0,1.38549E+14
2025-09-16 19:00:00,1.09E+16,0,1.09E+16
2025-09-16 20:00:00,4.62578E+14,0,4.62578E+14
2025-09-16 21:00:00,2.44E+16,0,2.44E+16
2025-09-16 22:00:00,1.20E+16,0,1.20E+16
2025-09-16 23:00:00,4.70075E+15,0,4.70075E+15
2025-09-17 00:00:00,1.83532E+15,0,1.83532E+15
2025-09-17 01:00:00,3.76E+16,0,3.76E+16
2025-09-17 02:00:00,3591342304,0,3591342304
2025-09-17 03:00:00,3.61E+16,0,3.61E+16
2025-09-17 04:00:00,3.65E+16,0,3.65E+16
2025-09-17 05:00:00,3.55E+16,0,3.55E+16
2025-09-17 06:00:00,1.06E+16,0,1.06E+16
2025-09-17 07:00:00,1.55894E+15,0,1.55894E+15
2025-09-17 08:00:00,1.54E+16,0,1.54E+16
2025-09-17 09:00:00,5.86853E+13,33.005,5.86853E+13
2025-09-17 10:00:00,2.90241E+15,33.011,2.90241E+15
2025-09-17 11:00:00,3.09344E+14,10.236,3.09344E+14
2025-09-17 12:00:00,3.32267E+15,0,3.32267E+15
2025-09-17 13:00:00,1.38168E+15,0,1.38168E+15
2025-09-17 14:00:00,1.79372E+15,0,1.79372E+15
2025-09-17 15:00:00,3.03698E+14,0,3.03698E+14
2025-09-17 16:00:00,1.82443E+14,0,1.82443E+14
2025-09-17 17:00:00,2.93579E+15,0,2.93579E+15
2025-09-17 18:00:00,1.38549E+14,0,1.38549E+14
2025-09-17 19:00:00,1.09E+16,73.332,1.09E+16
2025-09-17 20:00:00,4.62578E+14,73.402,4.62578E+14
2025-09-17 21:00:00,2.44E+16,51.404,2.44E+16
2025-09-17 22:00:00,1.20E+16,0,1.20E+16
2025-09-17 23:00:00,4.70075E+15,0,4.70075E+15
2025-09-18 00:00:00,1.83532E+15,0,1.83532E+15
2025-09-18 01:00:00,3.97E+16,0,3.97E+16
2025-09-18 02:00:00,3.82E+16,0,3.82E+16
2025-09-18 03:00:00,3.55E+16,0,3.55E+16
2025-09-18 04:00:00,3.84E+16,0,3.84E+16
2025-09-18 05:00:00,3.76E+16,0,3.76E+16
2025-09-18 06:00:00,3.95E+16,0,3.95E+16
2025-09-18 07:00:00,3.36355E+15,88.795,3.36355E+15
2025-09-18 08:00:00,1.02E+16,44.003,1.02E+16
2025-09-18 09:00:00,978355764,99.01,978355863
2025-09-18 10:00:00,3920199992,55.011,3920200047
2025-09-18 11:00:00,3.88E+16,32.31,3.88E+16
2025-09-18 12:00:00,3920199992,22.002,3920200014
2025-09-18 13:00:00,2.47E+16,22.003,2.47E+16
2025-09-18 14:00:00,3.62E+16,0,3.62E+16
2025-09-18 15:00:00,2.02E+16,0,2.02E+16
2025-09-18 16:00:00,1.62E+16,0,1.62E+16
2025-09-18 17:00:00,1.25E+16,0,1.25E+16
2025-09-18 18:00:00,8.52133E+15,45.97646,8.52133E+15
2025-09-18 19:00:00,6.61104E+14,73.368,6.61104E+14
2025-09-18 20:00:00,7.18412E+15,73.355,7.18412E+15
2025-09-18 21:00:00,6.22898E+15,73.402,6.22898E+15
2025-09-18 22:00:00,1.12E+16,0,1.12E+16
2025-09-18 23:00:00,1.13868E+15,0,1.13868E+15
2025-09-19 00:00:00,4.70075E+15,0,4.70075E+15
2025-09-19 01:00:00,1.83532E+15,0,1.83532E+15
2025-09-19 02:00:00,3.74E+16,0,3.74E+16
2025-09-19 03:00:00,3.76E+16,0,3.76E+16
2025-09-19 04:00:00,4.98115E+14,0,4.98115E+14
2025-09-19 05:00:00,3.76E+16,0,3.76E+16
2025-09-19 06:00:00,3.76E+16,16.001,3.76E+16
2025-09-19 07:00:00,3.07087E+14,73.403,3.07087E+14
2025-09-19 08:00:00,3.78E+16,0,3.78E+16
2025-09-19 09:00:00,3591342304,33.005,3591342337
2025-09-19 10:00:00,3.63E+16,77.014,3.63E+16
2025-09-19 11:00:00,3591342304,54.241,3591342358
2025-09-19 12:00:00,3.78E+16,17.344,3.78E+16
2025-09-19 13:00:00,4.98115E+14,0,4.98115E+14
2025-09-19 14:00:00,3.76E+16,0,3.76E+16
2025-09-19 15:00:00,3.76E+16,0,3.76E+16
2025-09-19 16:00:00,3.07087E+14,0,3.07087E+14
2025-09-19 17:00:00,3.80E+16,0,3.80E+16
2025-09-19 18:00:00,3.53E+16,52.70341,3.53E+16
2025-09-19 19:00:00,3.99E+16,73.377,3.99E+16
2025-09-19 20:00:00,3.93663E+15,73.368,3.93663E+15
2025-09-19 21:00:00,3.55458E+15,10.179,3.55458E+15
2025-09-19 22:00:00,1.64429E+14,7.5085,1.64429E+14
2025-09-19 23:00:00,3935194228,7.9466,3935194236
2025-09-20 00:00:00,1.16058E+14,7.9463,1.16058E+14
2025-09-20 01:00:00,3.76E+16,7.9461,3.76E+16
2025-09-20 02:00:00,3591342304,7.9459,3591342312
2025-09-20 03:00:00,3.61E+16,7.9456,3.61E+16
2025-09-20 04:00:00,3.65E+16,7.9454,3.65E+16
2025-09-20 05:00:00,3.55E+16,7.9452,3.55E+16
2025-09-20 06:00:00,1.06E+16,73.402,1.06E+16
2025-09-20 07:00:00,1.55894E+15,73.403,1.55894E+15
2025-09-20 08:00:00,1.54E+16,0,1.54E+16
2025-09-20 09:00:00,5.86853E+13,55.005,5.86853E+13
2025-09-20 10:00:00,2.90241E+15,55.011,2.90241E+15
2025-09-20 11:00:00,3.09344E+14,32.237,3.09344E+14
2025-09-20 12:00:00,3.32267E+15,22.002,3.32267E+15
2025-09-20 13:00:00,1.38168E+15,22.003,1.38168E+15
2025-09-20 14:00:00,1.79372E+15,0,1.79372E+15
2025-09-20 15:00:00,3.03698E+14,0,3.03698E+14
2025-09-20 16:00:00,1.82443E+14,0,1.82443E+14
2025-09-20 17:00:00,2.93579E+15,0,2.93579E+15
2025-09-20 18:00:00,1.38549E+14,52.70202,1.38549E+14
2025-09-20 19:00:00,1.09E+16,73.373,1.09E+16
2025-09-20 20:00:00,4.62578E+14,73.341,4.62578E+14
2025-09-20 21:00:00,2.44E+16,9.2763,2.44E+16
2025-09-20 22:00:00,1.20E+16,7.7845,1.20E+16
2025-09-20 23:00:00,4.70075E+15,7.6342,4.70075E+15
2025-09-21 00:00:00,1.83532E+15,7.5868,1.83532E+15
2025-09-21 01:00:00,3.76E+16,7.5683,3.76E+16
2025-09-21 02:00:00,3591342304,7.5615,3591342312
2025-09-21 03:00:00,3.61E+16,7.5591,3.61E+16
2025-09-21 04:00:00,3.65E+16,7.5568,3.65E+16
2025-09-21 05:00:00,3.55E+16,8.0644,3.55E+16
2025-09-21 06:00:00,1.06E+16,36.497,1.06E+16
2025-09-21 07:00:00,1.55894E+15,117.41,1.55894E+15
2025-09-21 08:00:00,1.54E+16,44.004,1.54E+16
2025-09-21 09:00:00,5.86853E+13,77.01,5.86853E+13
2025-09-21 10:00:00,2.90241E+15,33.011,2.90241E+15
2025-09-21 11:00:00,3.09344E+14,10.236,3.09344E+14
2025-09-21 12:00:00,3.32267E+15,0,3.32267E+15
2025-09-21 13:00:00,1.38168E+15,0,1.38168E+15
2025-09-21 14:00:00,1.79372E+15,0,1.79372E+15
2025-09-21 15:00:00,3.03698E+14,0,3.03698E+14
2025-09-21 16:00:00,1.82443E+14,0,1.82443E+14
2025-09-21 17:00:00,2.93579E+15,0,2.93579E+15
2025-09-21 18:00:00,1.38549E+14,52.704,1.38549E+14
2025-09-21 19:00:00,1.09E+16,73.379,1.09E+16
2025-09-21 20:00:00,4.62578E+14,73.351,4.62578E+14
2025-09-21 21:00:00,2.44E+16,11.013,2.44E+16
2025-09-21 22:00:00,1.20E+16,8.1826,1.20E+16
2025-09-21 23:00:00,4.70075E+15,7.639,4.70075E+15
2025-09-22 00:00:00,1.83532E+15,7.5809,1.83532E+15
2025-09-22 01:00:00,3.76E+16,7.5624,3.76E+16
2025-09-22 02:00:00,3591342304,7.5597,3591342312
2025-09-22 03:00:00,3.61E+16,7.5574,3.61E+16
2025-09-22 04:00:00,3.65E+16,7.5571,3.65E+16
2025-09-22 05:00:00,3.55E+16,7.557,3.55E+16
2025-09-22 06:00:00,1.06E+16,17.6688,1.06E+16
2025-09-22 07:00:00,1.55894E+15,73.402,1.55894E+15
2025-09-22 08:00:00,1.54E+16,73.403,1.54E+16
2025-09-22 09:00:00,5.86853E+13,73.405,5.86853E+13
2025-09-22 10:00:00,2.90241E+15,73.407,2.90241E+15
2025-09-22 11:00:00,3.09344E+14,9.2319,3.09344E+14
2025-09-22 12:00:00,3.32267E+15,0,3.32267E+15
2025-09-22 13:00:00,1.38168E+15,0,1.38168E+15
2025-09-22 14:00:00,1.79372E+15,0,1.79372E+15
2025-09-22 15:00:00,3.03698E+14,0,3.03698E+14
2025-09-22 16:00:00,1.82443E+14,0,1.82443E+14
2025-09-22 17:00:00,2.93579E+15,0,2.93579E+15
2025-09-22 18:00:00,1.38549E+14,0,1.38549E+14
2025-09-22 19:00:00,1.09E+16,0,1.09E+16
2025-09-22 20:00:00,4.62578E+14,0,4.62578E+14
2025-09-22 21:00:00,2.44E+16,0,2.44E+16
2025-09-22 22:00:00,1.20E+16,0,1.20E+16
2025-09-22 23:00:00,4.70075E+15,0,4.70075E+15
2025-09-23 00:00:00,1.83532E+15,0,1.83532E+15
2025-09-23 01:00:00,3.76E+16,0,3.76E+16
2025-09-23 02:00:00,3591342304,0,3591342304
2025-09-23 03:00:00,3.61E+16,0,3.61E+16
2025-09-23 04:00:00,3.65E+16,0,3.65E+16
2025-09-23 05:00:00,3.55E+16,0,3.55E+16
2025-09-23 06:00:00,1.06E+16,0,1.06E+16
2025-09-23 07:00:00,1.55894E+15,0,1.55894E+15
2025-09-23 08:00:00,1.54E+16,0,1.54E+16
2025-09-23 09:00:00,5.86853E+13,0,5.86853E+13
2025-09-23 10:00:00,2.90241E+15,0,2.90241E+15
2025-09-23 11:00:00,3.09344E+14,0,3.09344E+14
2025-09-23 12:00:00,3.32267E+15,0,3.32267E+15
2025-09-23 13:00:00,1.38168E+15,0,1.38168E+15
2025-09-23 14:00:00,1.79372E+15,0,1.79372E+15
2025-09-23 15:00:00,3.03698E+14,0,3.03698E+14
2025-09-23 16:00:00,1.82443E+14,0,1.82443E+14
2025-09-23 17:00:00,2.93579E+15,0,2.93579E+15
2025-09-23 18:00:00,1.38549E+14,0,1.38549E+14
2025-09-23 19:00:00,1.09E+16,0,1.09E+16
2025-09-23 20:00:00,4.62578E+14,0,4.62578E+14
2025-09-23 21:00:00,2.44E+16,0,2.44E+16
2025-09-23 22:00:00,1.20E+16,0,1.20E+16
2025-09-23 23:00:00,4.70075E+15,0,4.70075E+15
2025-09-24 00:00:00,1.83532E+15,0,1.83532E+15
2025-09-24 01:00:00,3.76E+16,0,3.76E+16
2025-09-24 02:00:00,3591342304,0,3591342304
2025-09-24 03:00:00,3.61E+16,0,3.61E+16
2025-09-24 04:00:00,3.65E+16,0,3.65E+16
2025-09-24 05:00:00,3.55E+16,0,3.55E+16
2025-09-24 06:00:00,1.06E+16,0,1.06E+16
2025-09-24 07:00:00,1.55894E+15,0,1.55894E+15
2025-09-24 08:00:00,1.54E+16,0,1.54E+16
2025-09-24 09:00:00,5.86853E+13,33.005,5.86853E+13
2025-09-24 10:00:00,2.90241E+15,33.011,2.90241E+15
2025-09-24 11:00:00,3.09344E+14,10.236,3.09344E+14
2025-09-24 12:00:00,3.32267E+15,0,3.32267E+15
2025-09-24 13:00:00,1.38168E+15,0,1.38168E+15
2025-09-24 14:00:00,1.79372E+15,0,1.79372E+15
2025-09-24 15:00:00,3.03698E+14,0,3.03698E+14
2025-09-24 16:00:00,1.82443E+14,0,1.82443E+14
2025-09-24 17:00:00,2.93579E+15,0,2.93579E+15
2025-09-24 18:00:00,1.38549E+14,0,1.38549E+14
2025-09-24 19:00:00,1.09E+16,73.351,1.09E+16
2025-09-24 20:00:00,4.62578E+14,73.402,4.62578E+14
2025-09-24 21:00:00,2.44E+16,49.578,2.44E+16
2025-09-24 22:00:00,1.20E+16,13.088,1.20E+16
2025-09-24 23:00:00,4.70075E+15,7.8942,4.70075E+15
2025-09-25 00:00:00,1.83532E+15,7.5686,1.83532E+15
2025-09-25 01:00:00,3.97E+16,7.5593,3.97E+16
2025-09-25 02:00:00,3.82E+16,7.557,3.82E+16
2025-09-25 03:00:00,3.55E+16,7.5562,3.55E+16
2025-09-25 04:00:00,3.84E+16,7.5559,3.84E+16
2025-09-25 05:00:00,3.76E+16,7.5556,3.76E+16
2025-09-25 06:00:00,3.95E+16,15.1929,3.95E+16
2025-09-25 07:00:00,3.36355E+15,117.41,3.36355E+15
2025-09-25 08:00:00,1.02E+16,44.004,1.02E+16
2025-09-25 09:00:00,978355764,99.01,978355863
2025-09-25 10:00:00,3920199992,55.011,3920200047
2025-09-25 11:00:00,3.88E+16,32.237,3.88E+16
2025-09-25 12:00:00,3920199992,22.002,3920200014
2025-09-25 13:00:00,2.47E+16,22.003,2.47E+16
2025-09-25 14:00:00,3.62E+16,0,3.62E+16
2025-09-25 15:00:00,2.02E+16,0,2.02E+16
2025-09-25 16:00:00,1.62E+16,0,1.62E+16
2025-09-25 17:00:00,1.25E+16,0,1.25E+16
2025-09-25 18:00:00,8.52133E+15,0,8.52133E+15
2025-09-25 19:00:00,6.61104E+14,73.364,6.61104E+14
2025-09-25 20:00:00,7.18412E+15,73.384,7.18412E+15
2025-09-25 21:00:00,6.22898E+15,49.514,6.22898E+15
2025-09-25 22:00:00,1.12E+16,13.112,1.12E+16
2025-09-25 23:00:00,1.13868E+15,7.9087,1.13868E+15
2025-09-26 00:00:00,4.70075E+15,7.5828,4.70075E+15
2025-09-26 01:00:00,1.83532E+15,7.5587,1.83532E+15
2025-09-26 02:00:00,3.74E+16,7.5574,3.74E+16
2025-09-26 03:00:00,3.76E+16,7.5567,3.76E+16
2025-09-26 04:00:00,4.98115E+14,7.5564,4.98115E+14
2025-09-26 05:00:00,3.76E+16,7.5562,3.76E+16
2025-09-26 06:00:00,3.76E+16,25.559,3.76E+16
2025-09-26 07:00:00,3.07087E+14,73.404,3.07087E+14
2025-09-26 08:00:00,3.78E+16,0,3.78E+16
2025-09-26 09:00:00,3591342304,33.005,3591342337
2025-09-26 10:00:00,3.63E+16,33.011,3.63E+16
2025-09-26 11:00:00,3591342304,10.236,3591342314
2025-09-26 12:00:00,3.78E+16,0,3.78E+16
2025-09-26 13:00:00,4.98115E+14,0,4.98115E+14
2025-09-26 14:00:00,3.76E+16,0,3.76E+16
2025-09-26 15:00:00,3.76E+16,0,3.76E+16
2025-09-26 16:00:00,3.07087E+14,0,3.07087E+14
2025-09-26 17:00:00,3.80E+16,0,3.80E+16
2025-09-26 18:00:00,3.53E+16,13.211,3.53E+16
2025-09-26 19:00:00,3.99E+16,73.374,3.99E+16
2025-09-26 20:00:00,3.93663E+15,73.364,3.93663E+15
2025-09-26 21:00:00,3.55458E+15,36.395,3.55458E+15
2025-09-26 22:00:00,1.64429E+14,9.3962,1.64429E+14
2025-09-26 23:00:00,3935194228,7.6581,3935194236
2025-09-27 00:00:00,1.16058E+14,7.5691,1.16058E+14
2025-09-27 01:00:00,3.76E+16,7.5615,3.76E+16
2025-09-27 02:00:00,3591342304,7.5591,3591342312
2025-09-27 03:00:00,3.61E+16,7.5583,3.61E+16
2025-09-27 04:00:00,3.65E+16,7.5575,3.65E+16
2025-09-27 05:00:00,3.55E+16,7.5573,3.55E+16
2025-09-27 06:00:00,1.06E+16,24.326,1.06E+16
2025-09-27 07:00:00,1.55894E+15,73.4032,1.55894E+15
2025-09-27 08:00:00,1.54E+16,0,1.54E+16
2025-09-27 09:00:00,5.86853E+13,34.3143,5.86853E+13
2025-09-27 10:00:00,2.90241E+15,47.273,2.90241E+15
2025-09-27 11:00:00,3.09344E+14,89.39851,3.09344E+14
2025-09-27 12:00:00,3.32267E+15,88.757,3.32267E+15
2025-09-27 13:00:00,1.38168E+15,50.442,1.38168E+15
2025-09-27 14:00:00,1.79372E+15,18.075,1.79372E+15
2025-09-27 15:00:00,3.03698E+14,11.074,3.03698E+14
2025-09-27 16:00:00,1.82443E+14,0,1.82443E+14
2025-09-27 17:00:00,2.93579E+15,0,2.93579E+15
2025-09-27 18:00:00,1.38549E+14,52.703,1.38549E+14
2025-09-27 19:00:00,1.09E+16,73.375,1.09E+16
2025-09-27 20:00:00,4.62578E+14,10.534,4.62578E+14
2025-09-27 21:00:00,2.44E+16,7.8891,2.44E+16
2025-09-27 22:00:00,1.20E+16,7.5882,1.20E+16
2025-09-27 23:00:00,4.70075E+15,7.5638,4.70075E+15
2025-09-28 00:00:00,1.83532E+15,7.561,1.83532E+15
2025-09-28 01:00:00,3.76E+16,7.5588,3.76E+16
2025-09-28 02:00:00,3591342304,7.558,3591342312
2025-09-28 03:00:00,3.61E+16,7.5577,3.61E+16
2025-09-28 04:00:00,3.65E+16,7.5576,3.65E+16
2025-09-28 05:00:00,3.55E+16,72.056,3.55E+16
2025-09-28 06:00:00,1.06E+16,73.4015,1.06E+16
2025-09-28 07:00:00,1.55894E+15,73.403,1.55894E+15
2025-09-28 08:00:00,1.54E+16,0,1.54E+16
2025-09-28 09:00:00,5.86853E+13,33.005,5.86853E+13
2025-09-28 10:00:00,2.90241E+15,33.011,2.90241E+15
2025-09-28 11:00:00,3.09344E+14,10.23,3.09344E+14
2025-09-28 12:00:00,3.32267E+15,0,3.32267E+15
2025-09-28 13:00:00,1.38168E+15,0,1.38168E+15
2025-09-28 14:00:00,1.79372E+15,0,1.79372E+15
2025-09-28 15:00:00,3.03698E+14,0,3.03698E+14
2025-09-28 16:00:00,1.82443E+14,0,1.82443E+14
2025-09-28 17:00:00,2.93579E+15,0,2.93579E+15
2025-09-28 18:00:00,1.38549E+14,52.702,1.38549E+14
2025-09-28 19:00:00,1.09E+16,73.372,1.09E+16
2025-09-28 20:00:00,4.62578E+14,73.34,4.62578E+14
2025-09-28 21:00:00,2.44E+16,10.772,2.44E+16
2025-09-28 22:00:00,1.20E+16,7.9886,1.20E+16
2025-09-28 23:00:00,4.70075E+15,7.686,4.70075E+15
2025-09-29 00:00:00,1.83532E+15,7.5765,1.83532E+15
2025-09-29 01:00:00,3.76E+16,7.5669,3.76E+16
2025-09-29 02:00:00,3591342304,7.5605,3591342312
2025-09-29 03:00:00,3.61E+16,7.5581,3.61E+16
2025-09-29 04:00:00,3.65E+16,7.5573,3.65E+16
2025-09-29 05:00:00,3.55E+16,7.557,3.55E+16
2025-09-29 06:00:00,1.06E+16,7.55685,1.06E+16
2025-09-29 07:00:00,1.55894E+15,43.344,1.55894E+15
2025-09-29 08:00:00,1.54E+16,73.403,1.54E+16
2025-09-29 09:00:00,5.86853E+13,73.405,5.86853E+13
2025-09-29 10:00:00,2.90241E+15,73.407,2.90241E+15
2025-09-29 11:00:00,3.09344E+14,0,3.09344E+14
2025-09-29 12:00:00,3.32267E+15,0,3.32267E+15
2025-09-29 13:00:00,1.38168E+15,0,1.38168E+15
2025-09-29 14:00:00,1.79372E+15,0,1.79372E+15
2025-09-29 15:00:00,3.03698E+14,0,3.03698E+14
2025-09-29 16:00:00,1.82443E+14,0,1.82443E+14
2025-09-29 17:00:00,2.93579E+15,0,2.93579E+15
2025-09-29 18:00:00,1.38549E+14,0,1.38549E+14
2025-09-29 19:00:00,1.09E+16,0,1.09E+16
2025-09-29 20:00:00,4.62578E+14,0,4.62578E+14
2025-09-29 21:00:00,2.44E+16,0,2.44E+16
2025-09-29 22:00:00,1.20E+16,0,1.20E+16
2025-09-29 23:00:00,4.70075E+15,0,4.70075E+15
2025-09-30 00:00:00,1.83532E+15,0,1.83532E+15
2025-09-30 01:00:00,3.76E+16,0,3.76E+16
2025-09-30 02:00:00,3591342304,0,3591342304
2025-09-30 03:00:00,3.61E+16,0,3.61E+16
2025-09-30 04:00:00,3.65E+16,0,3.65E+16
2025-09-30 05:00:00,3.55E+16,0,3.55E+16
2025-09-30 06:00:00,1.06E+16,0,1.06E+16
2025-09-30 07:00:00,1.55894E+15,0,1.55894E+15
2025-09-30 08:00:00,1.54E+16,0,1.54E+16
2025-09-30 09:00:00,5.86853E+13,0,5.86853E+13
2025-09-30 10:00:00,2.90241E+15,0,2.90241E+15
2025-09-30 11:00:00,3.09344E+14,0,3.09344E+14
2025-09-30 12:00:00,3.32267E+15,0,3.32267E+15
2025-09-30 13:00:00,1.38168E+15,0,1.38168E+15
2025-09-30 14:00:00,1.79372E+15,0,1.79372E+15
2025-09-30 15:00:00,3.03698E+14,0,3.03698E+14
2025-09-30 16:00:00,1.82443E+14,0,1.82443E+14
2025-09-30 17:00:00,2.93579E+15,0,2.93579E+15
2025-09-30 18:00:00,1.38549E+14,0,1.38549E+14
2025-09-30 19:00:00,1.09E+16,0,1.09E+16
2025-09-30 20:00:00,4.62578E+14,0,4.62578E+14
2025-09-30 21:00:00,2.44E+16,0,2.44E+16
2025-09-30 22:00:00,1.20E+16,0,1.20E+16
2025-09-30 23:00:00,4.70075E+15,0,4.70075E+15
2025-10-01 00:00:00,1.83532E+15,0,1.83532E+15
2025-10-01 01:00:00,3.76E+16,0,3.76E+16
2025-10-01 02:00:00,3591342304,0,3591342304
2025-10-01 03:00:00,3.61E+16,0,3.61E+16
2025-10-01 04:00:00,3.65E+16,0,3.65E+16
2025-10-01 05:00:00,3.55E+16,0,3.55E+16
2025-10-01 06:00:00,1.06E+16,0,1.06E+16
2025-10-01 07:00:00,1.55894E+15,29.907,1.55894E+15
2025-10-01 08:00:00,1.54E+16,44.003,1.54E+16
2025-10-01 09:00:00,5.86853E+13,77.01,5.86853E+13
2025-10-01 10:00:00,2.90241E+15,54.786,2.90241E+15
2025-10-01 11:00:00,3.09344E+14,10.236,3.09344E+14
2025-10-01 12:00:00,3.32267E+15,0,3.32267E+15
2025-10-01 13:00:00,1.38168E+15,0,1.38168E+15
2025-10-01 14:00:00,1.79372E+15,0,1.79372E+15
2025-10-01 15:00:00,3.03698E+14,0,3.03698E+14
2025-10-01 16:00:00,1.82443E+14,0,1.82443E+14
2025-10-01 17:00:00,2.93579E+15,0,2.93579E+15
2025-10-01 18:00:00,1.38549E+14,0,1.38549E+14
2025-10-01 19:00:00,1.09E+16,73.345,1.09E+16
2025-10-01 20:00:00,4.62578E+14,73.401,4.62578E+14
2025-10-01 21:00:00,2.44E+16,49.545,2.44E+16
2025-10-01 22:00:00,1.20E+16,13.08,1.20E+16
2025-10-01 23:00:00,4.70075E+15,7.8881,4.70075E+15
2025-10-02 00:00:00,1.83532E+15,7.5627,1.83532E+15
2025-10-02 01:00:00,3.97E+16,8.0629,3.97E+16
2025-10-02 02:00:00,3.82E+16,8.0626,3.82E+16
2025-10-02 03:00:00,3.55E+16,8.0624,3.55E+16
2025-10-02 04:00:00,3.84E+16,8.0621,3.84E+16
2025-10-02 05:00:00,3.76E+16,8.0618,3.76E+16
2025-10-02 06:00:00,3.95E+16,8.06156,3.95E+16
2025-10-02 07:00:00,3.36355E+15,60.939,3.36355E+15
2025-10-02 08:00:00,1.02E+16,21.98,1.02E+16
2025-10-02 09:00:00,978355764,55.006,978355819
2025-10-02 10:00:00,3920199992,55.012,3920200047
2025-10-02 11:00:00,3.88E+16,32.238,3.88E+16
2025-10-02 12:00:00,3920199992,22.002,3920200014
2025-10-02 13:00:00,2.47E+16,10.399,2.47E+16
2025-10-02 14:00:00,3.62E+16,0,3.62E+16
2025-10-02 15:00:00,2.02E+16,0,2.02E+16
2025-10-02 16:00:00,1.62E+16,0,1.62E+16
2025-10-02 17:00:00,1.25E+16,0,1.25E+16
2025-10-02 18:00:00,8.52133E+15,11.526,8.52133E+15
2025-10-02 19:00:00,6.61104E+14,73.372,6.61104E+14
2025-10-02 20:00:00,7.18412E+15,73.341,7.18412E+15
2025-10-02 21:00:00,6.22898E+15,38.109,6.22898E+15
2025-10-02 22:00:00,1.12E+16,9.8885,1.12E+16
2025-10-02 23:00:00,1.13868E+15,8.0936,1.13868E+15
2025-10-03 00:00:00,4.70075E+15,7.5893,4.70075E+15
2025-10-03 01:00:00,1.83532E+15,7.5582,1.83532E+15
2025-10-03 02:00:00,3.74E+16,7.5569,3.74E+16
2025-10-03 03:00:00,3.76E+16,7.5568,3.76E+16
2025-10-03 04:00:00,4.98115E+14,7.5568,4.98115E+14
2025-10-03 05:00:00,3.76E+16,7.5567,3.76E+16
2025-10-03 06:00:00,3.76E+16,25.957,3.76E+16
2025-10-03 07:00:00,3.07087E+14,103.609,3.07087E+14
2025-10-03 08:00:00,3.78E+16,44.003,3.78E+16
2025-10-03 09:00:00,3591342304,77.01,3591342381
2025-10-03 10:00:00,3.63E+16,54.521,3.63E+16
2025-10-03 11:00:00,3591342304,10.236,3591342314
2025-10-03 12:00:00,3.78E+16,0,3.78E+16
2025-10-03 13:00:00,4.98115E+14,0,4.98115E+14
2025-10-03 14:00:00,3.76E+16,0,3.76E+16
2025-10-03 15:00:00,3.76E+16,0,3.76E+16
2025-10-03 16:00:00,3.07087E+14,0,3.07087E+14
2025-10-03 17:00:00,3.80E+16,0,3.80E+16
2025-10-03 18:00:00,3.53E+16,52.702,3.53E+16
2025-10-03 19:00:00,3.99E+16,73.373,3.99E+16
2025-10-03 20:00:00,3.93663E+15,73.341,3.93663E+15
2025-10-03 21:00:00,3.55458E+15,8.0283,3.55458E+15
2025-10-03 22:00:00,1.64429E+14,7.6938,1.64429E+14
2025-10-03 23:00:00,3935194228,7.5772,3935194236
2025-10-04 00:00:00,1.16058E+14,7.5568,1.16058E+14
2025-10-04 01:00:00,3.76E+16,8.0637,3.76E+16
2025-10-04 02:00:00,3591342304,8.0635,3591342312
2025-10-04 03:00:00,3.61E+16,8.0632,3.61E+16
2025-10-04 04:00:00,3.65E+16,8.063,3.65E+16
2025-10-04 05:00:00,3.55E+16,8.0627,3.55E+16
2025-10-04 06:00:00,1.06E+16,26.463,1.06E+16
2025-10-04 07:00:00,1.55894E+15,73.403,1.55894E+15
2025-10-04 08:00:00,1.54E+16,0,1.54E+16
2025-10-04 09:00:00,5.86853E+13,55.005,5.86853E+13
2025-10-04 10:00:00,2.90241E+15,55.011,2.90241E+15
2025-10-04 11:00:00,3.09344E+14,32.237,3.09344E+14
2025-10-04 12:00:00,3.32267E+15,22.002,3.32267E+15
2025-10-04 13:00:00,1.38168E+15,17.871,1.38168E+15
2025-10-04 14:00:00,1.79372E+15,0,1.79372E+15
2025-10-04 15:00:00,3.03698E+14,0,3.03698E+14
2025-10-04 16:00:00,1.82443E+14,0,1.82443E+14
2025-10-04 17:00:00,2.93579E+15,0,2.93579E+15
2025-10-04 18:00:00,1.38549E+14,52.705,1.38549E+14
2025-10-04 19:00:00,1.09E+16,73.381,1.09E+16
2025-10-04 20:00:00,4.62578E+14,73.354,4.62578E+14
2025-10-04 21:00:00,2.44E+16,8.033,2.44E+16
2025-10-04 22:00:00,1.20E+16,7.6986,1.20E+16
2025-10-04 23:00:00,4.70075E+15,7.582,4.70075E+15
2025-10-05 00:00:00,1.83532E+15,7.5616,1.83532E+15
2025-10-05 01:00:00,3.76E+16,7.5588,3.76E+16
2025-10-05 02:00:00,3591342304,7.558,3591342312
2025-10-05 03:00:00,3.61E+16,7.5578,3.61E+16
2025-10-05 04:00:00,3.65E+16,7.5575,3.65E+16
2025-10-05 05:00:00,3.55E+16,24.343,3.55E+16
2025-10-05 06:00:00,1.06E+16,72.718,1.06E+16
2025-10-05 07:00:00,1.55894E+15,109.048,1.55894E+15
2025-10-05 08:00:00,1.54E+16,44.003,1.54E+16
2025-10-05 09:00:00,5.86853E+13,77.01,5.86853E+13
2025-10-05 10:00:00,2.90241E+15,33.011,2.90241E+15
2025-10-05 11:00:00,3.09344E+14,10.236,3.09344E+14
2025-10-05 12:00:00,3.32267E+15,0,3.32267E+15
2025-10-05 13:00:00,1.38168E+15,0,1.38168E+15
2025-10-05 14:00:00,1.79372E+15,0,1.79372E+15
2025-10-05 15:00:00,3.03698E+14,0,3.03698E+14
2025-10-05 16:00:00,1.82443E+14,0,1.82443E+14
2025-10-05 17:00:00,2.93579E+15,0,2.93579E+15
2025-10-05 18:00:00,1.38549E+14,52.702,1.38549E+14
2025-10-05 19:00:00,1.09E+16,73.372,1.09E+16
2025-10-05 20:00:00,4.62578E+14,73.36,4.62578E+14
2025-10-05 21:00:00,2.44E+16,10.841,2.44E+16
2025-10-05 22:00:00,1.20E+16,8.0447,1.20E+16
2025-10-05 23:00:00,4.70075E+15,7.7408,4.70075E+15
2025-10-06 00:00:00,1.83532E+15,7.6307,1.83532E+15
2025-10-06 01:00:00,3.76E+16,7.5842,3.76E+16
2025-10-06 02:00:00,3591342304,7.5658,3591342312
2025-10-06 03:00:00,3.61E+16,7.559,3.61E+16
2025-10-06 04:00:00,3.65E+16,7.558,3.65E+16
2025-10-06 05:00:00,3.55E+16,7.5573,3.55E+16
2025-10-06 06:00:00,1.06E+16,7.5571,1.06E+16
2025-10-06 07:00:00,1.55894E+15,57.61899,1.55894E+15
2025-10-06 08:00:00,1.54E+16,73.403,1.54E+16
2025-10-06 09:00:00,5.86853E+13,73.405,5.86853E+13
2025-10-06 10:00:00,2.90241E+15,73.407,2.90241E+15
2025-10-06 11:00:00,3.09344E+14,8.4023,3.09344E+14
2025-10-06 12:00:00,3.32267E+15,0,3.32267E+15
2025-10-06 13:00:00,1.38168E+15,0,1.38168E+15
2025-10-06 14:00:00,1.79372E+15,0,1.79372E+15
2025-10-06 15:00:00,3.03698E+14,0,3.03698E+14
2025-10-06 16:00:00,1.82443E+14,0,1.82443E+14
2025-10-06 17:00:00,2.93579E+15,0,2.93579E+15
2025-10-06 18:00:00,1.38549E+14,0,1.38549E+14
2025-10-06 19:00:00,1.09E+16,0,1.09E+16
2025-10-06 20:00:00,4.62578E+14,0,4.62578E+14
2025-10-06 21:00:00,2.44E+16,0,2.44E+16
2025-10-06 22:00:00,1.20E+16,0,1.20E+16
2025-10-06 23:00:00,4.70075E+15,0,4.70075E+15
2025-10-07 00:00:00,1.83532E+15,0,1.83532E+15
2025-10-07 01:00:00,3.76E+16,0,3.76E+16
2025-10-07 02:00:00,3591342304,0,3591342304
2025-10-07 03:00:00,3.61E+16,0,3.61E+16
2025-10-07 04:00:00,3.65E+16,0,3.65E+16
2025-10-07 05:00:00,3.55E+16,0,3.55E+16
2025-10-07 06:00:00,1.06E+16,0,1.06E+16
2025-10-07 07:00:00,1.55894E+15,0,1.55894E+15
2025-10-07 08:00:00,1.54E+16,0,1.54E+16
2025-10-07 09:00:00,5.86853E+13,0,5.86853E+13
2025-10-07 10:00:00,2.90241E+15,0,2.90241E+15
2025-10-07 11:00:00,3.09344E+14,0,3.09344E+14
2025-10-07 12:00:00,3.32267E+15,0,3.32267E+15
2025-10-07 13:00:00,1.38168E+15,0,1.38168E+15
2025-10-07 14:00:00,1.79372E+15,0,1.79372E+15
2025-10-07 15:00:00,3.03698E+14,0,3.03698E+14
2025-10-07 16:00:00,1.82443E+14,0,1.82443E+14
2025-10-07 17:00:00,2.93579E+15,0,2.93579E+15
2025-10-07 18:00:00,1.38549E+14,0,1.38549E+14
2025-10-07 19:00:00,1.09E+16,0,1.09E+16
2025-10-07 20:00:00,4.62578E+14,0,4.62578E+14
2025-10-07 21:00:00,2.44E+16,0,2.44E+16
2025-10-07 22:00:00,1.20E+16,0,1.20E+16
2025-10-07 23:00:00,4.70075E+15,0,4.70075E+15
2025-10-08 00:00:00,1.83532E+15,0,1.83532E+15
2025-10-08 01:00:00,3.76E+16,0,3.76E+16
2025-10-08 02:00:00,3591342304,0,3591342304
2025-10-08 03:00:00,3.61E+16,0,3.61E+16
2025-10-08 04:00:00,3.65E+16,0,3.65E+16
2025-10-08 05:00:00,3.55E+16,0,3.55E+16
2025-10-08 06:00:00,1.06E+16,0,1.06E+16
2025-10-08 07:00:00,1.55894E+15,0,1.55894E+15
2025-10-08 08:00:00,1.54E+16,0,1.54E+16
2025-10-08 09:00:00,5.86853E+13,33.005,5.86853E+13
2025-10-08 10:00:00,2.90241E+15,33.011,2.90241E+15
2025-10-08 11:00:00,3.09344E+14,10.236,3.09344E+14
2025-10-08 12:00:00,3.32267E+15,0,3.32267E+15
2025-10-08 13:00:00,1.38168E+15,0,1.38168E+15
2025-10-08 14:00:00,1.79372E+15,0,1.79372E+15
2025-10-08 15:00:00,3.03698E+14,0,3.03698E+14
2025-10-08 16:00:00,1.82443E+14,0,1.82443E+14
2025-10-08 17:00:00,2.93579E+15,0,2.93579E+15
2025-10-08 18:00:00,1.38549E+14,0,1.38549E+14
2025-10-08 19:00:00,1.09E+16,73.354,1.09E+16
2025-10-08 20:00:00,4.62578E+14,73.402,4.62578E+14
2025-10-08 21:00:00,2.44E+16,49.135,2.44E+16
2025-10-08 22:00:00,1.20E+16,12.967,1.20E+16
2025-10-08 23:00:00,4.70075E+15,7.8105,4.70075E+15
2025-10-09 00:00:00,1.83532E+15,7.606,1.83532E+15
2025-10-09 01:00:00,3.97E+16,7.5599,3.97E+16
2025-10-09 02:00:00,3.82E+16,7.5564,3.82E+16
2025-10-09 03:00:00,3.55E+16,7.5562,3.55E+16
2025-10-09 04:00:00,3.84E+16,7.556,3.84E+16
2025-10-09 05:00:00,3.76E+16,7.5559,3.76E+16
2025-10-09 06:00:00,3.95E+16,7.5558,3.95E+16
2025-10-09 07:00:00,3.36355E+15,26.5977,3.36355E+15
2025-10-09 08:00:00,1.02E+16,32.188,1.02E+16
2025-10-09 09:00:00,978355764,99.008,978355863
2025-10-09 10:00:00,3920199992,99.016,3920200091
2025-10-09 11:00:00,3.88E+16,32.237,3.88E+16
2025-10-09 12:00:00,3920199992,22.002,3920200014
2025-10-09 13:00:00,2.47E+16,22.003,2.47E+16
2025-10-09 14:00:00,3.62E+16,0,3.62E+16
2025-10-09 15:00:00,2.02E+16,0,2.02E+16
2025-10-09 16:00:00,1.62E+16,0,1.62E+16
2025-10-09 17:00:00,1.25E+16,0,1.25E+16
2025-10-09 18:00:00,8.52133E+15,45.976,8.52133E+15
2025-10-09 19:00:00,6.61104E+14,73.366,6.61104E+14
2025-10-09 20:00:00,7.18412E+15,73.351,7.18412E+15
2025-10-09 21:00:00,6.22898E+15,66.675,6.22898E+15
2025-10-09 22:00:00,1.12E+16,0,1.12E+16
2025-10-09 23:00:00,1.13868E+15,0,1.13868E+15
2025-10-10 00:00:00,4.70075E+15,0,4.70075E+15
2025-10-10 01:00:00,1.83532E+15,0,1.83532E+15
2025-10-10 02:00:00,3.74E+16,0,3.74E+16
2025-10-10 03:00:00,3.76E+16,0,3.76E+16
2025-10-10 04:00:00,4.98115E+14,0,4.98115E+14
2025-10-10 05:00:00,3.76E+16,0,3.76E+16
2025-10-10 06:00:00,3.76E+16,0,3.76E+16
2025-10-10 07:00:00,3.07087E+14,73.403,3.07087E+14
2025-10-10 08:00:00,3.78E+16,0,3.78E+16
2025-10-10 09:00:00,3591342304,33.005,3591342337
2025-10-10 10:00:00,3.63E+16,77.014,3.63E+16
2025-10-10 11:00:00,3591342304,54.241,3591342358
2025-10-10 12:00:00,3.78E+16,0,3.78E+16
2025-10-10 13:00:00,4.98115E+14,0,4.98115E+14
2025-10-10 14:00:00,3.76E+16,0,3.76E+16
2025-10-10 15:00:00,3.76E+16,0,3.76E+16
2025-10-10 16:00:00,3.07087E+14,0,3.07087E+14
2025-10-10 17:00:00,3.80E+16,0,3.80E+16
2025-10-10 18:00:00,3.53E+16,52.705,3.53E+16
2025-10-10 19:00:00,3.99E+16,73.381,3.99E+16
2025-10-10 20:00:00,3.93663E+15,70.479,3.93663E+15
2025-10-10 21:00:00,3.55458E+15,7.032,3.55458E+15
2025-10-10 22:00:00,1.64429E+14,7.6139,1.64429E+14
2025-10-10 23:00:00,3935194228,7.6137,3935194236
2025-10-11 00:00:00,1.16058E+14,7.6135,1.16058E+14
2025-10-11 01:00:00,3.76E+16,7.6133,3.76E+16
2025-10-11 02:00:00,3591342304,7.6131,3591342312
2025-10-11 03:00:00,3.61E+16,7.6129,3.61E+16
2025-10-11 04:00:00,3.65E+16,7.6127,3.65E+16
2025-10-11 05:00:00,3.55E+16,7.6125,3.55E+16
2025-10-11 06:00:00,1.06E+16,73.402,1.06E+16
2025-10-11 07:00:00,1.55894E+15,73.403,1.55894E+15
2025-10-11 08:00:00,1.54E+16,0,1.54E+16
2025-10-11 09:00:00,5.86853E+13,48.094,5.86853E+13
2025-10-11 10:00:00,2.90241E+15,55.01,2.90241E+15
2025-10-11 11:00:00,3.09344E+14,36.529,3.09344E+14
2025-10-11 12:00:00,3.32267E+15,22.002,3.32267E+15
2025-10-11 13:00:00,1.38168E+15,22.002,1.38168E+15
2025-10-11 14:00:00,1.79372E+15,10.131,1.79372E+15
2025-10-11 15:00:00,3.03698E+14,0,3.03698E+14
2025-10-11 16:00:00,1.82443E+14,0,1.82443E+14
2025-10-11 17:00:00,2.93579E+15,0,2.93579E+15
2025-10-11 18:00:00,1.38549E+14,52.704,1.38549E+14
2025-10-11 19:00:00,1.09E+16,73.378,1.09E+16
2025-10-11 20:00:00,4.62578E+14,71.768,4.62578E+14
2025-10-11 21:00:00,2.44E+16,7.1597,2.44E+16
2025-10-11 22:00:00,1.20E+16,7.7524,1.20E+16
2025-10-11 23:00:00,4.70075E+15,7.7521,4.70075E+15
2025-10-12 00:00:00,1.83532E+15,7.7519,1.83532E+15
2025-10-12 01:00:00,3.76E+16,7.7517,3.76E+16
2025-10-12 02:00:00,3591342304,7.7515,3591342312
2025-10-12 03:00:00,3.61E+16,7.7512,3.61E+16
2025-10-12 04:00:00,3.65E+16,7.751,3.65E+16
2025-10-12 05:00:00,3.55E+16,25.043,3.55E+16
2025-10-12 06:00:00,1.06E+16,72.162,1.06E+16
2025-10-12 07:00:00,1.55894E+15,89.951,1.55894E+15
2025-10-12 08:00:00,1.54E+16,44.002,1.54E+16
2025-10-12 09:00:00,5.86853E+13,77.009,5.86853E+13
2025-10-12 10:00:00,2.90241E+15,77.016,2.90241E+15
2025-10-12 11:00:00,3.09344E+14,10.236,3.09344E+14
2025-10-12 12:00:00,3.32267E+15,0,3.32267E+15
2025-10-12 13:00:00,1.38168E+15,0,1.38168E+15
2025-10-12 14:00:00,1.79372E+15,0,1.79372E+15
2025-10-12 15:00:00,3.03698E+14,0,3.03698E+14
2025-10-12 16:00:00,1.82443E+14,0,1.82443E+14
2025-10-12 17:00:00,2.93579E+15,0,2.93579E+15
2025-10-12 18:00:00,1.38549E+14,52.701,1.38549E+14
2025-10-12 19:00:00,1.09E+16,73.369,1.09E+16
2025-10-12 20:00:00,4.62578E+14,73.355,4.62578E+14
2025-10-12 21:00:00,2.44E+16,10.693,2.44E+16
2025-10-12 22:00:00,1.20E+16,7.9257,1.20E+16
2025-10-12 23:00:00,4.70075E+15,7.6247,4.70075E+15
2025-10-13 00:00:00,1.83532E+15,7.5739,1.83532E+15
2025-10-13 01:00:00,3.76E+16,7.5661,3.76E+16
2025-10-13 02:00:00,3591342304,7.5597,3591342312
2025-10-13 03:00:00,3.61E+16,7.5573,3.61E+16
2025-10-13 04:00:00,3.65E+16,8.0644,3.65E+16
2025-10-13 05:00:00,3.55E+16,8.0641,3.55E+16
2025-10-13 06:00:00,1.06E+16,8.0639,1.06E+16
2025-10-13 07:00:00,1.55894E+15,44.747,1.55894E+15
2025-10-13 08:00:00,1.54E+16,73.403,1.54E+16
2025-10-13 09:00:00,5.86853E+13,73.405,5.86853E+13
2025-10-13 10:00:00,2.90241E+15,73.407,2.90241E+15
2025-10-13 11:00:00,3.09344E+14,12.288,3.09344E+14
2025-10-13 12:00:00,3.32267E+15,0,3.32267E+15
2025-10-13 13:00:00,1.38168E+15,0,1.38168E+15
2025-10-13 14:00:00,1.79372E+15,0,1.79372E+15
2025-10-13 15:00:00,3.03698E+14,0,3.03698E+14
2025-10-13 16:00:00,1.82443E+14,0,1.82443E+14
2025-10-13 17:00:00,2.93579E+15,0,2.93579E+15
2025-10-13 18:00:00,1.38549E+14,0,1.38549E+14
2025-10-13 19:00:00,1.09E+16,0,1.09E+16
2025-10-13 20:00:00,4.62578E+14,0,4.62578E+14
2025-10-13 21:00:00,2.44E+16,0,2.44E+16
2025-10-13 22:00:00,1.20E+16,0,1.20E+16
2025-10-13 23:00:00,4.70075E+15,0,4.70075E+15
2025-10-14 00:00:00,1.83532E+15,0,1.83532E+15
2025-10-14 01:00:00,3.76E+16,0,3.76E+16
2025-10-14 02:00:00,3591342304,0,3591342304
2025-10-14 03:00:00,3.61E+16,0,3.61E+16
2025-10-14 04:00:00,3.65E+16,0,3.65E+16
2025-10-14 05:00:00,3.55E+16,0,3.55E+16
2025-10-14 06:00:00,1.06E+16,0,1.06E+16
2025-10-14 07:00:00,1.55894E+15,0,1.55894E+15
2025-10-14 08:00:00,1.54E+16,0,1.54E+16
2025-10-14 09:00:00,5.86853E+13,0,5.86853E+13
2025-10-14 10:00:00,2.90241E+15,0,2.90241E+15
2025-10-14 11:00:00,3.09344E+14,0,3.09344E+14
2025-10-14 12:00:00,3.32267E+15,0,3.32267E+15
2025-10-14 13:00:00,1.38168E+15,0,1.38168E+15
2025-10-14 14:00:00,1.79372E+15,0,1.79372E+15
2025-10-14 15:00:00,3.03698E+14,0,3.03698E+14
2025-10-14 16:00:00,1.82443E+14,0,1.82443E+14
2025-10-14 17:00:00,2.93579E+15,0,2.93579E+15
2025-10-14 18:00:00,1.38549E+14,0,1.38549E+14
2025-10-14 19:00:00,1.09E+16,0,1.09E+16
2025-10-14 20:00:00,4.62578E+14,0,4.62578E+14
2025-10-14 21:00:00,2.44E+16,0,2.44E+16
2025-10-14 22:00:00,1.20E+16,0,1.20E+16
2025-10-14 23:00:00,4.70075E+15,0,4.70075E+15
2025-10-15 00:00:00,1.83532E+15,0,1.83532E+15
2025-10-15 01:00:00,3.76E+16,0,3.76E+16
2025-10-15 02:00:00,3591342304,0,3591342304
2025-10-15 03:00:00,3.61E+16,0,3.61E+16
2025-10-15 04:00:00,3.65E+16,0,3.65E+16
2025-10-15 05:00:00,3.55E+16,0,3.55E+16
2025-10-15 06:00:00,1.06E+16,0,1.06E+16
2025-10-15 07:00:00,1.55894E+15,0,1.55894E+15
2025-10-15 08:00:00,1.54E+16,0,1.54E+16
2025-10-15 09:00:00,5.86853E+13,33.005,5.86853E+13
2025-10-15 10:00:00,2.90241E+15,33.011,2.90241E+15
2025-10-15 11:00:00,3.09344E+14,10.236,3.09344E+14
2025-10-15 12:00:00,3.32267E+15,0,3.32267E+15
2025-10-15 13:00:00,1.38168E+15,0,1.38168E+15
2025-10-15 14:00:00,1.79372E+15,0,1.79372E+15
2025-10-15 15:00:00,3.03698E+14,0,3.03698E+14
2025-10-15 16:00:00,1.82443E+14,0,1.82443E+14
2025-10-15 17:00:00,2.93579E+15,0,2.93579E+15
2025-10-15 18:00:00,1.38549E+14,0,1.38549E+14
2025-10-15 19:00:00,1.09E+16,73.354,1.09E+16
2025-10-15 20:00:00,4.62578E+14,73.402,4.62578E+14
2025-10-15 21:00:00,2.44E+16,44.385,2.44E+16
2025-10-15 22:00:00,1.20E+16,11.646,1.20E+16
2025-10-15 23:00:00,4.70075E+15,8.4533,4.70075E+15
2025-10-16 00:00:00,1.83532E+15,7.9062,1.83532E+15
2025-10-16 01:00:00,3.97E+16,7.6695,3.97E+16
2025-10-16 02:00:00,3.82E+16,7.5625,3.82E+16
2025-10-16 03:00:00,3.55E+16,7.5571,3.55E+16
2025-10-16 04:00:00,3.84E+16,7.5563,3.84E+16
2025-10-16 05:00:00,3.76E+16,7.5561,3.76E+16
2025-10-16 06:00:00,3.95E+16,7.556,3.95E+16
2025-10-16 07:00:00,3.36355E+15,30.6862,3.36355E+15
2025-10-16 08:00:00,1.02E+16,0,1.02E+16
2025-10-16 09:00:00,978355764,0,978355764
2025-10-16 10:00:00,3920199992,6.8963,3920199999
2025-10-16 11:00:00,3.88E+16,38.856,3.88E+16
2025-10-16 12:00:00,3920199992,35.4724,3920200027
2025-10-16 13:00:00,2.47E+16,70.70895,2.47E+16
2025-10-16 14:00:00,3.62E+16,90.182,3.62E+16
2025-10-16 15:00:00,2.02E+16,14.385,2.02E+16
2025-10-16 16:00:00,1.62E+16,17.89,1.62E+16
2025-10-16 17:00:00,1.25E+16,0,1.25E+16
2025-10-16 18:00:00,8.52133E+15,32.088,8.52133E+15
2025-10-16 19:00:00,6.61104E+14,37.81,6.61104E+14
2025-10-16 20:00:00,7.18412E+15,8.4757,7.18412E+15
2025-10-16 21:00:00,6.22898E+15,7.8953,6.22898E+15
2025-10-16 22:00:00,1.12E+16,7.6509,1.12E+16
2025-10-16 23:00:00,1.13868E+15,7.6001,1.13868E+15
2025-10-17 00:00:00,4.70075E+15,7.5815,4.70075E+15
2025-10-17 01:00:00,1.83532E+15,7.564,1.83532E+15
2025-10-17 02:00:00,3.74E+16,7.5613,3.74E+16
2025-10-17 03:00:00,3.76E+16,7.5591,3.76E+16
2025-10-17 04:00:00,4.98115E+14,25.011,4.98115E+14
2025-10-17 05:00:00,3.76E+16,72.917,3.76E+16
2025-10-17 06:00:00,3.76E+16,73.402,3.76E+16
2025-10-17 07:00:00,3.07087E+14,73.4035,3.07087E+14
2025-10-17 08:00:00,3.78E+16,0,3.78E+16
2025-10-17 09:00:00,3591342304,33.005,3591342337
2025-10-17 10:00:00,3.63E+16,77.014,3.63E+16
2025-10-17 11:00:00,3591342304,54.222,3591342358
2025-10-17 12:00:00,3.78E+16,19.091,3.78E+16
2025-10-17 13:00:00,4.98115E+14,0,4.98115E+14
2025-10-17 14:00:00,3.76E+16,0,3.76E+16
2025-10-17 15:00:00,3.76E+16,0,3.76E+16
2025-10-17 16:00:00,3.07087E+14,0,3.07087E+14
2025-10-17 17:00:00,3.80E+16,0,3.80E+16
2025-10-17 18:00:00,3.53E+16,52.702,3.53E+16
2025-10-17 19:00:00,3.99E+16,73.373,3.99E+16
2025-10-17 20:00:00,3.93663E+15,64.784,3.93663E+15
2025-10-17 21:00:00,3.55458E+15,0,3.55458E+15
2025-10-17 22:00:00,1.64429E+14,7.0081,1.64429E+14
2025-10-17 23:00:00,3935194228,7.0079,3935194235
2025-10-18 00:00:00,1.16058E+14,7.0077,1.16058E+14
2025-10-18 01:00:00,3.76E+16,7.0075,3.76E+16
2025-10-18 02:00:00,3591342304,7.0073,3591342311
2025-10-18 03:00:00,3.61E+16,7.0071,3.61E+16
2025-10-18 04:00:00,3.65E+16,7.0069,3.65E+16
2025-10-18 05:00:00,3.55E+16,7.0067,3.55E+16
2025-10-18 06:00:00,1.06E+16,73.402,1.06E+16
2025-10-18 07:00:00,1.55894E+15,73.403,1.55894E+15
2025-10-18 08:00:00,1.54E+16,21.988,1.54E+16
2025-10-18 09:00:00,5.86853E+13,55.005,5.86853E+13
2025-10-18 10:00:00,2.90241E+15,55.011,2.90241E+15
2025-10-18 11:00:00,3.09344E+14,32.237,3.09344E+14
2025-10-18 12:00:00,3.32267E+15,22.002,3.32267E+15
2025-10-18 13:00:00,1.38168E+15,22.003,1.38168E+15
2025-10-18 14:00:00,1.79372E+15,0,1.79372E+15
2025-10-18 15:00:00,3.03698E+14,0,3.03698E+14
2025-10-18 16:00:00,1.82443E+14,0,1.82443E+14
2025-10-18 17:00:00,2.93579E+15,0,2.93579E+15
2025-10-18 18:00:00,1.38549E+14,52.703,1.38549E+14
2025-10-18 19:00:00,1.09E+16,73.375,1.09E+16
2025-10-18 20:00:00,4.62578E+14,72.563,4.62578E+14
2025-10-18 21:00:00,2.44E+16,7.2399,2.44E+16
2025-10-18 22:00:00,1.20E+16,7.8393,1.20E+16
2025-10-18 23:00:00,4.70075E+15,7.8391,4.70075E+15
2025-10-19 00:00:00,1.83532E+15,7.8389,1.83532E+15
2025-10-19 01:00:00,3.76E+16,7.8386,3.76E+16
2025-10-19 02:00:00,3591342304,7.8384,3591342312
2025-10-19 03:00:00,3.61E+16,7.8382,3.61E+16
2025-10-19 04:00:00,3.65E+16,7.8379,3.65E+16
2025-10-19 05:00:00,3.55E+16,7.8377,3.55E+16
2025-10-19 06:00:00,1.06E+16,68.892,1.06E+16
2025-10-19 07:00:00,1.55894E+15,73.4036,1.55894E+15
2025-10-19 08:00:00,1.54E+16,41.009,1.54E+16
2025-10-19 09:00:00,5.86853E+13,77.009,5.86853E+13
2025-10-19 10:00:00,2.90241E+15,77.016,2.90241E+15
2025-10-19 11:00:00,3.09344E+14,10.236,3.09344E+14
2025-10-19 12:00:00,3.32267E+15,0,3.32267E+15
2025-10-19 13:00:00,1.38168E+15,0,1.38168E+15
2025-10-19 14:00:00,1.79372E+15,0,1.79372E+15
2025-10-19 15:00:00,3.03698E+14,0,3.03698E+14
2025-10-19 16:00:00,1.82443E+14,0,1.82443E+14
2025-10-19 17:00:00,2.93579E+15,0,2.93579E+15
2025-10-19 18:00:00,1.38549E+14,52.702,1.38549E+14
2025-10-19 19:00:00,1.09E+16,73.372,1.09E+16
2025-10-19 20:00:00,4.62578E+14,73.341,4.62578E+14
2025-10-19 21:00:00,2.44E+16,10.951,2.44E+16
2025-10-19 22:00:00,1.20E+16,8.1329,1.20E+16
2025-10-19 23:00:00,4.70075E+15,7.5917,4.70075E+15
2025-10-20 00:00:00,1.83532E+15,7.56,1.83532E+15
2025-10-20 01:00:00,3.76E+16,7.5587,3.76E+16
2025-10-20 02:00:00,3591342304,7.558,3591342312
2025-10-20 03:00:00,3.61E+16,7.5577,3.61E+16
2025-10-20 04:00:00,3.65E+16,7.5574,3.65E+16
2025-10-20 05:00:00,3.55E+16,7.5573,3.55E+16
2025-10-20 06:00:00,1.06E+16,7.5572,1.06E+16
2025-10-20 07:00:00,1.55894E+15,8.2434,1.55894E+15
2025-10-20 08:00:00,1.54E+16,28.257,1.54E+16
2025-10-20 09:00:00,5.86853E+13,21.973,5.86853E+13
2025-10-20 10:00:00,2.90241E+15,27.077,2.90241E+15
2025-10-20 11:00:00,3.09344E+14,35.765,3.09344E+14
2025-10-20 12:00:00,3.32267E+15,39.12255,3.32267E+15
2025-10-20 13:00:00,1.38168E+15,43.50395,1.38168E+15
2025-10-20 14:00:00,1.79372E+15,73.407,1.79372E+15
2025-10-20 15:00:00,3.03698E+14,18.402,3.03698E+14
2025-10-20 16:00:00,1.82443E+14,0,1.82443E+14
2025-10-20 17:00:00,2.93579E+15,0,2.93579E+15
2025-10-20 18:00:00,1.38549E+14,0,1.38549E+14
2025-10-20 19:00:00,1.09E+16,0,1.09E+16
2025-10-20 20:00:00,4.62578E+14,0,4.62578E+14
2025-10-20 21:00:00,2.44E+16,0,2.44E+16
2025-10-20 22:00:00,1.20E+16,0,1.20E+16
2025-10-20 23:00:00,4.70075E+15,0,4.70075E+15
2025-10-21 00:00:00,1.83532E+15,0,1.83532E+15
2025-10-21 01:00:00,3.76E+16,0,3.76E+16
2025-10-21 02:00:00,3591342304,0,3591342304
2025-10-21 03:00:00,3.61E+16,0,3.61E+16
2025-10-21 04:00:00,3.65E+16,0,3.65E+16
2025-10-21 05:00:00,3.55E+16,0,3.55E+16
2025-10-21 06:00:00,1.06E+16,0,1.06E+16
2025-10-21 07:00:00,1.55894E+15,0,1.55894E+15
2025-10-21 08:00:00,1.54E+16,0,1.54E+16
2025-10-21 09:00:00,5.86853E+13,0,5.86853E+13
2025-10-21 10:00:00,2.90241E+15,0,2.90241E+15
2025-10-21 11:00:00,3.09344E+14,0,3.09344E+14
2025-10-21 12:00:00,3.32267E+15,0,3.32267E+15
2025-10-21 13:00:00,1.38168E+15,0,1.38168E+15
2025-10-21 14:00:00,1.79372E+15,0,1.79372E+15
2025-10-21 15:00:00,3.03698E+14,0,3.03698E+14
2025-10-21 16:00:00,1.82443E+14,0,1.82443E+14
2025-10-21 17:00:00,2.93579E+15,0,2.93579E+15
2025-10-21 18:00:00,1.38549E+14,0,1.38549E+14
2025-10-21 19:00:00,1.09E+16,0,1.09E+16
2025-10-21 20:00:00,4.62578E+14,0,4.62578E+14
2025-10-21 21:00:00,2.44E+16,0,2.44E+16
2025-10-21 22:00:00,1.20E+16,0,1.20E+16
2025-10-21 23:00:00,4.70075E+15,0,4.70075E+15
2025-10-22 00:00:00,1.83532E+15,0,1.83532E+15
2025-10-22 01:00:00,3.76E+16,0,3.76E+16
2025-10-22 02:00:00,3591342304,0,3591342304
2025-10-22 03:00:00,3.61E+16,0,3.61E+16
2025-10-22 04:00:00,3.65E+16,0,3.65E+16
2025-10-22 05:00:00,3.55E+16,0,3.55E+16
2025-10-22 06:00:00,1.06E+16,0,1.06E+16
2025-10-22 07:00:00,1.55894E+15,0,1.55894E+15
2025-10-22 08:00:00,1.54E+16,0,1.54E+16
2025-10-22 09:00:00,5.86853E+13,33.005,5.86853E+13
2025-10-22 10:00:00,2.90241E+15,33.011,2.90241E+15
2025-10-22 11:00:00,3.09344E+14,10.236,3.09344E+14
2025-10-22 12:00:00,3.32267E+15,0,3.32267E+15
2025-10-22 13:00:00,1.38168E+15,0,1.38168E+15
2025-10-22 14:00:00,1.79372E+15,0,1.79372E+15
2025-10-22 15:00:00,3.03698E+14,0,3.03698E+14
2025-10-22 16:00:00,1.82443E+14,0,1.82443E+14
2025-10-22 17:00:00,2.93579E+15,0,2.93579E+15
2025-10-22 18:00:00,1.38549E+14,0,1.38549E+14
2025-10-22 19:00:00,1.09E+16,73.335,1.09E+16
2025-10-22 20:00:00,4.62578E+14,73.401,4.62578E+14
2025-10-22 21:00:00,2.44E+16,44.85,2.44E+16
2025-10-22 22:00:00,1.20E+16,11.777,1.20E+16
2025-10-22 23:00:00,4.70075E+15,8.558,4.70075E+15
2025-10-23 00:00:00,1.83532E+15,7.5951,1.83532E+15
2025-10-23 01:00:00,3.97E+16,7.5625,3.97E+16
2025-10-23 02:00:00,3.82E+16,7.5601,3.82E+16
2025-10-23 03:00:00,3.55E+16,7.5578,3.55E+16
2025-10-23 04:00:00,3.84E+16,7.557,3.84E+16
2025-10-23 05:00:00,3.76E+16,7.5562,3.76E+16
2025-10-23 06:00:00,3.95E+16,7.5561,3.95E+16
2025-10-23 07:00:00,3.36355E+15,27.892,3.36355E+15
2025-10-23 08:00:00,1.02E+16,44.002,1.02E+16
2025-10-23 09:00:00,978355764,99.009,978355863
2025-10-23 10:00:00,3920199992,99.016,3920200091
2025-10-23 11:00:00,3.88E+16,48.627,3.88E+16
2025-10-23 12:00:00,3920199992,22.002,3920200014
2025-10-23 13:00:00,2.47E+16,22.003,2.47E+16
2025-10-23 14:00:00,3.62E+16,0,3.62E+16
2025-10-23 15:00:00,2.02E+16,0,2.02E+16
2025-10-23 16:00:00,1.62E+16,0,1.62E+16
2025-10-23 17:00:00,1.25E+16,0,1.25E+16
2025-10-23 18:00:00,8.52133E+15,45.976,8.52133E+15
2025-10-23 19:00:00,6.61104E+14,73.367,6.61104E+14
2025-10-23 20:00:00,7.18412E+15,73.333,7.18412E+15
2025-10-23 21:00:00,6.22898E+15,10.086,6.22898E+15
2025-10-23 22:00:00,1.12E+16,8.5189,1.12E+16
2025-10-23 23:00:00,1.13868E+15,7.5788,1.13868E+15
2025-10-24 00:00:00,4.70075E+15,8.0595,4.70075E+15
2025-10-24 01:00:00,1.83532E+15,8.0592,1.83532E+15
2025-10-24 02:00:00,3.74E+16,8.059,3.74E+16
2025-10-24 03:00:00,3.76E+16,8.0587,3.76E+16
2025-10-24 04:00:00,4.98115E+14,8.0585,4.98115E+14
2025-10-24 05:00:00,3.76E+16,8.0582,3.76E+16
2025-10-24 06:00:00,3.76E+16,26.458,3.76E+16
2025-10-24 07:00:00,3.07087E+14,73.4026,3.07087E+14
2025-10-24 08:00:00,3.78E+16,0,3.78E+16
2025-10-24 09:00:00,3591342304,33.005,3591342337
2025-10-24 10:00:00,3.63E+16,33.011,3.63E+16
2025-10-24 11:00:00,3591342304,10.236,3591342314
2025-10-24 12:00:00,3.78E+16,0,3.78E+16
2025-10-24 13:00:00,4.98115E+14,0,4.98115E+14
2025-10-24 14:00:00,3.76E+16,0,3.76E+16
2025-10-24 15:00:00,3.76E+16,0,3.76E+16
2025-10-24 16:00:00,3.07087E+14,0,3.07087E+14
2025-10-24 17:00:00,3.80E+16,0,3.80E+16
2025-10-24 18:00:00,3.53E+16,52.703,3.53E+16
2025-10-24 19:00:00,3.99E+16,73.376,3.99E+16
2025-10-24 20:00:00,3.93663E+15,67.835,3.93663E+15
2025-10-24 21:00:00,3.55458E+15,0,3.55458E+15
2025-10-24 22:00:00,1.64429E+14,7.3406,1.64429E+14
2025-10-24 23:00:00,3935194228,7.3404,3935194235
2025-10-25 00:00:00,1.16058E+14,7.3402,1.16058E+14
2025-10-25 01:00:00,3.76E+16,7.34,3.76E+16
2025-10-25 02:00:00,3591342304,7.3398,3591342311
2025-10-25 03:00:00,3.61E+16,7.3396,3.61E+16
2025-10-25 04:00:00,3.65E+16,7.3394,3.65E+16
2025-10-25 05:00:00,3.55E+16,24.157,3.55E+16
2025-10-25 06:00:00,1.06E+16,72.751,1.06E+16
2025-10-25 07:00:00,1.55894E+15,73.4032,1.55894E+15
2025-10-25 08:00:00,1.54E+16,44.002,1.54E+16
2025-10-25 09:00:00,5.86853E+13,99.009,5.86853E+13
2025-10-25 10:00:00,2.90241E+15,99.017,2.90241E+15
2025-10-25 11:00:00,3.09344E+14,32.237,3.09344E+14
2025-10-25 12:00:00,3.32267E+15,22.002,3.32267E+15
2025-10-25 13:00:00,1.38168E+15,22.003,1.38168E+15
2025-10-25 14:00:00,1.79372E+15,0,1.79372E+15
2025-10-25 15:00:00,3.03698E+14,0,3.03698E+14
2025-10-25 16:00:00,1.82443E+14,0,1.82443E+14
2025-10-25 17:00:00,2.93579E+15,0,2.93579E+15
2025-10-25 18:00:00,1.38549E+14,52.702,1.38549E+14
2025-10-25 19:00:00,1.09E+16,73.371,1.09E+16
2025-10-25 20:00:00,4.62578E+14,68.146,4.62578E+14
2025-10-25 21:00:00,2.44E+16,0,2.44E+16
2025-10-25 22:00:00,1.20E+16,7.3821,1.20E+16
2025-10-25 23:00:00,4.70075E+15,7.3819,4.70075E+15
2025-10-26 00:00:00,1.83532E+15,7.3817,1.83532E+15
2025-10-26 01:00:00,3.76E+16,7.3815,3.76E+16
2025-10-26 02:00:00,3.61E+16,7.3813,3.61E+16
2025-10-26 03:00:00,3.65E+16,7.3811,3.65E+16
2025-10-26 04:00:00,3.55E+16,7.3809,3.55E+16
2025-10-26 05:00:00,1.06E+16,7.3807,1.06E+16
2025-10-26 06:00:00,1.55894E+15,73.402,1.55894E+15
2025-10-26 07:00:00,1.54E+16,73.4033,1.54E+16
2025-10-26 08:00:00,5.86853E+13,0,5.86853E+13
2025-10-26 09:00:00,2.90241E+15,33.005,2.90241E+15
2025-10-26 10:00:00,3.09344E+14,33.011,3.09344E+14
2025-10-26 11:00:00,3.32267E+15,10.236,3.32267E+15
2025-10-26 12:00:00,1.38168E+15,0,1.38168E+15
2025-10-26 13:00:00,1.79372E+15,0,1.79372E+15
2025-10-26 14:00:00,3.03698E+14,0,3.03698E+14
2025-10-26 15:00:00,1.82443E+14,0,1.82443E+14
2025-10-26 16:00:00,2.93579E+15,0,2.93579E+15
2025-10-26 17:00:00,1.38549E+14,0,1.38549E+14
2025-10-26 18:00:00,1.09E+16,52.702,1.09E+16
2025-10-26 19:00:00,4.62578E+14,73.372,4.62578E+14
2025-10-26 20:00:00,2.44E+16,73.34,2.44E+16
2025-10-26 21:00:00,1.20E+16,9.2496,1.20E+16
2025-10-26 22:00:00,4.70075E+15,7.763,4.70075E+15
2025-10-26 23:00:00,1.83532E+15,7.6131,1.83532E+15
2025-10-27 00:00:00,3.76E+16,7.5663,3.76E+16
2025-10-27 01:00:00,3591342304,7.5585,3591342312
2025-10-27 02:00:00,3.61E+16,7.5581,3.61E+16
2025-10-27 03:00:00,3.65E+16,7.5578,3.65E+16
2025-10-27 04:00:00,3.55E+16,7.5577,3.55E+16
2025-10-27 05:00:00,1.06E+16,7.5576,1.06E+16
2025-10-27 06:00:00,1.55894E+15,7.5575,1.55894E+15
2025-10-27 07:00:00,1.54E+16,7.5573,1.54E+16
2025-10-27 08:00:00,5.86853E+13,55.41991,5.86853E+13
2025-10-27 09:00:00,2.90241E+15,73.403,2.90241E+15
2025-10-27 10:00:00,3.09344E+14,73.405,3.09344E+14
2025-10-27 11:00:00,3.32267E+15,73.407,3.32267E+15
2025-10-27 12:00:00,1.38168E+15,0,1.38168E+15
2025-10-27 13:00:00,1.79372E+15,0,1.79372E+15
2025-10-27 14:00:00,3.03698E+14,0,3.03698E+14
2025-10-27 15:00:00,1.82443E+14,0,1.82443E+14
2025-10-27 16:00:00,2.93579E+15,0,2.93579E+15
2025-10-27 17:00:00,1.38549E+14,0,1.38549E+14
2025-10-27 18:00:00,1.09E+16,0,1.09E+16
2025-10-27 19:00:00,4.62578E+14,0,4.62578E+14
2025-10-27 20:00:00,2.44E+16,0,2.44E+16
2025-10-27 21:00:00,1.20E+16,0,1.20E+16
2025-10-27 22:00:00,4.70075E+15,0,4.70075E+15
2025-10-27 23:00:00,1.83532E+15,0,1.83532E+15
2025-10-28 00:00:00,3.76E+16,0,3.76E+16
2025-10-28 01:00:00,3591342304,0,3591342304
2025-10-28 02:00:00,3.61E+16,0,3.61E+16
2025-10-28 03:00:00,3.65E+16,0,3.65E+16
2025-10-28 04:00:00,3.55E+16,0,3.55E+16
2025-10-28 05:00:00,1.06E+16,0,1.06E+16
2025-10-28 06:00:00,1.55894E+15,0,1.55894E+15
2025-10-28 07:00:00,1.54E+16,0,1.54E+16
2025-10-28 08:00:00,5.86853E+13,0,5.86853E+13
2025-10-28 09:00:00,2.90241E+15,0,2.90241E+15
2025-10-28 10:00:00,3.09344E+14,0,3.09344E+14
2025-10-28 11:00:00,3.32267E+15,0,3.32267E+15
2025-10-28 12:00:00,1.38168E+15,0,1.38168E+15
2025-10-28 13:00:00,1.79372E+15,0,1.79372E+15
2025-10-28 14:00:00,3.03698E+14,0,3.03698E+14
2025-10-28 15:00:00,1.82443E+14,0,1.82443E+14
2025-10-28 16:00:00,2.93579E+15,0,2.93579E+15
2025-10-28 17:00:00,1.38549E+14,0,1.38549E+14
2025-10-28 18:00:00,1.09E+16,0,1.09E+16
2025-10-28 19:00:00,4.62578E+14,0,4.62578E+14
2025-10-28 20:00:00,2.44E+16,0,2.44E+16
2025-10-28 21:00:00,1.20E+16,0,1.20E+16
2025-10-28 22:00:00,4.70075E+15,0,4.70075E+15
2025-10-28 23:00:00,1.83532E+15,0,1.83532E+15
2025-10-29 00:00:00,3.76E+16,0,3.76E+16
2025-10-29 01:00:00,3591342304,0,3591342304
2025-10-29 02:00:00,3.61E+16,0,3.61E+16
2025-10-29 03:00:00,3.65E+16,0,3.65E+16
2025-10-29 04:00:00,3.55E+16,0,3.55E+16
2025-10-29 05:00:00,1.06E+16,0,1.06E+16
2025-10-29 06:00:00,1.55894E+15,0,1.55894E+15
2025-10-29 07:00:00,1.54E+16,0,1.54E+16
2025-10-29 08:00:00,5.86853E+13,37.653,5.86853E+13
2025-10-29 09:00:00,2.90241E+15,77.008,2.90241E+15
2025-10-29 10:00:00,3.09344E+14,77.015,3.09344E+14
2025-10-29 11:00:00,3.32267E+15,30.762,3.32267E+15
2025-10-29 12:00:00,1.38168E+15,0,1.38168E+15
2025-10-29 13:00:00,1.79372E+15,0,1.79372E+15
2025-10-29 14:00:00,3.03698E+14,0,3.03698E+14
2025-10-29 15:00:00,1.82443E+14,0,1.82443E+14
2025-10-29 16:00:00,2.93579E+15,0,2.93579E+15
2025-10-29 17:00:00,1.38549E+14,0,1.38549E+14
2025-10-29 18:00:00,1.09E+16,0,1.09E+16
2025-10-29 19:00:00,4.62578E+14,73.338,4.62578E+14
2025-10-29 20:00:00,2.44E+16,73.401,2.44E+16
2025-10-29 21:00:00,1.20E+16,40.022,1.20E+16
2025-10-29 22:00:00,4.70075E+15,10.423,4.70075E+15
2025-10-29 23:00:00,1.83532E+15,7.4784,1.83532E+15
2025-10-30 00:00:00,3.97E+16,7.9156,3.97E+16
2025-10-30 01:00:00,3.82E+16,7.9153,3.82E+16
2025-10-30 02:00:00,3.55E+16,7.915,3.55E+16
2025-10-30 03:00:00,3.84E+16,7.9148,3.84E+16
2025-10-30 04:00:00,3.76E+16,7.9145,3.76E+16
2025-10-30 05:00:00,3.95E+16,7.9142,3.95E+16
2025-10-30 06:00:00,3.36355E+15,7.914,3.36355E+15
2025-10-30 07:00:00,1.02E+16,26.8913,1.02E+16
2025-10-30 08:00:00,978355764,33.978,978355798
2025-10-30 09:00:00,3920199992,55.005,3920200047
2025-10-30 10:00:00,3.88E+16,55.011,3.88E+16
2025-10-30 11:00:00,3920199992,32.237,3920200024
2025-10-30 12:00:00,2.47E+16,22.002,2.47E+16
2025-10-30 13:00:00,3.62E+16,22.003,3.62E+16
2025-10-30 14:00:00,2.02E+16,0,2.02E+16
2025-10-30 15:00:00,1.62E+16,0,1.62E+16
2025-10-30 16:00:00,1.25E+16,0,1.25E+16
2025-10-30 17:00:00,8.52133E+15,0,8.52133E+15
2025-10-30 18:00:00,6.61104E+14,45.977,6.61104E+14
2025-10-30 19:00:00,7.18412E+15,73.37,7.18412E+15
2025-10-30 20:00:00,6.22898E+15,73.338,6.22898E+15
2025-10-30 21:00:00,1.12E+16,8.9275,1.12E+16
2025-10-30 22:00:00,1.13868E+15,8.1592,1.13868E+15
2025-10-30 23:00:00,4.70075E+15,7.6676,4.70075E+15
2025-10-31 00:00:00,1.83532E+15,7.6099,1.83532E+15
2025-10-31 01:00:00,3.74E+16,7.5657,3.74E+16
2025-10-31 02:00:00,3.76E+16,7.5581,3.76E+16
2025-10-31 03:00:00,4.98115E+14,7.5576,4.98115E+14
2025-10-31 04:00:00,3.76E+16,7.5576,3.76E+16
2025-10-31 05:00:00,3.76E+16,24.736,3.76E+16
2025-10-31 06:00:00,3.07087E+14,25.667,3.07087E+14
2025-10-31 07:00:00,3.78E+16,73.4034,3.78E+16
2025-10-31 08:00:00,3591342304,25.419,3591342329
2025-10-31 09:00:00,3.63E+16,77.009,3.63E+16
2025-10-31 10:00:00,3591342304,33.011,3591342337
2025-10-31 11:00:00,3.78E+16,10.236,3.78E+16
2025-10-31 12:00:00,4.98115E+14,0,4.98115E+14
2025-10-31 13:00:00,3.76E+16,0,3.76E+16
2025-10-31 14:00:00,3.76E+16,0,3.76E+16
2025-10-31 15:00:00,3.07087E+14,0,3.07087E+14
2025-10-31 16:00:00,3.80E+16,0,3.80E+16
2025-10-31 17:00:00,3.53E+16,0,3.53E+16
2025-10-31 18:00:00,3.99E+16,52.703,3.99E+16
2025-10-31 19:00:00,3.93663E+15,73.375,3.93663E+15
2025-10-31 20:00:00,3.55458E+15,64.413,3.55458E+15
2025-10-31 21:00:00,1.64429E+14,0,1.64429E+14
2025-10-31 22:00:00,3935194228,6.9654,3935194235
2025-10-31 23:00:00,1.16058E+14,6.9652,1.16058E+14
2025-11-01 00:00:00,1.04E+16,6.965,1.04E+16
2025-11-01 01:00:00,1.06E+16,6.9648,1.06E+16
2025-11-01 02:00:00,1.08E+16,6.9647,1.08E+16
2025-11-01 03:00:00,9.28544E+15,6.9645,9.28544E+15
2025-11-01 04:00:00,5.65589E+15,6.9643,5.65589E+15
2025-11-01 05:00:00,1.23E+16,6.9641,1.23E+16
2025-11-01 06:00:00,2.32E+16,73.402,2.32E+16
2025-11-01 07:00:00,3.95913E+15,73.4026,3.95913E+15
2025-11-01 08:00:00,1.37829E+15,25.983,1.37829E+15
2025-11-01 09:00:00,1.31759E+14,82.318,1.31759E+14
2025-11-01 10:00:00,3.69385E+14,99.016,3.69385E+14
2025-11-01 11:00:00,1.99369E+15,22.001,1.99369E+15
2025-11-01 12:00:00,3.65836E+14,22.002,3.65836E+14
2025-11-01 13:00:00,1.41577E+15,16.917,1.41577E+15
2025-11-01 14:00:00,3.39087E+15,8.2801,3.39087E+15
2025-11-01 15:00:00,1.63751E+14,0,1.63751E+14
2025-11-01 16:00:00,1.67911E+15,0,1.67911E+15
2025-11-01 17:00:00,1.37274E+15,0,1.37274E+15
2025-11-01 18:00:00,2.26236E+15,52.703,2.26236E+15
2025-11-01 19:00:00,3.23E+16,73.377,3.23E+16
2025-11-01 20:00:00,3.66026E+15,61.854,3.66026E+15
2025-11-01 21:00:00,2.72E+16,0,2.72E+16
2025-11-01 22:00:00,1730865380,0,1730865380
2025-11-01 23:00:00,1.22E+16,0,1.22E+16
2025-11-02 00:00:00,1.04E+16,0,1.04E+16
2025-11-02 01:00:00,1.06E+16,0,1.06E+16
2025-11-02 02:00:00,1.08E+16,0,1.08E+16
2025-11-02 03:00:00,9.28544E+15,0,9.28544E+15
2025-11-02 04:00:00,5.65589E+15,0,5.65589E+15
2025-11-02 05:00:00,1.23E+16,71.915,1.23E+16
2025-11-02 06:00:00,2.32E+16,72.847,2.32E+16
2025-11-02 07:00:00,3.95913E+15,73.4036,3.95913E+15
2025-11-02 08:00:00,1.37829E+15,0,1.37829E+15
2025-11-02 09:00:00,1.31759E+14,33.003,1.31759E+14
2025-11-02 10:00:00,3.69385E+14,33.008,3.69385E+14
2025-11-02 11:00:00,1.99369E+15,24.034,1.99369E+15
2025-11-02 12:00:00,3.65836E+14,0,3.65836E+14
2025-11-02 13:00:00,1.41577E+15,0,1.41577E+15
2025-11-02 14:00:00,3.39087E+15,0,3.39087E+15
2025-11-02 15:00:00,1.63751E+14,0,1.63751E+14
2025-11-02 16:00:00,1.67911E+15,0,1.67911E+15
2025-11-02 17:00:00,1.37274E+15,0,1.37274E+15
2025-11-02 18:00:00,2.26236E+15,52.702,2.26236E+15
2025-11-02 19:00:00,3.23E+16,73.372,3.23E+16
2025-11-02 20:00:00,3.66026E+15,73.36,3.66026E+15
2025-11-02 21:00:00,2.72E+16,9.1945,2.72E+16
2025-11-02 22:00:00,1730865380,7.7138,1730865388
2025-11-02 23:00:00,1.22E+16,7.5645,1.22E+16
2025-11-03 00:00:00,1.04E+16,7.559,1.04E+16
2025-11-03 01:00:00,1.06E+16,7.5582,1.06E+16
2025-11-03 02:00:00,1.08E+16,7.558,1.08E+16
2025-11-03 03:00:00,9.28544E+15,7.5579,9.28544E+15
2025-11-03 04:00:00,5.65589E+15,7.5578,5.65589E+15
2025-11-03 05:00:00,1.23E+16,7.5578,1.23E+16
2025-11-03 06:00:00,2.32E+16,8.0645,2.32E+16
2025-11-03 07:00:00,3.95913E+15,8.06421,3.95913E+15
2025-11-03 08:00:00,1.37829E+15,49.3396,1.37829E+15
2025-11-03 09:00:00,1.31759E+14,73.403,1.31759E+14
2025-11-03 10:00:00,3.69385E+14,68.35888,3.69385E+14
2025-11-03 11:00:00,1.99369E+15,72.56151,1.99369E+15
2025-11-03 12:00:00,3.65836E+14,12.395,3.65836E+14
2025-11-03 13:00:00,1.41577E+15,0,1.41577E+15
2025-11-03 14:00:00,3.39087E+15,0,3.39087E+15
2025-11-03 15:00:00,1.63751E+14,0,1.63751E+14
2025-11-03 16:00:00,1.67911E+15,0,1.67911E+15
2025-11-03 17:00:00,1.37274E+15,0,1.37274E+15
2025-11-03 18:00:00,2.26236E+15,0,2.26236E+15
2025-11-03 19:00:00,3.23E+16,0,3.23E+16
2025-11-03 20:00:00,3.66026E+15,0,3.66026E+15
2025-11-03 21:00:00,2.72E+16,0,2.72E+16
2025-11-03 22:00:00,1730865380,0,1730865380
2025-11-03 23:00:00,1.22E+16,0,1.22E+16
2025-11-04 00:00:00,1.04E+16,0,1.04E+16
2025-11-04 01:00:00,1.06E+16,0,1.06E+16
2025-11-04 02:00:00,1.08E+16,0,1.08E+16
2025-11-04 03:00:00,9.28544E+15,0,9.28544E+15
2025-11-04 04:00:00,5.65589E+15,0,5.65589E+15
2025-11-04 05:00:00,1.23E+16,0,1.23E+16
2025-11-04 06:00:00,2.32E+16,0,2.32E+16
2025-11-04 07:00:00,3.95913E+15,0,3.95913E+15
2025-11-04 08:00:00,1.37829E+15,0,1.37829E+15
2025-11-04 09:00:00,1.31759E+14,0,1.31759E+14
2025-11-04 10:00:00,3.69385E+14,0,3.69385E+14
2025-11-04 11:00:00,1.99369E+15,0,1.99369E+15
2025-11-04 12:00:00,3.65836E+14,0,3.65836E+14
2025-11-04 13:00:00,1.41577E+15,0,1.41577E+15
2025-11-04 14:00:00,3.39087E+15,0,3.39087E+15
2025-11-04 15:00:00,1.63751E+14,0,1.63751E+14
2025-11-04 16:00:00,1.67911E+15,0,1.67911E+15
2025-11-04 17:00:00,1.37274E+15,0,1.37274E+15
2025-11-04 18:00:00,2.26236E+15,0,2.26236E+15
2025-11-04 19:00:00,3.23E+16,0,3.23E+16
2025-11-04 20:00:00,3.66026E+15,0,3.66026E+15
2025-11-04 21:00:00,2.72E+16,0,2.72E+16
2025-11-04 22:00:00,1730865380,0,1730865380
2025-11-04 23:00:00,1.22E+16,0,1.22E+16
2025-11-05 00:00:00,1.04E+16,0,1.04E+16
2025-11-05 01:00:00,1.06E+16,0,1.06E+16
2025-11-05 02:00:00,1.08E+16,0,1.08E+16
2025-11-05 03:00:00,9.28544E+15,0,9.28544E+15
2025-11-05 04:00:00,5.65589E+15,0,5.65589E+15
2025-11-05 05:00:00,1.23E+16,0,1.23E+16
2025-11-05 06:00:00,2.32E+16,0,2.32E+16
2025-11-05 07:00:00,3.95913E+15,0,3.95913E+15
2025-11-05 08:00:00,1.37829E+15,44.002,1.37829E+15
2025-11-05 09:00:00,1.31759E+14,77.009,1.31759E+14
2025-11-05 10:00:00,3.69385E+14,77.016,3.69385E+14
2025-11-05 11:00:00,1.99369E+15,10.236,1.99369E+15
2025-11-05 12:00:00,3.65836E+14,0,3.65836E+14
2025-11-05 13:00:00,1.41577E+15,0,1.41577E+15
2025-11-05 14:00:00,3.39087E+15,0,3.39087E+15
2025-11-05 15:00:00,1.63751E+14,0,1.63751E+14
2025-11-05 16:00:00,1.67911E+15,0,1.67911E+15
2025-11-05 17:00:00,1.37274E+15,0,1.37274E+15
2025-11-05 18:00:00,2.26236E+15,0,2.26236E+15
2025-11-05 19:00:00,3.23E+16,73.356,3.23E+16
2025-11-05 20:00:00,3.66026E+15,73.401,3.66026E+15
2025-11-05 21:00:00,2.72E+16,43.621,2.72E+16
2025-11-05 22:00:00,1730865380,11.433,1730865391
2025-11-05 23:00:00,1.22E+16,8.2826,1.22E+16
2025-11-06 00:00:00,8.13927E+14,7.7436,8.13927E+14
2025-11-06 01:00:00,8.90338E+15,7.6282,8.90338E+15
2025-11-06 02:00:00,9.09441E+15,7.5822,9.09441E+15
2025-11-06 03:00:00,6.80207E+15,7.5639,6.80207E+15
2025-11-06 04:00:00,6.61104E+14,7.5571,6.61104E+14
2025-11-06 05:00:00,1.06E+16,7.5568,1.06E+16
2025-11-06 06:00:00,1.46342E+15,7.5566,1.46342E+15
2025-11-06 07:00:00,1.60E+16,36.1721,1.60E+16
2025-11-06 08:00:00,3.35461E+15,34.186,3.35461E+15
2025-11-06 09:00:00,1.70427E+15,98.989,1.70427E+15
2025-11-06 10:00:00,3.02236E+15,55.011,3.02236E+15
2025-11-06 11:00:00,2.73582E+15,32.237,2.73582E+15
2025-11-06 12:00:00,1.64696E+15,22.002,1.64696E+15
2025-11-06 13:00:00,3.9277E+15,22.003,3.9277E+15
2025-11-06 14:00:00,2.51E+16,0,2.51E+16
2025-11-06 15:00:00,2.57E+16,0,2.57E+16
2025-11-06 16:00:00,2.28485E+15,0,2.28485E+15
2025-11-06 17:00:00,2.30E+16,0,2.30E+16
2025-11-06 18:00:00,2.53319E+15,45.976,2.53319E+15
2025-11-06 19:00:00,2.53319E+15,73.367,2.53319E+15
2025-11-06 20:00:00,2.20844E+15,73.352,2.20844E+15
2025-11-06 21:00:00,1.33E+16,8.9016,1.33E+16
2025-11-06 22:00:00,1.22E+16,8.1344,1.22E+16
2025-11-06 23:00:00,1.33E+16,7.644,1.33E+16
2025-11-07 00:00:00,7.94824E+15,7.5865,7.94824E+15
2025-11-07 01:00:00,8.90338E+15,7.5681,8.90338E+15
2025-11-07 02:00:00,9.09441E+15,7.5613,9.09441E+15
2025-11-07 03:00:00,6.80207E+15,7.5589,6.80207E+15
2025-11-07 04:00:00,6.61104E+14,7.5581,6.61104E+14
2025-11-07 05:00:00,1.06E+16,7.5578,1.06E+16
2025-11-07 06:00:00,1.48253E+15,25.958,1.48253E+15
2025-11-07 07:00:00,1.38701E+15,73.403,1.38701E+15
2025-11-07 08:00:00,1.60E+16,16.56,1.60E+16
2025-11-07 09:00:00,1.83E+16,67.42616,1.83E+16
2025-11-07 10:00:00,1730865380,53.433,1730865433
2025-11-07 11:00:00,2.00E+16,14.496,2.00E+16
2025-11-07 12:00:00,2036511536,0,2036511536
2025-11-07 13:00:00,1.54E+16,0,1.54E+16
2025-11-07 14:00:00,1.55894E+15,0,1.55894E+15
2025-11-07 15:00:00,2.00E+16,0,2.00E+16
2025-11-07 16:00:00,2.19E+16,0,2.19E+16
2025-11-07 17:00:00,2.07E+16,0,2.07E+16
2025-11-07 18:00:00,2.57E+16,52.704,2.57E+16
2025-11-07 19:00:00,2.55E+16,73.377,2.55E+16
2025-11-07 20:00:00,2.13E+16,63.455,2.13E+16
2025-11-07 21:00:00,1.80728E+15,0,1.80728E+15
2025-11-07 22:00:00,1.38701E+15,0,1.38701E+15
2025-11-07 23:00:00,1.27E+16,0,1.27E+16
2025-11-08 00:00:00,1.04E+16,0,1.04E+16
2025-11-08 01:00:00,1.06E+16,0,1.06E+16
2025-11-08 02:00:00,1.08E+16,0,1.08E+16
2025-11-08 03:00:00,9.28544E+15,0,9.28544E+15
2025-11-08 04:00:00,5.65589E+15,0,5.65589E+15
2025-11-08 05:00:00,1.23E+16,55.001,1.23E+16
2025-11-08 06:00:00,2.32E+16,73.402,2.32E+16
2025-11-08 07:00:00,3.95913E+15,73.403,3.95913E+15
2025-11-08 08:00:00,1.37829E+15,0,1.37829E+15
2025-11-08 09:00:00,1.31759E+14,41.158,1.31759E+14
2025-11-08 10:00:00,3.69385E+14,87.03082,3.69385E+14
2025-11-08 11:00:00,1.99369E+15,33.85,1.99369E+15
2025-11-08 12:00:00,3.65836E+14,22.33,3.65836E+14
2025-11-08 13:00:00,1.41577E+15,20.311,1.41577E+15
2025-11-08 14:00:00,3.39087E+15,22.002,3.39087E+15
2025-11-08 15:00:00,1.63751E+14,0,1.63751E+14
2025-11-08 16:00:00,1.67911E+15,0,1.67911E+15
2025-11-08 17:00:00,1.37274E+15,0,1.37274E+15
2025-11-08 18:00:00,2.26236E+15,52.703,2.26236E+15
2025-11-08 19:00:00,3.23E+16,73.377,3.23E+16
2025-11-08 20:00:00,3.66026E+15,33.83,3.66026E+15
2025-11-08 21:00:00,2.72E+16,8.5142,2.72E+16
2025-11-08 22:00:00,1730865380,7.9325,1730865388
2025-11-08 23:00:00,1.22E+16,7.691,1.22E+16
2025-11-09 00:00:00,1.04E+16,7.5823,1.04E+16
2025-11-09 01:00:00,1.06E+16,7.562,1.06E+16
2025-11-09 02:00:00,1.08E+16,7.5593,1.08E+16
2025-11-09 03:00:00,9.28544E+15,7.5585,9.28544E+15
2025-11-09 04:00:00,5.65589E+15,7.5584,5.65589E+15
2025-11-09 05:00:00,1.23E+16,25.941,1.23E+16
2025-11-09 06:00:00,2.32E+16,73.402,2.32E+16
2025-11-09 07:00:00,3.95913E+15,73.403,3.95913E+15
2025-11-09 08:00:00,1.37829E+15,22.922,1.37829E+15
2025-11-09 09:00:00,1.31759E+14,77.01,1.31759E+14
2025-11-09 10:00:00,3.69385E+14,53.449,3.69385E+14
2025-11-09 11:00:00,1.99369E+15,11.814,1.99369E+15
2025-11-09 12:00:00,3.65836E+14,0,3.65836E+14
2025-11-09 13:00:00,1.41577E+15,0,1.41577E+15
2025-11-09 14:00:00,3.39087E+15,0,3.39087E+15
2025-11-09 15:00:00,1.63751E+14,0,1.63751E+14
2025-11-09 16:00:00,1.67911E+15,0,1.67911E+15
2025-11-09 17:00:00,1.37274E+15,0,1.37274E+15
2025-11-09 18:00:00,2.26236E+15,52.704,2.26236E+15
2025-11-09 19:00:00,3.23E+16,73.378,3.23E+16
2025-11-09 20:00:00,3.66026E+15,73.35,3.66026E+15
2025-11-09 21:00:00,2.72E+16,9.1024,2.72E+16
2025-11-09 22:00:00,1730865380,7.6312,1730865388
2025-11-09 23:00:00,1.22E+16,7.5685,1.22E+16
2025-11-10 00:00:00,1.04E+16,7.5615,1.04E+16
2025-11-10 01:00:00,1.06E+16,7.5591,1.06E+16
2025-11-10 02:00:00,1.08E+16,7.5583,1.08E+16
2025-11-10 03:00:00,9.28544E+15,7.5582,9.28544E+15
2025-11-10 04:00:00,5.65589E+15,7.5581,5.65589E+15
2025-11-10 05:00:00,1.23E+16,7.558,1.23E+16
2025-11-10 06:00:00,2.32E+16,7.558,2.32E+16
2025-11-10 07:00:00,3.95913E+15,7.5579,3.95913E+15
2025-11-10 08:00:00,1.37829E+15,16.548,1.37829E+15
2025-11-10 09:00:00,1.31759E+14,73.402,1.31759E+14
2025-11-10 10:00:00,3.69385E+14,73.404,3.69385E+14
2025-11-10 11:00:00,1.99369E+15,73.405,1.99369E+15
2025-11-10 12:00:00,3.65836E+14,18.402,3.65836E+14
2025-11-10 13:00:00,1.41577E+15,7.4215,1.41577E+15
2025-11-10 14:00:00,3.39087E+15,0,3.39087E+15
2025-11-10 15:00:00,1.63751E+14,0,1.63751E+14
2025-11-10 16:00:00,1.67911E+15,0,1.67911E+15
2025-11-10 17:00:00,1.37274E+15,0,1.37274E+15
2025-11-10 18:00:00,2.26236E+15,0,2.26236E+15
2025-11-10 19:00:00,3.23E+16,0,3.23E+16
2025-11-10 20:00:00,3.66026E+15,0,3.66026E+15
2025-11-10 21:00:00,2.72E+16,0,2.72E+16
2025-11-10 22:00:00,1730865380,0,1730865380
2025-11-10 23:00:00,1.22E+16,0,1.22E+16
2025-11-11 00:00:00,1.04E+16,0,1.04E+16
2025-11-11 01:00:00,1.06E+16,0,1.06E+16
2025-11-11 02:00:00,1.08E+16,0,1.08E+16
2025-11-11 03:00:00,9.28544E+15,0,9.28544E+15
2025-11-11 04:00:00,5.65589E+15,0,5.65589E+15
2025-11-11 05:00:00,1.23E+16,0,1.23E+16
2025-11-11 06:00:00,2.32E+16,0,2.32E+16
2025-11-11 07:00:00,3.95913E+15,0,3.95913E+15
2025-11-11 08:00:00,1.37829E+15,0,1.37829E+15
2025-11-11 09:00:00,1.31759E+14,0,1.31759E+14
2025-11-11 10:00:00,3.69385E+14,0,3.69385E+14
2025-11-11 11:00:00,1.99369E+15,0,1.99369E+15
2025-11-11 12:00:00,3.65836E+14,0,3.65836E+14
2025-11-11 13:00:00,1.41577E+15,0,1.41577E+15
2025-11-11 14:00:00,3.39087E+15,0,3.39087E+15
2025-11-11 15:00:00,1.63751E+14,0,1.63751E+14
2025-11-11 16:00:00,1.67911E+15,0,1.67911E+15
2025-11-11 17:00:00,1.37274E+15,0,1.37274E+15
2025-11-11 18:00:00,2.26236E+15,0,2.26236E+15
2025-11-11 19:00:00,3.23E+16,0,3.23E+16
2025-11-11 20:00:00,3.66026E+15,0,3.66026E+15
2025-11-11 21:00:00,2.72E+16,0,2.72E+16
2025-11-11 22:00:00,1730865380,0,1730865380
2025-11-11 23:00:00,1.22E+16,0,1.22E+16
2025-11-12 00:00:00,1.04E+16,0,1.04E+16
2025-11-12 01:00:00,1.06E+16,0,1.06E+16
2025-11-12 02:00:00,1.08E+16,0,1.08E+16
2025-11-12 03:00:00,9.28544E+15,0,9.28544E+15
2025-11-12 04:00:00,5.65589E+15,0,5.65589E+15
2025-11-12 05:00:00,1.23E+16,0,1.23E+16
2025-11-12 06:00:00,2.32E+16,0,2.32E+16
2025-11-12 07:00:00,3.95913E+15,0,3.95913E+15
2025-11-12 08:00:00,1.37829E+15,29.012,1.37829E+15
2025-11-12 09:00:00,1.31759E+14,76.256,1.31759E+14
2025-11-12 10:00:00,3.69385E+14,33.011,3.69385E+14
2025-11-12 11:00:00,1.99369E+15,10.236,1.99369E+15
2025-11-12 12:00:00,3.65836E+14,0,3.65836E+14
2025-11-12 13:00:00,1.41577E+15,0,1.41577E+15
2025-11-12 14:00:00,3.39087E+15,0,3.39087E+15
2025-11-12 15:00:00,1.63751E+14,0,1.63751E+14
2025-11-12 16:00:00,1.67911E+15,0,1.67911E+15
2025-11-12 17:00:00,1.37274E+15,0,1.37274E+15
2025-11-12 18:00:00,2.26236E+15,0,2.26236E+15
2025-11-12 19:00:00,3.23E+16,73.369,3.23E+16
2025-11-12 20:00:00,3.66026E+15,73.401,3.66026E+15
2025-11-12 21:00:00,2.72E+16,43.494,2.72E+16
2025-11-12 22:00:00,1730865380,11.422,1730865391
2025-11-12 23:00:00,1.22E+16,8.2729,1.22E+16
2025-11-13 00:00:00,8.13927E+14,7.7343,8.13927E+14
2025-11-13 01:00:00,8.90338E+15,7.6191,8.90338E+15
2025-11-13 02:00:00,9.09441E+15,7.5732,9.09441E+15
2025-11-13 03:00:00,6.80207E+15,7.5655,6.80207E+15
2025-11-13 04:00:00,6.61104E+14,7.5591,6.61104E+14
2025-11-13 05:00:00,1.06E+16,7.5581,1.06E+16
2025-11-13 06:00:00,1.46342E+15,7.5573,1.46342E+15
2025-11-13 07:00:00,1.60E+16,59.97,1.60E+16
2025-11-13 08:00:00,3.35461E+15,0,3.35461E+15
2025-11-13 09:00:00,1.70427E+15,66.505,1.70427E+15
2025-11-13 10:00:00,3.02236E+15,96.737,3.02236E+15
2025-11-13 11:00:00,2.73582E+15,44.083,2.73582E+15
2025-11-13 12:00:00,1.64696E+15,22.001,1.64696E+15
2025-11-13 13:00:00,3.9277E+15,22.002,3.9277E+15
2025-11-13 14:00:00,2.51E+16,11.27,2.51E+16
2025-11-13 15:00:00,2.57E+16,8.2801,2.57E+16
2025-11-13 16:00:00,2.28485E+15,0,2.28485E+15
2025-11-13 17:00:00,2.30E+16,0,2.30E+16
2025-11-13 18:00:00,2.53319E+15,45.976,2.53319E+15
2025-11-13 19:00:00,2.53319E+15,73.368,2.53319E+15
2025-11-13 20:00:00,2.20844E+15,63.537,2.20844E+15
2025-11-13 21:00:00,1.33E+16,0,1.33E+16
2025-11-13 22:00:00,1.22E+16,0,1.22E+16
2025-11-13 23:00:00,1.33E+16,0,1.33E+16
2025-11-14 00:00:00,7.94824E+15,0,7.94824E+15
2025-11-14 01:00:00,8.90338E+15,0,8.90338E+15
2025-11-14 02:00:00,9.09441E+15,0,9.09441E+15
2025-11-14 03:00:00,6.80207E+15,0,6.80207E+15
2025-11-14 04:00:00,6.61104E+14,0,6.61104E+14
2025-11-14 05:00:00,1.06E+16,0,1.06E+16
2025-11-14 06:00:00,1.48253E+15,73.401,1.48253E+15
2025-11-14 07:00:00,1.38701E+15,73.403,1.38701E+15
2025-11-14 08:00:00,1.60E+16,0,1.60E+16
2025-11-14 09:00:00,1.83E+16,6.8963,1.83E+16
2025-11-14 10:00:00,1730865380,0,1730865380
2025-11-14 11:00:00,2.00E+16,6.8957,2.00E+16
2025-11-14 12:00:00,2036511536,55.54948,2036511592
2025-11-14 13:00:00,1.54E+16,48.18421,1.54E+16
2025-11-14 14:00:00,1.55894E+15,8.4486,1.55894E+15
2025-11-14 15:00:00,2.00E+16,0,2.00E+16
2025-11-14 16:00:00,2.19E+16,0,2.19E+16
2025-11-14 17:00:00,2.07E+16,0,2.07E+16
2025-11-14 18:00:00,2.57E+16,7.0807,2.57E+16
2025-11-14 19:00:00,2.55E+16,8.1421,2.55E+16
2025-11-14 20:00:00,2.13E+16,7.7827,2.13E+16
2025-11-14 21:00:00,1.80728E+15,7.667,1.80728E+15
2025-11-14 22:00:00,1.38701E+15,7.56,1.38701E+15
2025-11-14 23:00:00,1.27E+16,8.0635,1.27E+16
2025-11-15 00:00:00,1.04E+16,8.0633,1.04E+16
2025-11-15 01:00:00,1.06E+16,8.0631,1.06E+16
2025-11-15 02:00:00,1.08E+16,8.0629,1.08E+16
2025-11-15 03:00:00,9.28544E+15,71.205,9.28544E+15
2025-11-15 04:00:00,5.65589E+15,71.958,5.65589E+15
2025-11-15 05:00:00,1.23E+16,73.401,1.23E+16
2025-11-15 06:00:00,2.32E+16,73.402,2.32E+16
2025-11-15 07:00:00,3.95913E+15,73.403,3.95913E+15
2025-11-15 08:00:00,1.37829E+15,0,1.37829E+15
2025-11-15 09:00:00,1.31759E+14,98.989,1.31759E+14
2025-11-15 10:00:00,3.69385E+14,46.014,3.69385E+14
2025-11-15 11:00:00,1.99369E+15,48.012,1.99369E+15
2025-11-15 12:00:00,3.65836E+14,22.001,3.65836E+14
2025-11-15 13:00:00,1.41577E+15,47.247,1.41577E+15
2025-11-15 14:00:00,3.39087E+15,9.4545,3.39087E+15
2025-11-15 15:00:00,1.63751E+14,0,1.63751E+14
2025-11-15 16:00:00,1.67911E+15,0,1.67911E+15
2025-11-15 17:00:00,1.37274E+15,0,1.37274E+15
2025-11-15 18:00:00,2.26236E+15,52.703,2.26236E+15
2025-11-15 19:00:00,3.23E+16,73.374,3.23E+16
2025-11-15 20:00:00,3.66026E+15,58.717,3.66026E+15
2025-11-15 21:00:00,2.72E+16,0,2.72E+16
2025-11-15 22:00:00,1730865380,0,1730865380
2025-11-15 23:00:00,1.22E+16,0,1.22E+16
2025-11-16 00:00:00,1.04E+16,0,1.04E+16
2025-11-16 01:00:00,1.06E+16,0,1.06E+16
2025-11-16 02:00:00,1.08E+16,0,1.08E+16
2025-11-16 03:00:00,9.28544E+15,0,9.28544E+15
2025-11-16 04:00:00,5.65589E+15,0,5.65589E+15
2025-11-16 05:00:00,1.23E+16,70.918,1.23E+16
2025-11-16 06:00:00,2.32E+16,72.862,2.32E+16
2025-11-16 07:00:00,3.95913E+15,73.403,3.95913E+15
2025-11-16 08:00:00,1.37829E+15,0,1.37829E+15
2025-11-16 09:00:00,1.31759E+14,6.8963,1.31759E+14
2025-11-16 10:00:00,3.69385E+14,77.01,3.69385E+14
2025-11-16 11:00:00,1.99369E+15,33.012,1.99369E+15
2025-11-16 12:00:00,3.65836E+14,0,3.65836E+14
2025-11-16 13:00:00,1.41577E+15,0,1.41577E+15
2025-11-16 14:00:00,3.39087E+15,0,3.39087E+15
2025-11-16 15:00:00,1.63751E+14,0,1.63751E+14
2025-11-16 16:00:00,1.67911E+15,0,1.67911E+15
2025-11-16 17:00:00,1.37274E+15,0,1.37274E+15
2025-11-16 18:00:00,2.26236E+15,52.702,2.26236E+15
2025-11-16 19:00:00,3.23E+16,73.37,3.23E+16
2025-11-16 20:00:00,3.66026E+15,73.358,3.66026E+15
2025-11-16 21:00:00,2.72E+16,9.0117,2.72E+16
2025-11-16 22:00:00,1730865380,7.5502,1730865388
2025-11-16 23:00:00,1.22E+16,8.0124,1.22E+16
2025-11-17 00:00:00,1.04E+16,8.0121,1.04E+16
2025-11-17 01:00:00,1.06E+16,8.0119,1.06E+16
2025-11-17 02:00:00,1.08E+16,8.0116,1.08E+16
2025-11-17 03:00:00,9.28544E+15,8.0114,9.28544E+15
2025-11-17 04:00:00,5.65589E+15,8.0111,5.65589E+15
2025-11-17 05:00:00,1.23E+16,8.0109,1.23E+16
2025-11-17 06:00:00,2.32E+16,8.0106,2.32E+16
2025-11-17 07:00:00,3.95913E+15,8.0104,3.95913E+15
2025-11-17 08:00:00,1.37829E+15,8.0101,1.37829E+15
2025-11-17 09:00:00,1.31759E+14,19.9285,1.31759E+14
2025-11-17 10:00:00,3.69385E+14,43.07847,3.69385E+14
2025-11-17 11:00:00,1.99369E+15,45.19973,1.99369E+15
2025-11-17 12:00:00,3.65836E+14,29.70123,3.65836E+14
2025-11-17 13:00:00,1.41577E+15,18.5345,1.41577E+15
2025-11-17 14:00:00,3.39087E+15,33.18142,3.39087E+15
2025-11-17 15:00:00,1.63751E+14,42.30209,1.63751E+14
2025-11-17 16:00:00,1.67911E+15,6.8965,1.67911E+15
2025-11-17 17:00:00,1.37274E+15,0,1.37274E+15
2025-11-17 18:00:00,2.26236E+15,0,2.26236E+15
2025-11-17 19:00:00,3.23E+16,0,3.23E+16
2025-11-17 20:00:00,3.66026E+15,0,3.66026E+15
2025-11-17 21:00:00,2.72E+16,0,2.72E+16
2025-11-17 22:00:00,1730865380,0,1730865380
2025-11-17 23:00:00,1.22E+16,0,1.22E+16
2025-11-18 00:00:00,1.04E+16,0,1.04E+16
2025-11-18 01:00:00,1.06E+16,0,1.06E+16
2025-11-18 02:00:00,1.08E+16,0,1.08E+16
2025-11-18 03:00:00,9.28544E+15,0,9.28544E+15
2025-11-18 04:00:00,5.65589E+15,0,5.65589E+15
2025-11-18 05:00:00,1.23E+16,0,1.23E+16
2025-11-18 06:00:00,2.32E+16,0,2.32E+16
2025-11-18 07:00:00,3.95913E+15,0,3.95913E+15
2025-11-18 08:00:00,1.37829E+15,43.097,1.37829E+15
2025-11-18 09:00:00,1.31759E+14,10.429,1.31759E+14
2025-11-18 10:00:00,3.69385E+14,0,3.69385E+14
2025-11-18 11:00:00,1.99369E+15,0,1.99369E+15
2025-11-18 12:00:00,3.65836E+14,0,3.65836E+14
2025-11-18 13:00:00,1.41577E+15,0,1.41577E+15
2025-11-18 14:00:00,3.39087E+15,0,3.39087E+15
2025-11-18 15:00:00,1.63751E+14,0,1.63751E+14
2025-11-18 16:00:00,1.67911E+15,0,1.67911E+15
2025-11-18 17:00:00,1.37274E+15,0,1.37274E+15
2025-11-18 18:00:00,2.26236E+15,0,2.26236E+15
2025-11-18 19:00:00,3.23E+16,0,3.23E+16
2025-11-18 20:00:00,3.66026E+15,0,3.66026E+15
2025-11-18 21:00:00,2.72E+16,0,2.72E+16
2025-11-18 22:00:00,1730865380,0,1730865380
2025-11-18 23:00:00,1.22E+16,0,1.22E+16
2025-11-19 00:00:00,1.04E+16,0,1.04E+16
2025-11-19 01:00:00,1.06E+16,0,1.06E+16
2025-11-19 02:00:00,1.08E+16,0,1.08E+16
2025-11-19 03:00:00,9.28544E+15,0,9.28544E+15
2025-11-19 04:00:00,5.65589E+15,0,5.65589E+15
2025-11-19 05:00:00,1.23E+16,0,1.23E+16
2025-11-19 06:00:00,2.32E+16,0,2.32E+16
2025-11-19 07:00:00,3.95913E+15,0,3.95913E+15
2025-11-19 08:00:00,1.37829E+15,16.56,1.37829E+15
2025-11-19 09:00:00,1.31759E+14,51.223,1.31759E+14
2025-11-19 10:00:00,3.69385E+14,25.3426,3.69385E+14
2025-11-19 11:00:00,1.99369E+15,6.9,1.99369E+15
2025-11-19 12:00:00,3.65836E+14,6.9001,3.65836E+14
2025-11-19 13:00:00,1.41577E+15,6.9001,1.41577E+15
2025-11-19 14:00:00,3.39087E+15,6.9001,3.39087E+15
2025-11-19 15:00:00,1.63751E+14,0,1.63751E+14
2025-11-19 16:00:00,1.67911E+15,0,1.67911E+15
2025-11-19 17:00:00,1.37274E+15,0,1.37274E+15
2025-11-19 18:00:00,2.26236E+15,0,2.26236E+15
2025-11-19 19:00:00,3.23E+16,73.348,3.23E+16
2025-11-19 20:00:00,3.66026E+15,73.402,3.66026E+15
2025-11-19 21:00:00,2.72E+16,67.149,2.72E+16
2025-11-19 22:00:00,1730865380,0,1730865380
2025-11-19 23:00:00,1.22E+16,0,1.22E+16
2025-11-20 00:00:00,8.13927E+14,0,8.13927E+14
2025-11-20 01:00:00,8.90338E+15,0,8.90338E+15
2025-11-20 02:00:00,9.09441E+15,0,9.09441E+15
2025-11-20 03:00:00,6.80207E+15,0,6.80207E+15
2025-11-20 04:00:00,6.61104E+14,0,6.61104E+14
2025-11-20 05:00:00,1.06E+16,0,1.06E+16
2025-11-20 06:00:00,1.46342E+15,0,1.46342E+15
2025-11-20 07:00:00,1.60E+16,54.413,1.60E+16
2025-11-20 08:00:00,3.35461E+15,37.382,3.35461E+15
2025-11-20 09:00:00,1.70427E+15,99.008,1.70427E+15
2025-11-20 10:00:00,3.02236E+15,99.016,3.02236E+15
2025-11-20 11:00:00,2.73582E+15,55.24,2.73582E+15
2025-11-20 12:00:00,1.64696E+15,22.002,1.64696E+15
2025-11-20 13:00:00,3.9277E+15,22.003,3.9277E+15
2025-11-20 14:00:00,2.51E+16,0,2.51E+16
2025-11-20 15:00:00,2.57E+16,0,2.57E+16
2025-11-20 16:00:00,2.28485E+15,0,2.28485E+15
2025-11-20 17:00:00,2.30E+16,0,2.30E+16
2025-11-20 18:00:00,2.53319E+15,45.976,2.53319E+15
2025-11-20 19:00:00,2.53319E+15,73.367,2.53319E+15
2025-11-20 20:00:00,2.20844E+15,73.354,2.20844E+15
2025-11-20 21:00:00,1.33E+16,7.4149,1.33E+16
2025-11-20 22:00:00,1.22E+16,8.0238,1.22E+16
2025-11-20 23:00:00,1.33E+16,8.0235,1.33E+16
2025-11-21 00:00:00,7.94824E+15,8.0233,7.94824E+15
2025-11-21 01:00:00,8.90338E+15,8.023,8.90338E+15
2025-11-21 02:00:00,9.09441E+15,8.0228,9.09441E+15
2025-11-21 03:00:00,6.80207E+15,8.0225,6.80207E+15
2025-11-21 04:00:00,6.61104E+14,8.0223,6.61104E+14
2025-11-21 05:00:00,1.06E+16,8.022,1.06E+16
2025-11-21 06:00:00,1.48253E+15,26.422,1.48253E+15
2025-11-21 07:00:00,1.38701E+15,73.403,1.38701E+15
2025-11-21 08:00:00,1.60E+16,19.055,1.60E+16
2025-11-21 09:00:00,1.83E+16,77.01,1.83E+16
2025-11-21 10:00:00,1730865380,33.011,1730865413
2025-11-21 11:00:00,2.00E+16,10.236,2.00E+16
2025-11-21 12:00:00,2036511536,0,2036511536
2025-11-21 13:00:00,1.54E+16,0,1.54E+16
2025-11-21 14:00:00,1.55894E+15,0,1.55894E+15
2025-11-21 15:00:00,2.00E+16,0,2.00E+16
2025-11-21 16:00:00,2.19E+16,0,2.19E+16
2025-11-21 17:00:00,2.07E+16,0,2.07E+16
2025-11-21 18:00:00,2.57E+16,52.704,2.57E+16
2025-11-21 19:00:00,2.55E+16,73.377,2.55E+16
2025-11-21 20:00:00,2.13E+16,58.688,2.13E+16
2025-11-21 21:00:00,1.80728E+15,0,1.80728E+15
2025-11-21 22:00:00,1.38701E+15,0,1.38701E+15
2025-11-21 23:00:00,1.27E+16,0,1.27E+16
2025-11-22 00:00:00,1.04E+16,0,1.04E+16
2025-11-22 01:00:00,1.06E+16,0,1.06E+16
2025-11-22 02:00:00,1.08E+16,0,1.08E+16
2025-11-22 03:00:00,9.28544E+15,0,9.28544E+15
2025-11-22 04:00:00,5.65589E+15,0,5.65589E+15
2025-11-22 05:00:00,1.23E+16,55.001,1.23E+16
2025-11-22 06:00:00,2.32E+16,73.402,2.32E+16
2025-11-22 07:00:00,3.95913E+15,73.403,3.95913E+15
2025-11-22 08:00:00,1.37829E+15,0,1.37829E+15
2025-11-22 09:00:00,1.31759E+14,99.01,1.31759E+14
2025-11-22 10:00:00,3.69385E+14,55.011,3.69385E+14
2025-11-22 11:00:00,1.99369E+15,32.237,1.99369E+15
2025-11-22 12:00:00,3.65836E+14,22.002,3.65836E+14
2025-11-22 13:00:00,1.41577E+15,22.003,1.41577E+15
2025-11-22 14:00:00,3.39087E+15,0,3.39087E+15
2025-11-22 15:00:00,1.63751E+14,0,1.63751E+14
2025-11-22 16:00:00,1.67911E+15,0,1.67911E+15
2025-11-22 17:00:00,1.37274E+15,0,1.37274E+15
2025-11-22 18:00:00,2.26236E+15,52.704,2.26236E+15
2025-11-22 19:00:00,3.23E+16,73.379,3.23E+16
2025-11-22 20:00:00,3.66026E+15,58.242,3.66026E+15
2025-11-22 21:00:00,2.72E+16,0,2.72E+16
2025-11-22 22:00:00,1730865380,0,1730865380
2025-11-22 23:00:00,1.22E+16,0,1.22E+16
2025-11-23 00:00:00,1.04E+16,0,1.04E+16
2025-11-23 01:00:00,1.06E+16,0,1.06E+16
2025-11-23 02:00:00,1.08E+16,0,1.08E+16
2025-11-23 03:00:00,9.28544E+15,0,9.28544E+15
2025-11-23 04:00:00,5.65589E+15,0,5.65589E+15
2025-11-23 05:00:00,1.23E+16,73.401,1.23E+16
2025-11-23 06:00:00,2.32E+16,73.402,2.32E+16
2025-11-23 07:00:00,3.95913E+15,73.403,3.95913E+15
2025-11-23 08:00:00,1.37829E+15,0,1.37829E+15
2025-11-23 09:00:00,1.31759E+14,29.32426,1.31759E+14
2025-11-23 10:00:00,3.69385E+14,66.11306,3.69385E+14
2025-11-23 11:00:00,1.99369E+15,77.017,1.99369E+15
2025-11-23 12:00:00,3.65836E+14,0,3.65836E+14
2025-11-23 13:00:00,1.41577E+15,0,1.41577E+15
2025-11-23 14:00:00,3.39087E+15,0,3.39087E+15
2025-11-23 15:00:00,1.63751E+14,0,1.63751E+14
2025-11-23 16:00:00,1.67911E+15,0,1.67911E+15
2025-11-23 17:00:00,1.37274E+15,0,1.37274E+15
2025-11-23 18:00:00,2.26236E+15,52.703,2.26236E+15
2025-11-23 19:00:00,3.23E+16,73.374,3.23E+16
2025-11-23 20:00:00,3.66026E+15,64.519,3.66026E+15
2025-11-23 21:00:00,2.72E+16,0,2.72E+16
2025-11-23 22:00:00,1730865380,7.295,1730865387
2025-11-23 23:00:00,1.22E+16,7.2948,1.22E+16
2025-11-24 00:00:00,1.04E+16,7.2946,1.04E+16
2025-11-24 01:00:00,1.06E+16,7.2944,1.06E+16
2025-11-24 02:00:00,1.08E+16,7.2942,1.08E+16
2025-11-24 03:00:00,9.28544E+15,7.294,9.28544E+15
2025-11-24 04:00:00,5.65589E+15,7.2938,5.65589E+15
2025-11-24 05:00:00,1.23E+16,7.2936,1.23E+16
2025-11-24 06:00:00,2.32E+16,7.2934,2.32E+16
2025-11-24 07:00:00,3.95913E+15,7.2932,3.95913E+15
2025-11-24 08:00:00,1.37829E+15,15.7065,1.37829E+15
2025-11-24 09:00:00,1.31759E+14,61.08015,1.31759E+14
2025-11-24 10:00:00,3.69385E+14,71.47103,3.69385E+14
2025-11-24 11:00:00,1.99369E+15,72.27068,1.99369E+15
2025-11-24 12:00:00,3.65836E+14,73.407,3.65836E+14
2025-11-24 13:00:00,1.41577E+15,8.7741,1.41577E+15
2025-11-24 14:00:00,3.39087E+15,0,3.39087E+15
2025-11-24 15:00:00,1.63751E+14,0,1.63751E+14
2025-11-24 16:00:00,1.67911E+15,0,1.67911E+15
2025-11-24 17:00:00,1.37274E+15,0,1.37274E+15
2025-11-24 18:00:00,2.26236E+15,0,2.26236E+15
2025-11-24 19:00:00,3.23E+16,0,3.23E+16
2025-11-24 20:00:00,3.66026E+15,0,3.66026E+15
2025-11-24 21:00:00,2.72E+16,0,2.72E+16
2025-11-24 22:00:00,1730865380,0,1730865380
2025-11-24 23:00:00,1.22E+16,0,1.22E+16
2025-11-25 00:00:00,1.04E+16,0,1.04E+16
2025-11-25 01:00:00,1.06E+16,0,1.06E+16
2025-11-25 02:00:00,1.08E+16,0,1.08E+16
2025-11-25 03:00:00,9.28544E+15,0,9.28544E+15
2025-11-25 04:00:00,5.65589E+15,0,5.65589E+15
2025-11-25 05:00:00,1.23E+16,0,1.23E+16
2025-11-25 06:00:00,2.32E+16,0,2.32E+16
2025-11-25 07:00:00,3.95913E+15,0,3.95913E+15
2025-11-25 08:00:00,1.37829E+15,0,1.37829E+15
2025-11-25 09:00:00,1.31759E+14,0,1.31759E+14
2025-11-25 10:00:00,3.69385E+14,0,3.69385E+14
2025-11-25 11:00:00,1.99369E+15,0,1.99369E+15
2025-11-25 12:00:00,3.65836E+14,0,3.65836E+14
2025-11-25 13:00:00,1.41577E+15,0,1.41577E+15
2025-11-25 14:00:00,3.39087E+15,0,3.39087E+15
2025-11-25 15:00:00,1.63751E+14,0,1.63751E+14
2025-11-25 16:00:00,1.67911E+15,0,1.67911E+15
2025-11-25 17:00:00,1.37274E+15,0,1.37274E+15
2025-11-25 18:00:00,2.26236E+15,0,2.26236E+15
2025-11-25 19:00:00,3.23E+16,0,3.23E+16
2025-11-25 20:00:00,3.66026E+15,0,3.66026E+15
2025-11-25 21:00:00,2.72E+16,0,2.72E+16
2025-11-25 22:00:00,1730865380,0,1730865380
2025-11-25 23:00:00,1.22E+16,0,1.22E+16
2025-11-26 00:00:00,1.04E+16,0,1.04E+16
2025-11-26 01:00:00,1.06E+16,0,1.06E+16
2025-11-26 02:00:00,1.08E+16,0,1.08E+16
2025-11-26 03:00:00,9.28544E+15,0,9.28544E+15
2025-11-26 04:00:00,5.65589E+15,0,5.65589E+15
2025-11-26 05:00:00,1.23E+16,0,1.23E+16
2025-11-26 06:00:00,2.32E+16,0,2.32E+16
2025-11-26 07:00:00,3.95913E+15,0,3.95913E+15
2025-11-26 08:00:00,1.37829E+15,0,1.37829E+15
2025-11-26 09:00:00,1.31759E+14,67.1967,1.31759E+14
2025-11-26 10:00:00,3.69385E+14,77.016,3.69385E+14
2025-11-26 11:00:00,1.99369E+15,13.084,1.99369E+15
2025-11-26 12:00:00,3.65836E+14,0,3.65836E+14
2025-11-26 13:00:00,1.41577E+15,0,1.41577E+15
2025-11-26 14:00:00,3.39087E+15,0,3.39087E+15
2025-11-26 15:00:00,1.63751E+14,0,1.63751E+14
2025-11-26 16:00:00,1.67911E+15,0,1.67911E+15
2025-11-26 17:00:00,1.37274E+15,0,1.37274E+15
2025-11-26 18:00:00,2.26236E+15,0,2.26236E+15
2025-11-26 19:00:00,3.23E+16,73.357,3.23E+16
2025-11-26 20:00:00,3.66026E+15,73.401,3.66026E+15
2025-11-26 21:00:00,2.72E+16,39.183,2.72E+16
2025-11-26 22:00:00,1730865380,10.201,1730865390
2025-11-26 23:00:00,1.22E+16,8.3707,1.22E+16
2025-11-27 00:00:00,8.13927E+14,7.8529,8.13927E+14
2025-11-27 01:00:00,8.90338E+15,7.6176,8.90338E+15
2025-11-27 02:00:00,9.09441E+15,7.568,9.09441E+15
2025-11-27 03:00:00,6.80207E+15,7.5603,6.80207E+15
2025-11-27 04:00:00,6.61104E+14,7.558,6.61104E+14
2025-11-27 05:00:00,1.06E+16,7.5576,1.06E+16
2025-11-27 06:00:00,1.46342E+15,7.5573,1.46342E+15
2025-11-27 07:00:00,1.60E+16,40.497,1.60E+16
2025-11-27 08:00:00,3.35461E+15,0,3.35461E+15
2025-11-27 09:00:00,1.70427E+15,62.423,1.70427E+15
2025-11-27 10:00:00,3.02236E+15,99.014,3.02236E+15
2025-11-27 11:00:00,2.73582E+15,43.485,2.73582E+15
2025-11-27 12:00:00,1.64696E+15,22.001,1.64696E+15
2025-11-27 13:00:00,3.9277E+15,12.504,3.9277E+15
2025-11-27 14:00:00,2.51E+16,0,2.51E+16
2025-11-27 15:00:00,2.57E+16,0,2.57E+16
2025-11-27 16:00:00,2.28485E+15,0,2.28485E+15
2025-11-27 17:00:00,2.30E+16,0,2.30E+16
2025-11-27 18:00:00,2.53319E+15,45.976,2.53319E+15
2025-11-27 19:00:00,2.53319E+15,73.367,2.53319E+15
2025-11-27 20:00:00,2.20844E+15,63.527,2.20844E+15
2025-11-27 21:00:00,1.33E+16,0,1.33E+16
2025-11-27 22:00:00,1.22E+16,0,1.22E+16
2025-11-27 23:00:00,1.33E+16,0,1.33E+16
2025-11-28 00:00:00,7.94824E+15,0,7.94824E+15
2025-11-28 01:00:00,8.90338E+15,0,8.90338E+15
2025-11-28 02:00:00,9.09441E+15,0,9.09441E+15
2025-11-28 03:00:00,6.80207E+15,0,6.80207E+15
2025-11-28 04:00:00,6.61104E+14,0,6.61104E+14
2025-11-28 05:00:00,1.06E+16,0,1.06E+16
2025-11-28 06:00:00,1.48253E+15,73.401,1.48253E+15
2025-11-28 07:00:00,1.38701E+15,73.403,1.38701E+15
2025-11-28 08:00:00,1.60E+16,0,1.60E+16
2025-11-28 09:00:00,1.83E+16,41.61404,1.83E+16
2025-11-28 10:00:00,1730865380,68.00527,1730865448
2025-11-28 11:00:00,2.00E+16,11.792,2.00E+16
2025-11-28 12:00:00,2036511536,19.064,2036511555
2025-11-28 13:00:00,1.54E+16,0,1.54E+16
2025-11-28 14:00:00,1.55894E+15,0,1.55894E+15
2025-11-28 15:00:00,2.00E+16,0,2.00E+16
2025-11-28 16:00:00,2.19E+16,0,2.19E+16
2025-11-28 17:00:00,2.07E+16,0,2.07E+16
2025-11-28 18:00:00,2.57E+16,52.705,2.57E+16
2025-11-28 19:00:00,2.55E+16,73.383,2.55E+16
2025-11-28 20:00:00,2.13E+16,9.7522,2.13E+16
2025-11-28 21:00:00,1.80728E+15,8.3178,1.80728E+15
2025-11-28 22:00:00,1.38701E+15,7.7924,1.38701E+15
2025-11-28 23:00:00,1.27E+16,7.5544,1.27E+16
2025-11-29 00:00:00,1.04E+16,8.0539,1.04E+16
2025-11-29 01:00:00,1.06E+16,8.0537,1.06E+16
2025-11-29 02:00:00,1.08E+16,8.0535,1.08E+16
2025-11-29 03:00:00,9.28544E+15,8.0533,9.28544E+15
2025-11-29 04:00:00,5.65589E+15,8.0531,5.65589E+15
2025-11-29 05:00:00,1.23E+16,73.386,1.23E+16
2025-11-29 06:00:00,2.32E+16,73.402,2.32E+16
2025-11-29 07:00:00,3.95913E+15,73.403,3.95913E+15
2025-11-29 08:00:00,1.37829E+15,0,1.37829E+15
2025-11-29 09:00:00,1.31759E+14,6.8963,1.31759E+14
2025-11-29 10:00:00,3.69385E+14,6.8957,3.69385E+14
2025-11-29 11:00:00,1.99369E+15,6.895,1.99369E+15
2025-11-29 12:00:00,3.65836E+14,6.8943,3.65836E+14
2025-11-29 13:00:00,1.41577E+15,27.721,1.41577E+15
2025-11-29 14:00:00,3.39087E+15,21.3337,3.39087E+15
2025-11-29 15:00:00,1.63751E+14,22.001,1.63751E+14
2025-11-29 16:00:00,1.67911E+15,22.001,1.67911E+15
2025-11-29 17:00:00,1.37274E+15,0,1.37274E+15
2025-11-29 18:00:00,2.26236E+15,0,2.26236E+15
2025-11-29 19:00:00,3.23E+16,7.5619,3.23E+16
2025-11-29 20:00:00,3.66026E+15,7.5607,3.66026E+15
2025-11-29 21:00:00,2.72E+16,7.56,2.72E+16
2025-11-29 22:00:00,1730865380,7.5598,1730865388
2025-11-29 23:00:00,1.22E+16,7.5595,1.22E+16
2025-11-30 00:00:00,1.04E+16,8.066,1.04E+16
2025-11-30 01:00:00,1.06E+16,8.0658,1.06E+16
2025-11-30 02:00:00,1.08E+16,8.0656,1.08E+16
2025-11-30 03:00:00,9.28544E+15,26.464,9.28544E+15
2025-11-30 04:00:00,5.65589E+15,73.368,5.65589E+15
2025-11-30 05:00:00,1.23E+16,73.335,1.23E+16
2025-11-30 06:00:00,2.32E+16,73.402,2.32E+16
2025-11-30 07:00:00,3.95913E+15,73.403,3.95913E+15
2025-11-30 08:00:00,1.37829E+15,0,1.37829E+15
2025-11-30 09:00:00,1.31759E+14,28.77637,1.31759E+14
2025-11-30 10:00:00,3.69385E+14,28.27979,3.69385E+14
2025-11-30 11:00:00,1.99369E+15,32.953,1.99369E+15
2025-11-30 12:00:00,3.65836E+14,37.91462,3.65836E+14
2025-11-30 13:00:00,1.41577E+15,36.11273,1.41577E+15
2025-11-30 14:00:00,3.39087E+15,27.3778,3.39087E+15
2025-11-30 15:00:00,1.63751E+14,6.9,1.63751E+14
2025-11-30 16:00:00,1.67911E+15,0,1.67911E+15
2025-11-30 17:00:00,1.37274E+15,0,1.37274E+15
2025-11-30 18:00:00,2.26236E+15,0,2.26236E+15
2025-11-30 19:00:00,3.23E+16,7.6265,3.23E+16
2025-11-30 20:00:00,3.66026E+15,7.5772,3.66026E+15
2025-11-30 21:00:00,2.72E+16,7.5694,2.72E+16
2025-11-30 22:00:00,1730865380,7.5628,1730865388
2025-11-30 23:00:00,1.22E+16,7.5603,1.22E+16
2025-12-01 00:00:00,1.04E+16,7.5596,1.04E+16
2025-12-01 01:00:00,1.06E+16,8.066,1.06E+16
2025-12-01 02:00:00,1.08E+16,8.0658,1.08E+16
2025-12-01 03:00:00,9.28544E+15,8.0656,9.28544E+15
2025-12-01 04:00:00,5.65589E+15,8.0654,5.65589E+15
2025-12-01 05:00:00,1.23E+16,8.0652,1.23E+16
2025-12-01 06:00:00,2.32E+16,8.065,2.32E+16
2025-12-01 07:00:00,3.95913E+15,8.0648,3.95913E+15
2025-12-01 08:00:00,1.37829E+15,8.0646,1.37829E+15
2025-12-01 09:00:00,1.31759E+14,25.824,1.31759E+14
2025-12-01 10:00:00,3.69385E+14,21.70654,3.69385E+14
2025-12-01 11:00:00,1.99369E+15,26.778,1.99369E+15
2025-12-01 12:00:00,3.65836E+14,35.615,3.65836E+14
2025-12-01 13:00:00,1.41577E+15,56.472,1.41577E+15
2025-12-01 14:00:00,3.39087E+15,69.317,3.39087E+15
2025-12-01 15:00:00,1.63751E+14,39.707,1.63751E+14
2025-12-01 16:00:00,1.67911E+15,7.621,1.67911E+15
2025-12-01 17:00:00,1.37274E+15,7.5893,1.37274E+15
2025-12-01 18:00:00,2.26236E+15,7.5713,2.26236E+15
2025-12-01 19:00:00,3.23E+16,7.5644,3.23E+16
2025-12-01 20:00:00,3.66026E+15,7.5578,3.66026E+15
2025-12-01 21:00:00,2.72E+16,7.5573,2.72E+16
2025-12-01 22:00:00,1730865380,7.557,1730865388
2025-12-01 23:00:00,1.22E+16,7.5568,1.22E+16
2025-12-02 00:00:00,1.04E+16,7.5567,1.04E+16
2025-12-02 01:00:00,1.06E+16,0,1.06E+16
2025-12-02 02:00:00,1.08E+16,0,1.08E+16
2025-12-02 03:00:00,9.28544E+15,0,9.28544E+15
2025-12-02 04:00:00,5.65589E+15,0,5.65589E+15
2025-12-02 05:00:00,1.23E+16,0,1.23E+16
2025-12-02 06:00:00,2.32E+16,0,2.32E+16
2025-12-02 07:00:00,3.95913E+15,0,3.95913E+15
2025-12-02 08:00:00,1.37829E+15,0,1.37829E+15
2025-12-02 09:00:00,1.31759E+14,14.2338,1.31759E+14
2025-12-02 10:00:00,3.69385E+14,6.8974,3.69385E+14
2025-12-02 11:00:00,1.99369E+15,0,1.99369E+15
2025-12-02 12:00:00,3.65836E+14,15.3401,3.65836E+14
2025-12-02 13:00:00,1.41577E+15,21.06504,1.41577E+15
2025-12-02 14:00:00,3.39087E+15,6.897,3.39087E+15
2025-12-02 15:00:00,1.63751E+14,0,1.63751E+14
2025-12-02 16:00:00,1.67911E+15,0,1.67911E+15
2025-12-02 17:00:00,1.37274E+15,0,1.37274E+15
2025-12-02 18:00:00,2.26236E+15,0,2.26236E+15
2025-12-02 19:00:00,3.23E+16,0,3.23E+16
2025-12-02 20:00:00,3.66026E+15,0,3.66026E+15
2025-12-02 21:00:00,2.72E+16,0,2.72E+16
2025-12-02 22:00:00,1730865380,0,1730865380
2025-12-02 23:00:00,1.22E+16,0,1.22E+16
2025-12-03 00:00:00,1.04E+16,0,1.04E+16
2025-12-03 01:00:00,1.06E+16,0,1.06E+16
2025-12-03 02:00:00,1.08E+16,0,1.08E+16
2025-12-03 03:00:00,9.28544E+15,0,9.28544E+15
2025-12-03 04:00:00,5.65589E+15,0,5.65589E+15
2025-12-03 05:00:00,1.23E+16,0,1.23E+16
2025-12-03 06:00:00,2.32E+16,0,2.32E+16
2025-12-03 07:00:00,3.95913E+15,18.401,3.95913E+15
2025-12-03 08:00:00,1.37829E+15,0,1.37829E+15
2025-12-03 09:00:00,1.31759E+14,32.946,1.31759E+14
2025-12-03 10:00:00,3.69385E+14,34.982,3.69385E+14
2025-12-03 11:00:00,1.99369E+15,49.01078,1.99369E+15
2025-12-03 12:00:00,3.65836E+14,77.013,3.65836E+14
2025-12-03 13:00:00,1.41577E+15,24.017,1.41577E+15
2025-12-03 14:00:00,3.39087E+15,0,3.39087E+15
2025-12-03 15:00:00,1.63751E+14,0,1.63751E+14
2025-12-03 16:00:00,1.67911E+15,0,1.67911E+15
2025-12-03 17:00:00,1.37274E+15,0,1.37274E+15
2025-12-03 18:00:00,2.26236E+15,13.211,2.26236E+15
2025-12-03 19:00:00,3.23E+16,73.363,3.23E+16
2025-12-03 20:00:00,3.66026E+15,73.346,3.66026E+15
2025-12-03 21:00:00,2.72E+16,15.123,2.72E+16
2025-12-03 22:00:00,1730865380,7.4525,1730865387
2025-12-03 23:00:00,1.22E+16,7.8353,1.22E+16
2025-12-04 00:00:00,8.13927E+14,7.8351,8.13927E+14
2025-12-04 01:00:00,8.90338E+15,7.8348,8.90338E+15
2025-12-04 02:00:00,9.09441E+15,7.8346,9.09441E+15
2025-12-04 03:00:00,6.80207E+15,7.8344,6.80207E+15
2025-12-04 04:00:00,6.61104E+14,7.8341,6.61104E+14
2025-12-04 05:00:00,1.06E+16,7.8339,1.06E+16
2025-12-04 06:00:00,1.46342E+15,26.234,1.46342E+15
2025-12-04 07:00:00,1.60E+16,73.403,1.60E+16
2025-12-04 08:00:00,3.35461E+15,0,3.35461E+15
2025-12-04 09:00:00,1.70427E+15,62.30534,1.70427E+15
2025-12-04 10:00:00,3.02236E+15,99.004,3.02236E+15
2025-12-04 11:00:00,2.73582E+15,25.512,2.73582E+15
2025-12-04 12:00:00,1.64696E+15,15.59,1.64696E+15
2025-12-04 13:00:00,3.9277E+15,8.2763,3.9277E+15
2025-12-04 14:00:00,2.51E+16,13.24,2.51E+16
2025-12-04 15:00:00,2.57E+16,12.8109,2.57E+16
2025-12-04 16:00:00,2.28485E+15,8.7219,2.28485E+15
2025-12-04 17:00:00,2.30E+16,0,2.30E+16
2025-12-04 18:00:00,2.53319E+15,14.67,2.53319E+15
2025-12-04 19:00:00,2.53319E+15,7.5336,2.53319E+15
2025-12-04 20:00:00,2.20844E+15,7.9723,2.20844E+15
2025-12-04 21:00:00,1.33E+16,7.9721,1.33E+16
2025-12-04 22:00:00,1.22E+16,7.972,1.22E+16
2025-12-04 23:00:00,1.33E+16,7.9718,1.33E+16
2025-12-05 00:00:00,7.94824E+15,7.9716,7.94824E+15
2025-12-05 01:00:00,8.90338E+15,7.9714,8.90338E+15
2025-12-05 02:00:00,9.09441E+15,7.9712,9.09441E+15
2025-12-05 03:00:00,6.80207E+15,26.369,6.80207E+15
2025-12-05 04:00:00,6.61104E+14,73.363,6.61104E+14
2025-12-05 05:00:00,1.06E+16,73.346,1.06E+16
2025-12-05 06:00:00,1.48253E+15,73.402,1.48253E+15
2025-12-05 07:00:00,1.38701E+15,73.403,1.38701E+15
2025-12-05 08:00:00,1.60E+16,0,1.60E+16
2025-12-05 09:00:00,1.83E+16,6.8965,1.83E+16
2025-12-05 10:00:00,1730865380,50.04109,1730865430
2025-12-05 11:00:00,2.00E+16,77.015,2.00E+16
2025-12-05 12:00:00,2036511536,13.63,2036511550
2025-12-05 13:00:00,1.54E+16,0,1.54E+16
2025-12-05 14:00:00,1.55894E+15,0,1.55894E+15
2025-12-05 15:00:00,2.00E+16,0,2.00E+16
2025-12-05 16:00:00,2.19E+16,0,2.19E+16
2025-12-05 17:00:00,2.07E+16,0,2.07E+16
2025-12-05 18:00:00,2.57E+16,47.773,2.57E+16
2025-12-05 19:00:00,2.55E+16,42.542,2.55E+16
2025-12-05 20:00:00,2.13E+16,10.112,2.13E+16
2025-12-05 21:00:00,1.80728E+15,8.2461,1.80728E+15
2025-12-05 22:00:00,1.38701E+15,7.7227,1.38701E+15
2025-12-05 23:00:00,1.27E+16,7.6055,1.27E+16
2025-12-06 00:00:00,1.04E+16,7.5591,1.04E+16
2025-12-06 01:00:00,1.06E+16,8.0641,1.06E+16
2025-12-06 02:00:00,1.08E+16,8.0639,1.08E+16
2025-12-06 03:00:00,9.28544E+15,8.0637,9.28544E+15
2025-12-06 04:00:00,5.65589E+15,26.26,5.65589E+15
2025-12-06 05:00:00,1.23E+16,73.347,1.23E+16
2025-12-06 06:00:00,2.32E+16,73.402,2.32E+16
2025-12-06 07:00:00,3.95913E+15,73.403,3.95913E+15
2025-12-06 08:00:00,1.37829E+15,0,1.37829E+15
2025-12-06 09:00:00,1.31759E+14,6.8967,1.31759E+14
2025-12-06 10:00:00,3.69385E+14,69.18118,3.69385E+14
2025-12-06 11:00:00,1.99369E+15,52.21,1.99369E+15
2025-12-06 12:00:00,3.65836E+14,36.93301,3.65836E+14
2025-12-06 13:00:00,1.41577E+15,19.613,1.41577E+15
2025-12-06 14:00:00,3.39087E+15,18.022,3.39087E+15
2025-12-06 15:00:00,1.63751E+14,22.0009,1.63751E+14
2025-12-06 16:00:00,1.67911E+15,22.001,1.67911E+15
2025-12-06 17:00:00,1.37274E+15,0,1.37274E+15
2025-12-06 18:00:00,2.26236E+15,0,2.26236E+15
2025-12-06 19:00:00,3.23E+16,7.5943,3.23E+16
2025-12-06 20:00:00,3.66026E+15,7.5745,3.66026E+15
2025-12-06 21:00:00,2.72E+16,7.5673,2.72E+16
2025-12-06 22:00:00,1730865380,7.5606,1730865388
2025-12-06 23:00:00,1.22E+16,7.5597,1.22E+16
2025-12-07 00:00:00,1.04E+16,7.5597,1.04E+16
2025-12-07 01:00:00,1.06E+16,7.5596,1.06E+16
2025-12-07 02:00:00,1.08E+16,7.5596,1.08E+16
2025-12-07 03:00:00,9.28544E+15,69.149,9.28544E+15
2025-12-07 04:00:00,5.65589E+15,70.146,5.65589E+15
2025-12-07 05:00:00,1.23E+16,71.738,1.23E+16
2025-12-07 06:00:00,2.32E+16,73.402,2.32E+16
2025-12-07 07:00:00,3.95913E+15,73.403,3.95913E+15
2025-12-07 08:00:00,1.37829E+15,0,1.37829E+15
2025-12-07 09:00:00,1.31759E+14,73.66046,1.31759E+14
2025-12-07 10:00:00,3.69385E+14,33.01,3.69385E+14
2025-12-07 11:00:00,1.99369E+15,0,1.99369E+15
2025-12-07 12:00:00,3.65836E+14,0,3.65836E+14
2025-12-07 13:00:00,1.41577E+15,0,1.41577E+15
2025-12-07 14:00:00,3.39087E+15,0,3.39087E+15
2025-12-07 15:00:00,1.63751E+14,0,1.63751E+14
2025-12-07 16:00:00,1.67911E+15,0,1.67911E+15
2025-12-07 17:00:00,1.37274E+15,0,1.37274E+15
2025-12-07 18:00:00,2.26236E+15,52.702,2.26236E+15
2025-12-07 19:00:00,3.23E+16,73.371,3.23E+16
2025-12-07 20:00:00,3.66026E+15,73.339,3.66026E+15
2025-12-07 21:00:00,2.72E+16,8.9835,2.72E+16
2025-12-07 22:00:00,1730865380,7.525,1730865388
2025-12-07 23:00:00,1.22E+16,7.9872,1.22E+16
2025-12-08 00:00:00,1.04E+16,7.987,1.04E+16
2025-12-08 01:00:00,1.06E+16,7.9868,1.06E+16
2025-12-08 02:00:00,1.08E+16,7.9865,1.08E+16
2025-12-08 03:00:00,9.28544E+15,7.9863,9.28544E+15
2025-12-08 04:00:00,5.65589E+15,7.986,5.65589E+15
2025-12-08 05:00:00,1.23E+16,7.9858,1.23E+16
2025-12-08 06:00:00,2.32E+16,7.9855,2.32E+16
2025-12-08 07:00:00,3.95913E+15,7.9853,3.95913E+15
2025-12-08 08:00:00,1.37829E+15,6.8986,1.37829E+15
2025-12-08 09:00:00,1.31759E+14,54.54992,1.31759E+14
2025-12-08 10:00:00,3.69385E+14,73.404,3.69385E+14
2025-12-08 11:00:00,1.99369E+15,73.405,1.99369E+15
2025-12-08 12:00:00,3.65836E+14,18.402,3.65836E+14
2025-12-08 13:00:00,1.41577E+15,12.726,1.41577E+15
2025-12-08 14:00:00,3.39087E+15,0,3.39087E+15
2025-12-08 15:00:00,1.63751E+14,0,1.63751E+14
2025-12-08 16:00:00,1.67911E+15,0,1.67911E+15
2025-12-08 17:00:00,1.37274E+15,0,1.37274E+15
2025-12-08 18:00:00,2.26236E+15,0,2.26236E+15
2025-12-08 19:00:00,3.23E+16,0,3.23E+16
2025-12-08 20:00:00,3.66026E+15,0,3.66026E+15
2025-12-08 21:00:00,2.72E+16,0,2.72E+16
2025-12-08 22:00:00,1730865380,0,1730865380
2025-12-08 23:00:00,1.22E+16,0,1.22E+16
2025-12-09 00:00:00,1.04E+16,0,1.04E+16
2025-12-09 01:00:00,1.06E+16,0,1.06E+16
2025-12-09 02:00:00,1.08E+16,0,1.08E+16
2025-12-09 03:00:00,9.28544E+15,0,9.28544E+15
2025-12-09 04:00:00,5.65589E+15,0,5.65589E+15
2025-12-09 05:00:00,1.23E+16,0,1.23E+16
2025-12-09 06:00:00,2.32E+16,0,2.32E+16
2025-12-09 07:00:00,3.95913E+15,0,3.95913E+15
2025-12-09 08:00:00,1.37829E+15,0,1.37829E+15
2025-12-09 09:00:00,1.31759E+14,0,1.31759E+14
2025-12-09 10:00:00,3.69385E+14,0,3.69385E+14
2025-12-09 11:00:00,1.99369E+15,0,1.99369E+15
2025-12-09 12:00:00,3.65836E+14,0,3.65836E+14
2025-12-09 13:00:00,1.41577E+15,0,1.41577E+15
2025-12-09 14:00:00,3.39087E+15,0,3.39087E+15
2025-12-09 15:00:00,1.63751E+14,0,1.63751E+14
2025-12-09 16:00:00,1.67911E+15,0,1.67911E+15
2025-12-09 17:00:00,1.37274E+15,0,1.37274E+15
2025-12-09 18:00:00,2.26236E+15,0,2.26236E+15
2025-12-09 19:00:00,3.23E+16,0,3.23E+16
2025-12-09 20:00:00,3.66026E+15,0,3.66026E+15
2025-12-09 21:00:00,2.72E+16,0,2.72E+16
2025-12-09 22:00:00,1730865380,0,1730865380
2025-12-09 23:00:00,1.22E+16,0,1.22E+16
2025-12-10 00:00:00,1.04E+16,0,1.04E+16
2025-12-10 01:00:00,1.06E+16,0,1.06E+16
2025-12-10 02:00:00,1.08E+16,0,1.08E+16
2025-12-10 03:00:00,9.28544E+15,0,9.28544E+15
2025-12-10 04:00:00,5.65589E+15,0,5.65589E+15
2025-12-10 05:00:00,1.23E+16,0,1.23E+16
2025-12-10 06:00:00,2.32E+16,0,2.32E+16
2025-12-10 07:00:00,3.95913E+15,0,3.95913E+15
2025-12-10 08:00:00,1.37829E+15,0,1.37829E+15
2025-12-10 09:00:00,1.31759E+14,57.385,1.31759E+14
2025-12-10 10:00:00,3.69385E+14,73.0561,3.69385E+14
2025-12-10 11:00:00,1.99369E+15,66.62,1.99369E+15
2025-12-10 12:00:00,3.65836E+14,0,3.65836E+14
2025-12-10 13:00:00,1.41577E+15,0,1.41577E+15
2025-12-10 14:00:00,3.39087E+15,0,3.39087E+15
2025-12-10 15:00:00,1.63751E+14,0,1.63751E+14
2025-12-10 16:00:00,1.67911E+15,0,1.67911E+15
2025-12-10 17:00:00,1.37274E+15,0,1.37274E+15
2025-12-10 18:00:00,2.26236E+15,0,2.26236E+15
2025-12-10 19:00:00,3.23E+16,73.368,3.23E+16
2025-12-10 20:00:00,3.66026E+15,73.401,3.66026E+15
2025-12-10 21:00:00,2.72E+16,34.927,2.72E+16
2025-12-10 22:00:00,1730865380,8.9751,1730865389
2025-12-10 23:00:00,1.22E+16,7.9603,1.22E+16
2025-12-11 00:00:00,8.13927E+14,7.7076,8.13927E+14
2025-12-11 01:00:00,8.90338E+15,7.5998,8.90338E+15
2025-12-11 02:00:00,9.09441E+15,7.5797,9.09441E+15
2025-12-11 03:00:00,6.80207E+15,7.5622,6.80207E+15
2025-12-11 04:00:00,6.61104E+14,7.5595,6.61104E+14
2025-12-11 05:00:00,1.06E+16,7.5586,1.06E+16
2025-12-11 06:00:00,1.46342E+15,7.5579,1.46342E+15
2025-12-11 07:00:00,1.60E+16,66.543,1.60E+16
2025-12-11 08:00:00,3.35461E+15,0,3.35461E+15
2025-12-11 09:00:00,1.70427E+15,36.4865,1.70427E+15
2025-12-11 10:00:00,3.02236E+15,45.334,3.02236E+15
2025-12-11 11:00:00,2.73582E+15,20.153,2.73582E+15
2025-12-11 12:00:00,1.64696E+15,54.998,1.64696E+15
2025-12-11 13:00:00,3.9277E+15,22,3.9277E+15
2025-12-11 14:00:00,2.51E+16,22.001,2.51E+16
2025-12-11 15:00:00,2.57E+16,8.2724,2.57E+16
2025-12-11 16:00:00,2.28485E+15,22.00131,2.28485E+15
2025-12-11 17:00:00,2.30E+16,0,2.30E+16
2025-12-11 18:00:00,2.53319E+15,45.976,2.53319E+15
2025-12-11 19:00:00,2.53319E+15,73.369,2.53319E+15
2025-12-11 20:00:00,2.20844E+15,41.902,2.20844E+15
2025-12-11 21:00:00,1.33E+16,10.832,1.33E+16
2025-12-11 22:00:00,1.22E+16,7.7706,1.22E+16
2025-12-11 23:00:00,1.33E+16,7.5949,1.33E+16
2025-12-12 00:00:00,7.94824E+15,7.5745,7.94824E+15
2025-12-12 01:00:00,8.90338E+15,7.5677,8.90338E+15
2025-12-12 02:00:00,9.09441E+15,7.5612,9.09441E+15
2025-12-12 03:00:00,6.80207E+15,7.5589,6.80207E+15
2025-12-12 04:00:00,6.61104E+14,7.5587,6.61104E+14
2025-12-12 05:00:00,1.06E+16,7.5586,1.06E+16
2025-12-12 06:00:00,1.48253E+15,73.402,1.48253E+15
2025-12-12 07:00:00,1.38701E+15,73.403,1.38701E+15
2025-12-12 08:00:00,1.60E+16,0,1.60E+16
2025-12-12 09:00:00,1.83E+16,0,1.83E+16
2025-12-12 10:00:00,1730865380,6.8969,1730865387
2025-12-12 11:00:00,2.00E+16,25.4169,2.00E+16
2025-12-12 12:00:00,2036511536,37.73578,2036511574
2025-12-12 13:00:00,1.54E+16,52.79246,1.54E+16
2025-12-12 14:00:00,1.55894E+15,19.688,1.55894E+15
2025-12-12 15:00:00,2.00E+16,11.502,2.00E+16
2025-12-12 16:00:00,2.19E+16,0,2.19E+16
2025-12-12 17:00:00,2.07E+16,0,2.07E+16
2025-12-12 18:00:00,2.57E+16,16.217,2.57E+16
2025-12-12 19:00:00,2.55E+16,24.24,2.55E+16
2025-12-12 20:00:00,2.13E+16,8.4797,2.13E+16
2025-12-12 21:00:00,1.80728E+15,7.863,1.80728E+15
2025-12-12 22:00:00,1.38701E+15,7.6194,1.38701E+15
2025-12-12 23:00:00,1.27E+16,7.5687,1.27E+16
2025-12-13 00:00:00,1.04E+16,7.561,1.04E+16
2025-12-13 01:00:00,1.06E+16,7.5601,1.06E+16
2025-12-13 02:00:00,1.08E+16,7.5598,1.08E+16
2025-12-13 03:00:00,9.28544E+15,25.957,9.28544E+15
2025-12-13 04:00:00,5.65589E+15,69.76,5.65589E+15
2025-12-13 05:00:00,1.23E+16,71.286,1.23E+16
2025-12-13 06:00:00,2.32E+16,73.402,2.32E+16
2025-12-13 07:00:00,3.95913E+15,73.403,3.95913E+15
2025-12-13 08:00:00,1.37829E+15,0,1.37829E+15
2025-12-13 09:00:00,1.31759E+14,0,1.31759E+14
2025-12-13 10:00:00,3.69385E+14,71.805,3.69385E+14
2025-12-13 11:00:00,1.99369E+15,98.997,1.99369E+15
2025-12-13 12:00:00,3.65836E+14,41.592,3.65836E+14
2025-12-13 13:00:00,1.41577E+15,22.001,1.41577E+15
2025-12-13 14:00:00,3.39087E+15,22.001,3.39087E+15
2025-12-13 15:00:00,1.63751E+14,0,1.63751E+14
2025-12-13 16:00:00,1.67911E+15,0,1.67911E+15
2025-12-13 17:00:00,1.37274E+15,0,1.37274E+15
2025-12-13 18:00:00,2.26236E+15,52.702,2.26236E+15
2025-12-13 19:00:00,3.23E+16,73.373,3.23E+16
2025-12-13 20:00:00,3.66026E+15,57.685,3.66026E+15
2025-12-13 21:00:00,2.72E+16,0,2.72E+16
2025-12-13 22:00:00,1730865380,0,1730865380
2025-12-13 23:00:00,1.22E+16,0,1.22E+16
2025-12-14 00:00:00,1.04E+16,0,1.04E+16
2025-12-14 01:00:00,1.06E+16,0,1.06E+16
2025-12-14 02:00:00,1.08E+16,0,1.08E+16
2025-12-14 03:00:00,9.28544E+15,0,9.28544E+15
2025-12-14 04:00:00,5.65589E+15,0,5.65589E+15
2025-12-14 05:00:00,1.23E+16,70.123,1.23E+16
2025-12-14 06:00:00,2.32E+16,73.11,2.32E+16
2025-12-14 07:00:00,3.95913E+15,73.403,3.95913E+15
2025-12-14 08:00:00,1.37829E+15,0,1.37829E+15
2025-12-14 09:00:00,1.31759E+14,30.03828,1.31759E+14
2025-12-14 10:00:00,3.69385E+14,75.97126,3.69385E+14
2025-12-14 11:00:00,1.99369E+15,67.52556,1.99369E+15
2025-12-14 12:00:00,3.65836E+14,0,3.65836E+14
2025-12-14 13:00:00,1.41577E+15,0,1.41577E+15
2025-12-14 14:00:00,3.39087E+15,0,3.39087E+15
2025-12-14 15:00:00,1.63751E+14,0,1.63751E+14
2025-12-14 16:00:00,1.67911E+15,0,1.67911E+15
2025-12-14 17:00:00,1.37274E+15,0,1.37274E+15
2025-12-14 18:00:00,2.26236E+15,50.076,2.26236E+15
2025-12-14 19:00:00,3.23E+16,46.084,3.23E+16
2025-12-14 20:00:00,3.66026E+15,11.495,3.66026E+15
2025-12-14 21:00:00,2.72E+16,8.3311,2.72E+16
2025-12-14 22:00:00,1730865380,7.7781,1730865388
2025-12-14 23:00:00,1.22E+16,7.6588,1.22E+16
2025-12-15 00:00:00,1.04E+16,7.6117,1.04E+16
2025-12-15 01:00:00,1.06E+16,7.5671,1.06E+16
2025-12-15 02:00:00,1.08E+16,7.5595,1.08E+16
2025-12-15 03:00:00,9.28544E+15,7.5592,9.28544E+15
2025-12-15 04:00:00,5.65589E+15,7.5592,5.65589E+15
2025-12-15 05:00:00,1.23E+16,7.5591,1.23E+16
2025-12-15 06:00:00,2.32E+16,7.5591,2.32E+16
2025-12-15 07:00:00,3.95913E+15,7.559,3.95913E+15
2025-12-15 08:00:00,1.37829E+15,7.55899,1.37829E+15
2025-12-15 09:00:00,1.31759E+14,33.031,1.31759E+14
2025-12-15 10:00:00,3.69385E+14,43.194,3.69385E+14
2025-12-15 11:00:00,1.99369E+15,40.986,1.99369E+15
2025-12-15 12:00:00,3.65836E+14,44.19751,3.65836E+14
2025-12-15 13:00:00,1.41577E+15,57.22962,1.41577E+15
2025-12-15 14:00:00,3.39087E+15,38.49358,3.39087E+15
2025-12-15 15:00:00,1.63751E+14,29.7873,1.63751E+14
2025-12-15 16:00:00,1.67911E+15,0,1.67911E+15
2025-12-15 17:00:00,1.37274E+15,0,1.37274E+15
2025-12-15 18:00:00,2.26236E+15,0,2.26236E+15
2025-12-15 19:00:00,3.23E+16,0,3.23E+16
2025-12-15 20:00:00,3.66026E+15,0,3.66026E+15
2025-12-15 21:00:00,2.72E+16,0,2.72E+16
2025-12-15 22:00:00,1730865380,0,1730865380
2025-12-15 23:00:00,1.22E+16,0,1.22E+16
2025-12-16 00:00:00,1.04E+16,0,1.04E+16
2025-12-16 01:00:00,1.06E+16,0,1.06E+16
2025-12-16 02:00:00,1.08E+16,0,1.08E+16
2025-12-16 03:00:00,9.28544E+15,0,9.28544E+15
2025-12-16 04:00:00,5.65589E+15,0,5.65589E+15
2025-12-16 05:00:00,1.23E+16,0,1.23E+16
2025-12-16 06:00:00,2.32E+16,0,2.32E+16
2025-12-16 07:00:00,3.95913E+15,0,3.95913E+15
2025-12-16 08:00:00,1.37829E+15,0,1.37829E+15
2025-12-16 09:00:00,1.31759E+14,27.22525,1.31759E+14
2025-12-16 10:00:00,3.69385E+14,58.33652,3.69385E+14
2025-12-16 11:00:00,1.99369E+15,13.884,1.99369E+15
2025-12-16 12:00:00,3.65836E+14,0,3.65836E+14
2025-12-16 13:00:00,1.41577E+15,0,1.41577E+15
2025-12-16 14:00:00,3.39087E+15,0,3.39087E+15
2025-12-16 15:00:00,1.63751E+14,0,1.63751E+14
2025-12-16 16:00:00,1.67911E+15,0,1.67911E+15
2025-12-16 17:00:00,1.37274E+15,0,1.37274E+15
2025-12-16 18:00:00,2.26236E+15,0,2.26236E+15
2025-12-16 19:00:00,3.23E+16,0,3.23E+16
2025-12-16 20:00:00,3.66026E+15,0,3.66026E+15
2025-12-16 21:00:00,2.72E+16,0,2.72E+16
2025-12-16 22:00:00,1730865380,0,1730865380
2025-12-16 23:00:00,1.22E+16,0,1.22E+16
2025-12-17 00:00:00,1.04E+16,0,1.04E+16
2025-12-17 01:00:00,1.06E+16,0,1.06E+16
2025-12-17 02:00:00,1.08E+16,0,1.08E+16
2025-12-17 03:00:00,9.28544E+15,0,9.28544E+15
2025-12-17 04:00:00,5.65589E+15,0,5.65589E+15
2025-12-17 05:00:00,1.23E+16,0,1.23E+16
2025-12-17 06:00:00,2.32E+16,0,2.32E+16
2025-12-17 07:00:00,3.95913E+15,0,3.95913E+15
2025-12-17 08:00:00,1.37829E+15,0,1.37829E+15
2025-12-17 09:00:00,1.31759E+14,6.8965,1.31759E+14
2025-12-17 10:00:00,3.69385E+14,49.565,3.69385E+14
2025-12-17 11:00:00,1.99369E+15,26.0615,1.99369E+15
2025-12-17 12:00:00,3.65836E+14,26.1985,3.65836E+14
2025-12-17 13:00:00,1.41577E+15,28.6237,1.41577E+15
2025-12-17 14:00:00,3.39087E+15,10.745,3.39087E+15
2025-12-17 15:00:00,1.63751E+14,0,1.63751E+14
2025-12-17 16:00:00,1.67911E+15,0,1.67911E+15
2025-12-17 17:00:00,1.37274E+15,0,1.37274E+15
2025-12-17 18:00:00,2.26236E+15,0,2.26236E+15
2025-12-17 19:00:00,3.23E+16,73.348,3.23E+16
2025-12-17 20:00:00,3.66026E+15,73.402,3.66026E+15
2025-12-17 21:00:00,2.72E+16,24.995,2.72E+16
2025-12-17 22:00:00,1730865380,9.8668,1730865390
2025-12-17 23:00:00,1.22E+16,8.0264,1.22E+16
2025-12-18 00:00:00,8.13927E+14,7.753,8.13927E+14
2025-12-18 01:00:00,8.90338E+15,7.6446,8.90338E+15
2025-12-18 02:00:00,9.09441E+15,7.5986,9.09441E+15
2025-12-18 03:00:00,6.80207E+15,7.5803,6.80207E+15
2025-12-18 04:00:00,6.61104E+14,7.5628,6.61104E+14
2025-12-18 05:00:00,1.06E+16,7.5601,1.06E+16
2025-12-18 06:00:00,1.46342E+15,7.5577,1.46342E+15
2025-12-18 07:00:00,1.60E+16,36.931,1.60E+16
2025-12-18 08:00:00,3.35461E+15,0,3.35461E+15
2025-12-18 09:00:00,1.70427E+15,6.8963,1.70427E+15
2025-12-18 10:00:00,3.02236E+15,45.733,3.02236E+15
2025-12-18 11:00:00,2.73582E+15,35.3858,2.73582E+15
2025-12-18 12:00:00,1.64696E+15,54.518,1.64696E+15
2025-12-18 13:00:00,3.9277E+15,38.49,3.9277E+15
2025-12-18 14:00:00,2.51E+16,0,2.51E+16
2025-12-18 15:00:00,2.57E+16,0,2.57E+16
2025-12-18 16:00:00,2.28485E+15,0,2.28485E+15
2025-12-18 17:00:00,2.30E+16,22,2.30E+16
2025-12-18 18:00:00,2.53319E+15,22.001,2.53319E+15
2025-12-18 19:00:00,2.53319E+15,7.8966,2.53319E+15
2025-12-18 20:00:00,2.20844E+15,7.8964,2.20844E+15
2025-12-18 21:00:00,1.33E+16,7.8962,1.33E+16
2025-12-18 22:00:00,1.22E+16,7.8961,1.22E+16
2025-12-18 23:00:00,1.33E+16,7.8959,1.33E+16
2025-12-19 00:00:00,7.94824E+15,7.8957,7.94824E+15
2025-12-19 01:00:00,8.90338E+15,7.8955,8.90338E+15
2025-12-19 02:00:00,9.09441E+15,7.8953,9.09441E+15
2025-12-19 03:00:00,6.80207E+15,25.784,6.80207E+15
2025-12-19 04:00:00,6.61104E+14,71.93,6.61104E+14
2025-12-19 05:00:00,1.06E+16,73.401,1.06E+16
2025-12-19 06:00:00,1.48253E+15,73.402,1.48253E+15
2025-12-19 07:00:00,1.38701E+15,73.403,1.38701E+15
2025-12-19 08:00:00,1.60E+16,0,1.60E+16
2025-12-19 09:00:00,1.83E+16,0,1.83E+16
2025-12-19 10:00:00,1730865380,0,1730865380
2025-12-19 11:00:00,2.00E+16,8.3571,2.00E+16
2025-12-19 12:00:00,2036511536,6.8969,2036511543
2025-12-19 13:00:00,1.54E+16,33.551,1.54E+16
2025-12-19 14:00:00,1.55894E+15,35.94982,1.55894E+15
2025-12-19 15:00:00,2.00E+16,0,2.00E+16
2025-12-19 16:00:00,2.19E+16,0,2.19E+16
2025-12-19 17:00:00,2.07E+16,0,2.07E+16
2025-12-19 18:00:00,2.57E+16,0,2.57E+16
2025-12-19 19:00:00,2.55E+16,8.0658,2.55E+16
2025-12-19 20:00:00,2.13E+16,8.0656,2.13E+16
2025-12-19 21:00:00,1.80728E+15,8.0654,1.80728E+15
2025-12-19 22:00:00,1.38701E+15,8.0652,1.38701E+15
2025-12-19 23:00:00,1.27E+16,8.065,1.27E+16
2025-12-20 00:00:00,1.04E+16,8.0648,1.04E+16
2025-12-20 01:00:00,1.06E+16,8.0646,1.06E+16
2025-12-20 02:00:00,1.08E+16,8.0644,1.08E+16
2025-12-20 03:00:00,9.28544E+15,26.129,9.28544E+15
2025-12-20 04:00:00,5.65589E+15,73.241,5.65589E+15
2025-12-20 05:00:00,1.23E+16,73.347,1.23E+16
2025-12-20 06:00:00,2.32E+16,73.402,2.32E+16
2025-12-20 07:00:00,3.95913E+15,73.403,3.95913E+15
2025-12-20 08:00:00,1.37829E+15,0,1.37829E+15
2025-12-20 09:00:00,1.31759E+14,0,1.31759E+14
2025-12-20 10:00:00,3.69385E+14,34.7061,3.69385E+14
2025-12-20 11:00:00,1.99369E+15,0,1.99369E+15
2025-12-20 12:00:00,3.65836E+14,21.0897,3.65836E+14
2025-12-20 13:00:00,1.41577E+15,21.3152,1.41577E+15
2025-12-20 14:00:00,3.39087E+15,21.8097,3.39087E+15
2025-12-20 15:00:00,1.63751E+14,22.0006,1.63751E+14
2025-12-20 16:00:00,1.67911E+15,22.001,1.67911E+15
2025-12-20 17:00:00,1.37274E+15,0,1.37274E+15
2025-12-20 18:00:00,2.26236E+15,33.002,2.26236E+15
2025-12-20 19:00:00,3.23E+16,7.5599,3.23E+16
2025-12-20 20:00:00,3.66026E+15,7.5599,3.66026E+15
2025-12-20 21:00:00,2.72E+16,7.5599,2.72E+16
2025-12-20 22:00:00,1730865380,7.5598,1730865388
2025-12-20 23:00:00,1.22E+16,8.066,1.22E+16
2025-12-21 00:00:00,1.04E+16,8.0658,1.04E+16
2025-12-21 01:00:00,1.06E+16,8.0656,1.06E+16
2025-12-21 02:00:00,1.08E+16,8.0655,1.08E+16
2025-12-21 03:00:00,9.28544E+15,68.835,9.28544E+15
2025-12-21 04:00:00,5.65589E+15,69.838,5.65589E+15
2025-12-21 05:00:00,1.23E+16,71.397,1.23E+16
2025-12-21 06:00:00,2.32E+16,73.402,2.32E+16
2025-12-21 07:00:00,3.95913E+15,73.403,3.95913E+15
2025-12-21 08:00:00,1.37829E+15,0,1.37829E+15
2025-12-21 09:00:00,1.31759E+14,25.8202,1.31759E+14
2025-12-21 10:00:00,3.69385E+14,55.439,3.69385E+14
2025-12-21 11:00:00,1.99369E+15,50.125,1.99369E+15
2025-12-21 12:00:00,3.65836E+14,39.38666,3.65836E+14
2025-12-21 13:00:00,1.41577E+15,60.39024,1.41577E+15
2025-12-21 14:00:00,3.39087E+15,15.132,3.39087E+15
2025-12-21 15:00:00,1.63751E+14,0,1.63751E+14
2025-12-21 16:00:00,1.67911E+15,0,1.67911E+15
2025-12-21 17:00:00,1.37274E+15,0,1.37274E+15
2025-12-21 18:00:00,2.26236E+15,11.579,2.26236E+15
2025-12-21 19:00:00,3.23E+16,13.228,3.23E+16
2025-12-21 20:00:00,3.66026E+15,7.6643,3.66026E+15
2025-12-21 21:00:00,2.72E+16,8.0651,2.72E+16
2025-12-21 22:00:00,1730865380,8.0649,1730865388
2025-12-21 23:00:00,1.22E+16,8.0647,1.22E+16
2025-12-22 00:00:00,1.04E+16,8.0645,1.04E+16
2025-12-22 01:00:00,1.06E+16,8.0643,1.06E+16
2025-12-22 02:00:00,1.08E+16,8.0641,1.08E+16
2025-12-22 03:00:00,9.28544E+15,8.0639,9.28544E+15
2025-12-22 04:00:00,5.65589E+15,8.0636,5.65589E+15
2025-12-22 05:00:00,1.23E+16,8.0634,1.23E+16
2025-12-22 06:00:00,2.32E+16,8.0632,2.32E+16
2025-12-22 07:00:00,3.95913E+15,8.063,3.95913E+15
2025-12-22 08:00:00,1.37829E+15,8.06276,1.37829E+15
2025-12-22 09:00:00,1.31759E+14,15.9693,1.31759E+14
2025-12-22 10:00:00,3.69385E+14,30.034,3.69385E+14
2025-12-22 11:00:00,1.99369E+15,23.631,1.99369E+15
2025-12-22 12:00:00,3.65836E+14,20.95407,3.65836E+14
2025-12-22 13:00:00,1.41577E+15,32.309,1.41577E+15
2025-12-22 14:00:00,3.39087E+15,25.802,3.39087E+15
2025-12-22 15:00:00,1.63751E+14,7.7236,1.63751E+14
2025-12-22 16:00:00,1.67911E+15,9.5056,1.67911E+15
2025-12-22 17:00:00,1.37274E+15,7.8087,1.37274E+15
2025-12-22 18:00:00,2.26236E+15,7.6532,2.26236E+15
2025-12-22 19:00:00,3.23E+16,7.6037,3.23E+16
2025-12-22 20:00:00,3.66026E+15,7.5566,3.66026E+15
2025-12-22 21:00:00,2.72E+16,8.061,2.72E+16
2025-12-22 22:00:00,1730865380,8.0607,1730865388
2025-12-22 23:00:00,1.22E+16,8.0605,1.22E+16
2025-12-23 00:00:00,1.04E+16,8.0602,1.04E+16
2025-12-23 01:00:00,1.06E+16,8.0599,1.06E+16
2025-12-23 02:00:00,1.08E+16,8.0596,1.08E+16
2025-12-23 03:00:00,9.28544E+15,8.0594,9.28544E+15
2025-12-23 04:00:00,5.65589E+15,8.0591,5.65589E+15
2025-12-23 05:00:00,1.23E+16,8.0588,1.23E+16
2025-12-23 06:00:00,2.32E+16,8.0585,2.32E+16
2025-12-23 07:00:00,3.95913E+15,0,3.95913E+15
2025-12-23 08:00:00,1.37829E+15,0,1.37829E+15
2025-12-23 09:00:00,1.31759E+14,31.633,1.31759E+14
2025-12-23 10:00:00,3.69385E+14,59.95252,3.69385E+14
2025-12-23 11:00:00,1.99369E+15,26.146,1.99369E+15
2025-12-23 12:00:00,3.65836E+14,18.401,3.65836E+14
2025-12-23 13:00:00,1.41577E+15,18.401,1.41577E+15
2025-12-23 14:00:00,3.39087E+15,18.4019,3.39087E+15
2025-12-23 15:00:00,1.63751E+14,0,1.63751E+14
2025-12-23 16:00:00,1.67911E+15,0,1.67911E+15
2025-12-23 17:00:00,1.37274E+15,0,1.37274E+15
2025-12-23 18:00:00,2.26236E+15,0,2.26236E+15
2025-12-23 19:00:00,3.23E+16,0,3.23E+16
2025-12-23 20:00:00,3.66026E+15,0,3.66026E+15
2025-12-23 21:00:00,2.72E+16,0,2.72E+16
2025-12-23 22:00:00,1730865380,0,1730865380
2025-12-23 23:00:00,1.22E+16,0,1.22E+16
2025-12-24 00:00:00,1.04E+16,0,1.04E+16
2025-12-24 01:00:00,1.06E+16,0,1.06E+16
2025-12-24 02:00:00,1.08E+16,0,1.08E+16
2025-12-24 03:00:00,9.28544E+15,0,9.28544E+15
2025-12-24 04:00:00,5.65589E+15,0,5.65589E+15
2025-12-24 05:00:00,1.23E+16,0,1.23E+16
2025-12-24 06:00:00,2.32E+16,0,2.32E+16
2025-12-24 07:00:00,3.95913E+15,0,3.95913E+15
2025-12-24 08:00:00,1.37829E+15,0,1.37829E+15
2025-12-24 09:00:00,1.31759E+14,21.0864,1.31759E+14
2025-12-24 10:00:00,3.69385E+14,39.838,3.69385E+14
2025-12-24 11:00:00,1.99369E+15,28.73538,1.99369E+15
2025-12-24 12:00:00,3.65836E+14,0,3.65836E+14
2025-12-24 13:00:00,1.41577E+15,25.2402,1.41577E+15
2025-12-24 14:00:00,3.39087E+15,7.1681,3.39087E+15
2025-12-24 15:00:00,1.63751E+14,0,1.63751E+14
2025-12-24 16:00:00,1.67911E+15,0,1.67911E+15
2025-12-24 17:00:00,1.37274E+15,0,1.37274E+15
2025-12-24 18:00:00,2.26236E+15,0,2.26236E+15
2025-12-24 19:00:00,3.23E+16,7.9581,3.23E+16
2025-12-24 20:00:00,3.66026E+15,7.9579,3.66026E+15
2025-12-24 21:00:00,2.72E+16,7.9577,2.72E+16
2025-12-24 22:00:00,1730865380,7.9575,1730865388
2025-12-24 23:00:00,1.22E+16,7.9572,1.22E+16
2025-12-25 00:00:00,8.13927E+14,7.957,8.13927E+14
2025-12-25 01:00:00,8.90338E+15,7.9568,8.90338E+15
2025-12-25 02:00:00,9.09441E+15,7.9566,9.09441E+15
2025-12-25 03:00:00,6.80207E+15,7.9563,6.80207E+15
2025-12-25 04:00:00,6.61104E+14,25.098,6.61104E+14
2025-12-25 05:00:00,1.06E+16,25.567,1.06E+16
2025-12-25 06:00:00,1.46342E+15,73.402,1.46342E+15
2025-12-25 07:00:00,1.60E+16,73.403,1.60E+16
2025-12-25 08:00:00,3.35461E+15,0,3.35461E+15
2025-12-25 09:00:00,1.70427E+15,0,1.70427E+15
2025-12-25 10:00:00,3.02236E+15,66.425,3.02236E+15
2025-12-25 11:00:00,2.73582E+15,38.334,2.73582E+15
2025-12-25 12:00:00,1.64696E+15,66.106,1.64696E+15
2025-12-25 13:00:00,3.9277E+15,77.267,3.9277E+15
2025-12-25 14:00:00,2.51E+16,61.157,2.51E+16
2025-12-25 15:00:00,2.57E+16,0,2.57E+16
2025-12-25 16:00:00,2.28485E+15,0,2.28485E+15
2025-12-25 17:00:00,2.30E+16,0,2.30E+16
2025-12-25 18:00:00,2.53319E+15,22.001,2.53319E+15
2025-12-25 19:00:00,2.53319E+15,8.8329,2.53319E+15
2025-12-25 20:00:00,2.20844E+15,7.7073,2.20844E+15
2025-12-25 21:00:00,1.33E+16,7.5671,1.33E+16
2025-12-25 22:00:00,1.22E+16,7.5613,1.22E+16
2025-12-25 23:00:00,1.33E+16,7.5605,1.33E+16
2025-12-26 00:00:00,7.94824E+15,7.5603,7.94824E+15
2025-12-26 01:00:00,8.90338E+15,7.5601,8.90338E+15
2025-12-26 02:00:00,9.09441E+15,7.5598,9.09441E+15
2025-12-26 03:00:00,6.80207E+15,68.361,6.80207E+15
2025-12-26 04:00:00,6.61104E+14,69.376,6.61104E+14
2025-12-26 05:00:00,1.06E+16,71.345,1.06E+16
2025-12-26 06:00:00,1.48253E+15,73.402,1.48253E+15
2025-12-26 07:00:00,1.38701E+15,73.403,1.38701E+15
2025-12-26 08:00:00,1.60E+16,0,1.60E+16
2025-12-26 09:00:00,1.83E+16,6.8963,1.83E+16
2025-12-26 10:00:00,1730865380,77.01,1730865457
2025-12-26 11:00:00,2.00E+16,60.711,2.00E+16
2025-12-26 12:00:00,2036511536,0,2036511536
2025-12-26 13:00:00,1.54E+16,0,1.54E+16
2025-12-26 14:00:00,1.55894E+15,0,1.55894E+15
2025-12-26 15:00:00,2.00E+16,0,2.00E+16
2025-12-26 16:00:00,2.19E+16,0,2.19E+16
2025-12-26 17:00:00,2.07E+16,0,2.07E+16
2025-12-26 18:00:00,2.57E+16,52.702,2.57E+16
2025-12-26 19:00:00,2.55E+16,73.371,2.55E+16
2025-12-26 20:00:00,2.13E+16,56.434,2.13E+16
2025-12-26 21:00:00,1.80728E+15,0,1.80728E+15
2025-12-26 22:00:00,1.38701E+15,0,1.38701E+15
2025-12-26 23:00:00,1.27E+16,0,1.27E+16
2025-12-27 00:00:00,1.04E+16,0,1.04E+16
2025-12-27 01:00:00,1.06E+16,0,1.06E+16
2025-12-27 02:00:00,1.08E+16,0,1.08E+16
2025-12-27 03:00:00,9.28544E+15,0,9.28544E+15
2025-12-27 04:00:00,5.65589E+15,0,5.65589E+15
2025-12-27 05:00:00,1.23E+16,53.292,1.23E+16
2025-12-27 06:00:00,2.32E+16,73.402,2.32E+16
2025-12-27 07:00:00,3.95913E+15,73.403,3.95913E+15
2025-12-27 08:00:00,1.37829E+15,0,1.37829E+15
2025-12-27 09:00:00,1.31759E+14,77.62459,1.31759E+14
2025-12-27 10:00:00,3.69385E+14,55.001,3.69385E+14
2025-12-27 11:00:00,1.99369E+15,43.126,1.99369E+15
2025-12-27 12:00:00,3.65836E+14,22,3.65836E+14
2025-12-27 13:00:00,1.41577E+15,22.001,1.41577E+15
2025-12-27 14:00:00,3.39087E+15,22.002,3.39087E+15
2025-12-27 15:00:00,1.63751E+14,0,1.63751E+14
2025-12-27 16:00:00,1.67911E+15,0,1.67911E+15
2025-12-27 17:00:00,1.37274E+15,0,1.37274E+15
2025-12-27 18:00:00,2.26236E+15,52.703,2.26236E+15
2025-12-27 19:00:00,3.23E+16,73.374,3.23E+16
2025-12-27 20:00:00,3.66026E+15,54.194,3.66026E+15
2025-12-27 21:00:00,2.72E+16,0,2.72E+16
2025-12-27 22:00:00,1730865380,0,1730865380
2025-12-27 23:00:00,1.22E+16,0,1.22E+16
2025-12-28 00:00:00,1.04E+16,0,1.04E+16
2025-12-28 01:00:00,1.06E+16,0,1.06E+16
2025-12-28 02:00:00,1.08E+16,0,1.08E+16
2025-12-28 03:00:00,9.28544E+15,0,9.28544E+15
2025-12-28 04:00:00,5.65589E+15,0,5.65589E+15
2025-12-28 05:00:00,1.23E+16,72.399,1.23E+16
2025-12-28 06:00:00,2.32E+16,73.402,2.32E+16
2025-12-28 07:00:00,3.95913E+15,73.403,3.95913E+15
2025-12-28 08:00:00,1.37829E+15,0,1.37829E+15
2025-12-28 09:00:00,1.31759E+14,77.008,1.31759E+14
2025-12-28 10:00:00,3.69385E+14,77.015,3.69385E+14
2025-12-28 11:00:00,1.99369E+15,29.259,1.99369E+15
2025-12-28 12:00:00,3.65836E+14,0,3.65836E+14
2025-12-28 13:00:00,1.41577E+15,0,1.41577E+15
2025-12-28 14:00:00,3.39087E+15,0,3.39087E+15
2025-12-28 15:00:00,1.63751E+14,0,1.63751E+14
2025-12-28 16:00:00,1.67911E+15,0,1.67911E+15
2025-12-28 17:00:00,1.37274E+15,0,1.37274E+15
2025-12-28 18:00:00,2.26236E+15,52.702,2.26236E+15
2025-12-28 19:00:00,3.23E+16,73.372,3.23E+16
2025-12-28 20:00:00,3.66026E+15,71.795,3.66026E+15
2025-12-28 21:00:00,2.72E+16,7.1937,2.72E+16
2025-12-28 22:00:00,1730865380,7.7865,1730865388
2025-12-28 23:00:00,1.22E+16,7.7863,1.22E+16
2025-12-29 00:00:00,1.04E+16,7.7861,1.04E+16
2025-12-29 01:00:00,1.06E+16,7.7859,1.06E+16
2025-12-29 02:00:00,1.08E+16,7.7856,1.08E+16
2025-12-29 03:00:00,9.28544E+15,7.7854,9.28544E+15
2025-12-29 04:00:00,5.65589E+15,7.7852,5.65589E+15
2025-12-29 05:00:00,1.23E+16,7.7849,1.23E+16
2025-12-29 06:00:00,2.32E+16,7.7847,2.32E+16
2025-12-29 07:00:00,3.95913E+15,7.7844,3.95913E+15
2025-12-29 08:00:00,1.37829E+15,7.78421,1.37829E+15
2025-12-29 09:00:00,1.31759E+14,73.403,1.31759E+14
2025-12-29 10:00:00,3.69385E+14,73.404,3.69385E+14
2025-12-29 11:00:00,1.99369E+15,73.406,1.99369E+15
2025-12-29 12:00:00,3.65836E+14,60.256,3.65836E+14
2025-12-29 13:00:00,1.41577E+15,7.717,1.41577E+15
2025-12-29 14:00:00,3.39087E+15,0,3.39087E+15
2025-12-29 15:00:00,1.63751E+14,0,1.63751E+14
2025-12-29 16:00:00,1.67911E+15,0,1.67911E+15
2025-12-29 17:00:00,1.37274E+15,0,1.37274E+15
2025-12-29 18:00:00,2.26236E+15,0,2.26236E+15
2025-12-29 19:00:00,3.23E+16,0,3.23E+16
2025-12-29 20:00:00,3.66026E+15,0,3.66026E+15
2025-12-29 21:00:00,2.72E+16,0,2.72E+16
2025-12-29 22:00:00,1730865380,0,1730865380
2025-12-29 23:00:00,1.22E+16,0,1.22E+16
2025-12-30 00:00:00,1.04E+16,0,1.04E+16
2025-12-30 01:00:00,1.06E+16,0,1.06E+16
2025-12-30 02:00:00,1.08E+16,0,1.08E+16
2025-12-30 03:00:00,9.28544E+15,0,9.28544E+15
2025-12-30 04:00:00,5.65589E+15,0,5.65589E+15
2025-12-30 05:00:00,1.23E+16,0,1.23E+16
2025-12-30 06:00:00,2.32E+16,0,2.32E+16
2025-12-30 07:00:00,3.95913E+15,0,3.95913E+15
2025-12-30 08:00:00,1.37829E+15,0,1.37829E+15
2025-12-30 09:00:00,1.31759E+14,0,1.31759E+14
2025-12-30 10:00:00,3.69385E+14,0,3.69385E+14
2025-12-30 11:00:00,1.99369E+15,0,1.99369E+15
2025-12-30 12:00:00,3.65836E+14,0,3.65836E+14
2025-12-30 13:00:00,1.41577E+15,0,1.41577E+15
2025-12-30 14:00:00,3.39087E+15,0,3.39087E+15
2025-12-30 15:00:00,1.63751E+14,0,1.63751E+14
2025-12-30 16:00:00,1.67911E+15,0,1.67911E+15
2025-12-30 17:00:00,1.37274E+15,0,1.37274E+15
2025-12-30 18:00:00,2.26236E+15,0,2.26236E+15
2025-12-30 19:00:00,3.23E+16,0,3.23E+16
2025-12-30 20:00:00,3.66026E+15,0,3.66026E+15
2025-12-30 21:00:00,2.72E+16,0,2.72E+16
2025-12-30 22:00:00,1730865380,0,1730865380
2025-12-30 23:00:00,1.22E+16,0,1.22E+16
2025-12-31 00:00:00,1.04E+16,0,1.04E+16
2025-12-31 01:00:00,1.06E+16,0,1.06E+16
2025-12-31 02:00:00,1.08E+16,0,1.08E+16
2025-12-31 03:00:00,9.28544E+15,0,9.28544E+15
2025-12-31 04:00:00,5.65589E+15,0,5.65589E+15
2025-12-31 05:00:00,1.23E+16,0,1.23E+16
2025-12-31 06:00:00,2.32E+16,0,2.32E+16
2025-12-31 07:00:00,3.95913E+15,0,3.95913E+15
2025-12-31 08:00:00,1.37829E+15,0,1.37829E+15
2025-12-31 09:00:00,1.31759E+14,49.565,1.31759E+14
2025-12-31 10:00:00,3.69385E+14,77.016,3.69385E+14
2025-12-31 11:00:00,1.99369E+15,10.236,1.99369E+15
2025-12-31 12:00:00,3.65836E+14,0,3.65836E+14
2025-12-31 13:00:00,1.41577E+15,0,1.41577E+15
2025-12-31 14:00:00,3.39087E+15,0,3.39087E+15
2025-12-31 15:00:00,1.63751E+14,0,1.63751E+14
2025-12-31 16:00:00,1.67911E+15,0,1.67911E+15
2025-12-31 17:00:00,1.37274E+15,0,1.37274E+15
2025-12-31 18:00:00,2.26236E+15,0,2.26236E+15
2025-12-31 19:00:00,3.23E+16,73.348,3.23E+16
2025-12-31 20:00:00,3.66026E+15,73.402,3.66026E+15
2025-12-31 21:00:00,2.72E+16,30.16,2.72E+16
2025-12-31 22:00:00,1730865380,7.4254,1730865387
2025-12-31 23:00:00,1.22E+16,7.8111,1.22E+16
